file,bank,addr,label,name,pic,textend,nowrap,zh,en,deepl,checked,notes
bank08_misc2,08,4519,,0,$1a,done,,嗯﹐找死﹗,"OK, I'll risk it!",0,0,
,08,4526,,0,$1a,done,,﹗,!,0,0,
,08,452d,,0,$1a,done,,嗯嗯嗯,"Hahaha

",0,0,
,08,4537,,0,$1a,getchoice String_1cd0,,嗯嗯嗯,"Hahaha

",0,0,
battle_menu,2b,65dd,BattleMenu_HelpText,,,db $ed,1,攻擊道具交換逃跑,AtkMonBagRun,0,0,
battle_messages,2d,4216,BattleText_4216,,,done,,"辰虎：師兄﹐一較高下吧﹗
嚴龍：我不會輸給你的⚬
辰虎：試過才知道﹗
嚴龍：⟨name⟩看你的了⚬","Chen Hu: Senior Brother, let's settle this!
Yan Long: I won't lose to you.
Chen Hu: You'll have to try it to find out!
Yan Long: <name>, it's up to you.",1,0,
,2d,4257,BattleText_4257,,,done,1,⟨trainer⟩：⟨name⟩﹐去吧﹗,"<trainer>: Go,

<name>!",0,0,
,2d,4263,BattleText_4263,,,done,1,⟨trainer⟩：輪到你了﹐⟨name⟩﹗,"<trainer>: Your turn,

<name>!",0,0,
,2d,4273,BattleText_4273,,,done,1,⟨trainer⟩：⟨name⟩﹐就靠你了﹗,"<trainer>: <name>,

it's up to you!",0,0,
,2d,4282,BattleText_4282,,,done,1,⟨trainer⟩：加油吧﹐⟨name⟩﹗,"<trainer>: Good luck,

<name>!",0,0,
,2d,428e,BattleText_428e,,,done,1,⟨trainer⟩：看我的厲害⚬⟨name⟩﹖﹐去吧﹗,"<trainer>: Watch me!

<name>, go!",0,0,
,2d,42a5,BattleText_42a5,,,line,1,⟨trainer⟩：做的不錯﹐⟨name⟩回來吧﹗,"<trainer>: Well done!

<name>, come
back!",0,0,
,2d,42bb,BattleText_42bb,,,done,1,⟨trainer⟩：算了～回來吧﹐⟨name⟩﹗,"<trainer>: Nevermind.

Come back,
<name>!",0,0,
,2d,42cf,BattleText_42cf,,,done,1,⟨trainer⟩：危險﹗回來吧﹐⟨name⟩﹗,"<trainer>: Be

careful!

<name>! Come back!",0,0,
,2d,42e1,BattleText_42e1,,,line,1,⟨name⟩的攻擊～⟨e6⟩～﹗,"<name> used

<e6>!",0,0,
,2d,42ef,BattleText_42ef,,,line,1,⟨name⟩出招了～⟨e6⟩～﹗,"<name> advances!

<e6>!",0,0,
,2d,42fd,BattleText_42fd,,,line,1,⟨name⟩使出了密技～⟨e6⟩～﹗,"<name> used ST

<e6>!",0,0,
,2d,4310,BattleText_4310,,,line,1,⟨name⟩法力聚集了﹗⟨e6⟩～﹗,"<name> gathered

magic power!

<e6>!",0,0,
,2d,4321,BattleText_4321,,,line,1,⟨name⟩全心的攻擊～⟨e6⟩～﹗,"<name> launched

<e6>!",0,0,
,2d,4333,BattleText_4333,,,line,1,⟨name⟩躲過了⋯,<name> dodged...,0,0,
,2d,433c,BattleText_433c,,,line,1,沒有命中⋯,Missed...,0,0,
,2d,4346,BattleText_4346,,,line,1,⟨name⟩似乎躲開了﹗,"<name> seems

to have dodged!",0,0,
,2d,4350,BattleText_4350,,,line,1,被⟨name⟩識破了﹗,"<name> saw

through it!",0,0,
,2d,435b,BattleText_435b,,,line,1,對⟨name⟩起不了任何作用﹗,"No effect on

<name>!",0,0,
,2d,436c,BattleText_436c,,,line,1,效果非常好﹗,Super effective!,0,0,
,2d,4376,BattleText_4376,,,line,1,效果很好﹗,Effective!,0,0,
,2d,437f,BattleText_437f,,,line,1,效果普通﹗,Not too effective!,0,0,
,2d,4389,BattleText_4389,,,line,1,效果不好﹗,Ineffective!,0,0,
,2d,4393,BattleText_4393,,,line,1,⟨name⟩被涷傷了﹗,,0,0,
,2d,439e,BattleText_439e,,,line,1,⟨name⟩被灼傷了﹗,,0,0,
,2d,43a8,BattleText_43a8,,,line,1,⟨name⟩中毒了﹗,,0,0,
,2d,43b0,BattleText_43b0,,,line,1,⟨name⟩混亂了﹗,,0,0,
,2d,43b9,BattleText_43b9,,,line,1,⟨name⟩睡著了﹗,,0,0,
,2d,43c2,BattleText_43c2,,,line,1,⟨name⟩嚇了一跳﹗,,0,0,
,2d,43ce,BattleText_43ce,,,line,1,⟨name⟩麻痺了﹗,,0,0,
,2d,43d6,BattleText_43d6,,,line,1,⟨name⟩的防禦力下降了﹗,,0,0,
,2d,43e4,BattleText_43e4,,,line,1,⟨name⟩的命中率下降了﹗,,0,0,
,2d,43f3,BattleText_43f3,,,line,1,⟨name⟩的速度下降了﹗,,0,0,
,2d,43ff,BattleText_43ff,,,line,1,⟨name⟩將攻擊反彈回去了﹗,,0,0,
,2d,440f,BattleText_440f,,,line,1,⟨name⟩不知怎麼回事的攻擊了自己﹗,,0,0,
,2d,4427,BattleText_4427,,,line,1,⟨name⟩嚇一跳﹐而忘了攻擊﹗,,0,0,
,2d,4439,BattleText_4439,,,line,1,⟨name⟩還沒有醒來⋯,,0,0,
,2d,4444,BattleText_4444,,,line,1,⟨name⟩醒過來了﹗,,0,0,
,2d,444d,BattleText_444d,,,line,1,命中了⟨name⟩的要害﹗﹗,"Hit <name>

critically!!",0,0,
,2d,445c,BattleText_445c,,,line,1,"辰虎：師兄﹐這就是你的程度嗎﹖
巴洛特：可⋯可惡﹗",,0,0,
,2d,4487,BattleText_4487,,,line,1,戰鬥勝利了﹗,,0,0,
,2d,4492,BattleText_4492,,,line,1,辰虎：可惡﹗師兄﹐我會再努力的﹗,,0,0,
,2d,44ac,BattleText_44ac,,,line,1,得到⟨num⟩點經驗值,,0,0,
,2d,44b7,BattleText_44b7,,,line,1,得到⟨num⟩元,,0,0,
,2d,44bf,BattleText_44bf,,,done,1,⟨name⟩升級了﹗,,0,0,
,2d,44c7,BattleText_44c7,,,line,1,⟨e5⟩裝備﹐發揮效用～,,0,0,
,2d,44d6,BattleText_44d6,,,line,1,"⟨name⟩復活﹐並回復
５０％的體力⚬",,0,0,
,2d,44ec,BattleText_44ec,,,line,1,使用～⟨name2⟩,,0,0,
,2d,44f3,BattleText_44f3,,,line,1,使用道具,,0,0,
,2d,44f9,BattleText_44f9,,,line,1,提升⟨name⟩點魔禦力,,0,0,
,2d,4505,BattleText_4505,,,done,1,⟨name⟩學到了新技巧～⟨e6⟩,,0,0,
,2d,4511,BattleText_4511,,,line,1,效果不錯﹗,Works great!,1,0,
,2d,451b,BattleText_451b,,,line,1,效果還可以﹗,Works pretty well!,1,0,
,2d,4525,BattleText_4525,,,line,1,⟨name⟩忍耐中,,0,0,
,2d,452b,BattleText_452b,,,line,1,⟨name⟩忍無可忍,,0,0,
,2d,4534,BattleText_4534,,,line,1,⟨name⟩的防禦力提昇了﹗,,0,0,
,2d,4543,BattleText_4543,,,line,1,⟨name⟩的命中率提昇了﹗,,0,0,
,2d,4552,BattleText_4552,,,line,1,⟨name⟩的速度提昇了﹗,,0,0,
,2d,455e,BattleText_455e,,,line,1,⟨name⟩的攻擊力提昇了﹗,,0,0,
,2d,456d,BattleText_456d,,,line,1,⟨name⟩的命中率提昇了﹗,,0,0,
,2d,457c,BattleText_457c,,,line,1,⟨name⟩獲得先發攻擊﹗,,0,0,
,2d,4588,BattleText_4588,,,line,1,⟨name⟩被封印了一項技巧,,0,0,
,2d,4597,BattleText_4597,,,line,1,⟨name⟩無法動彈,,0,0,
,2d,45a0,BattleText_45a0,,,line,1,⟨name⟩血量回復了,,0,0,
,2d,45aa,BattleText_45aa,,,line,1,⟨name⟩迴避率提昇了,,0,0,
,2d,45b5,BattleText_45b5,,,line,1,⟨name⟩嚇跑了,,0,0,
,2d,45bc,BattleText_45bc,,,line,1,⟨name⟩提昇所有能力,,0,0,
,2d,45c8,BattleText_45c8,,,line,1,⟨name⟩攻擊力下降,,0,0,
,2d,45d1,BattleText_45d1,,,line,1,⟨name⟩命中要害機率提昇,,0,0,
,2d,45e0,BattleText_45e0,,,line,1,⟨name⟩力量儲存中,,0,0,
,2d,45ec,BattleText_45ec,,,line,1,⟨name⟩鑽入地底,,0,0,
,2d,45f5,BattleText_45f5,,,line,1,⟨name⟩被種植寄魂種子,,0,0,
,2d,4602,BattleText_4602,,,line,1,⟨name⟩變成豬了,,0,0,
,2d,460b,BattleText_460b,,,line,1,⟨name⟩使用替身,,0,0,
,2d,4613,BattleText_4613,,,line,1,⟨name⟩飛上天空,,0,0,
,2d,461d,BattleText_461d,,,line,1,⟨name⟩模仿對手技巧,,0,0,
,2d,4629,BattleText_4629,,,line,1,雙方狀態恢復了,,0,0,
,2d,4635,BattleText_4635,,,line,1,⟨name⟩燙傷‧凍傷‧麻痺‧混亂,,0,0,
,2d,464b,BattleText_464b,,,line,1,逃跑成功,Got away safely!,0,0,
,2d,4651,BattleText_4651,,,line,1,逃跑失敗,Can't run!,0,0,
,2d,4657,BattleText_4657,,,line,1,⟨name⟩被收服了,Caught <name>!,0,0,
,2d,4660,BattleText_4660,,,line,1,收服失敗了,"Darn, so close too!",0,0,
,2d,4668,BattleText_4668,,,line,1,⟨name⟩已送回託管盒中,"<name> was sent to

the Box!",0,0,
,2d,4676,BattleText_4676,,,line,1,⟨name⟩的迴避率下降了﹗,"<name>'s less

likely to escape!",0,0,
,2d,4683,BattleText_4683,,,line,1,發現了⟨name⟩,"Encountered

<name>!",0,0,
,2d,468b,BattleText_468b,,,line,1,⟨name⟩出現了,"<name>

appeared!",0,0,
,2d,4693,BattleText_4693,,,line,1,戰鬥失敗,Lost!,0,0,
,2d,469b,BattleText_469b,,,line,1,錢被偷走了,The money was stolen...,0,0,
,2d,46a4,BattleText_46a4,,,line,1,變成⟨name⟩了,"It became
<name>!",0,0,
,2d,46ab,BattleText_46ab,,,line,1,抱歉﹗你的盒子已滿﹗,"Sorry, your box is full!",0,0,
,2d,46bd,BattleText_46bd,,,line,1,寄魂種子﹐發揮效用～,Soul Seed took effect!,0,0,
,2d,46cf,BattleText_46cf,,,line,1,謎的力量儲存中～,The power of the mystery is being stored...,1,0,
buy_sell_cancel,00,1d59,Std_BuySellCancel_String,,,buysellcancel_menu,,買 賣 取消,,0,0,
equipment_names,1e,5268,,,,return,,,,0,0,
,1e,526e,,,,return,,奇蹟膠囊,Mir.Capsule,0,0,
,1e,5274,,,,return,,元氣點滴,Vital Drop,0,0,
,1e,527c,,,,return,,火龍之刺,Fire Spear,0,0,
,1e,5284,,,,return,,人魚之刺,Mer Spear,0,0,
,1e,528c,,,,return,,雷螯之刺,Thd. Spear,0,0,
,1e,5294,,,,return,,石螯之刺,Stone Spear,0,0,
,1e,529c,,,,return,,風娘之刺,Wind Spear,0,0,
,1e,52a4,,,,return,,木靈之刺,Wood Spear,0,0,
,1e,52ab,,,,return,,狂神之刺,Wild Spear,0,0,
,1e,52b1,,,,return,,火龍鱗,Fire Scale,0,0,
,1e,52b7,,,,return,,人魚之淚,Mer Tear,0,0,
,1e,52c0,,,,return,,雷淚甲,Thd. Tear,0,0,
,1e,52c6,,,,return,,石螯之羽,Stn. Feather,0,0,
,1e,52cf,,,,return,,風娘之衣,Wind Cloth,0,0,
,1e,52d8,,,,return,,木靈盾,Wood Shield,0,0,
,1e,52de,,,,return,,鬧鐘,Alarm Clock,0,0,
,1e,52e2,,,,return,,神之守護,Divine Guard,0,0,
,1e,52ea,,,,return,,救護之玉,Healing Jade,0,0,
,1e,52f2,,,,return,,元氣之玉,Vital Jade,0,0,
,1e,52fa,,,,return,,奇蹟之玉,Miracle Jade,0,0,
,1e,5302,,,,return,,幻晶,Phantom Crystal,0,0,
item_names,1e,4f91,,,,return,,,,0,0,
,1e,4f97,,,,return,,怪獸膠囊,M-Capsule,0,0,
,1e,4f9d,,,,return,,極速膠囊,S-Capsule,0,0,
,1e,4fa3,,,,return,,強力膠囊,P-Capsule,0,0,
,1e,4faa,,,,return,,極品膠囊,H-Capsule,0,0,
,1e,4fb0,,,,return,,巴利果實,PearyBerry,0,0,
,1e,4fb7,,,,return,,醫療包,Medkit,0,0,
,1e,4fbe,,,,return,,強效藥,S-Med,0,0,
,1e,4fc4,,,,return,,超濃縮藥,MegaCure,0,0,
,1e,4fcc,,,,return,,健康藥草,Herbs,0,0,
,1e,4fd2,,,,return,,醫療針劑,Injection,0,0,
,1e,4fda,,,,return,,神之花,Godflower,0,0,
,1e,4fdf,,,,return,,解毒針,Antidote,0,0,
,1e,4fe6,,,,return,,麻痺血清,Paraserum,0,0,
,1e,4fed,,,,return,,興奮劑,Stimulant,0,0,
,1e,4ff2,,,,return,,除熱藥膏,Anti-Burn,0,0,
,1e,4ffa,,,,return,,防寒藥膏,Anti-Cold,0,0,
,1e,5001,,,,return,,萬能血清,S-Serum,0,0,
,1e,5009,,,,return,,急救包,First Aid Kit,0,0,
,1e,500e,,,,return,,急救機器,First Aid Mch.,0,0,
,1e,5014,,,,return,,甦生儀,Revive,0,0,
,1e,5019,,,,return,,精力壽司,Pow.Sushi,0,0,
,1e,5020,,,,return,,能源補充,Pow.Boost,0,0,
,1e,5026,,,,return,,營養大餐,Meal,0,0,
,1e,502e,,,,return,,大力針,Pow.Needle,0,0,
,1e,5034,,,,return,,硬化針,Hard Needle,0,0,
,1e,503a,,,,return,,迴避針,Evade Needle,0,0,
,1e,503f,,,,return,,神準針,Acc.Needle,0,0,
,1e,5045,,,,return,,高速針,Spd.Needle,0,0,
,1e,504a,,,,return,,軟化噴霧,SoftSpray,0,0,
,1e,5052,,,,return,,無力針,WeakNeedle,0,0,
,1e,5058,,,,return,,呆滯針,Slg.Needle,0,0,
,1e,505d,,,,return,,刺眼噴霧,DazzSpray,0,0,
,1e,5066,,,,return,,遲緩噴霧,SlowSpray,0,0,
,1e,506e,,,,return,,煙幕彈,SmokeBomb,0,0,
,1e,5073,,,,return,,干擾電波,Sig.Jammer,0,0,
,1e,507b,,,,return,,隱身設備,Cloaker,0,0,
,1e,5083,,,,return,,迴避雷達,DodgeRadar,0,0,
,1e,508b,,,,return,,神奇果實,M-Berry,0,0,
,1e,5092,,,,return,,縮地射線,Escape Ray,0,0,
,1e,5099,,,,return,,祕技１,TM1,0,0,
,1e,50a0,,,,return,,祕技２,TM2,0,0,
,1e,50a7,,,,return,,祕技３,TM3,0,0,
,1e,50ae,,,,return,,祕技４,TM4,0,0,
,1e,50b5,,,,return,,祕技５,TM5,0,0,
,1e,50bc,,,,return,,祕技６,TM6,0,0,
,1e,50c3,,,,return,,祕技７,TM7,0,0,
,1e,50ca,,,,return,,祕技８,TM8,0,0,
,1e,50d1,,,,return,,祕技９,TM9,0,0,
,1e,50d8,,,,return,,祕技１０,TM10,0,0,
,1e,50e0,,,,return,,祕技１１,TM11,0,0,
,1e,50e8,,,,return,,祕技１２,TM12,0,0,
,1e,50f0,,,,return,,祕技１３,TM13,0,0,
,1e,50f8,,,,return,,祕技１４,TM14,0,0,
,1e,5100,,,,return,,祕技１５,TM15,0,0,
,1e,5108,,,,return,,祕技１６,TM16,0,0,
,1e,5110,,,,return,,祕技１７,TM17,0,0,
,1e,5118,,,,return,,祕技１８,TM18,0,0,
,1e,5120,,,,return,,祕技１９,TM19,0,0,
,1e,5128,,,,return,,祕技２０,TM20,0,0,
,1e,5130,,,,return,,祕技２１,TM21,0,0,
,1e,5138,,,,return,,祕技２２,TM22,0,0,
,1e,5140,,,,return,,祕技２３,TM23,0,0,
,1e,5148,,,,return,,祕技２４,TM24,0,0,
,1e,5150,,,,return,,祕技２５,TM25,0,0,
,1e,5158,,,,return,,祕技２６,TM26,0,0,
,1e,5160,,,,return,,祕技２７,TM27,0,0,
,1e,5168,,,,return,,祕技２８,TM28,0,0,
,1e,5170,,,,return,,祕技２９,TM29,0,0,
,1e,5178,,,,return,,祕技３０,TM30,0,0,
,1e,5180,,,,return,,祕技３１,TM31,0,0,
,1e,5188,,,,return,,祕技３２,TM32,0,0,
,1e,5190,,,,return,,祕技３３,TM33,0,0,
,1e,5198,,,,return,,祕技３４,TM34,0,0,
,1e,51a0,,,,return,,祕技３５,TM35,0,0,
,1e,51a8,,,,return,,祕技３６,TM36,0,0,
,1e,51b0,,,,return,,祕技３７,TM37,0,0,
,1e,51b8,,,,return,,祕技３８,TM38,0,0,
,1e,51c0,,,,return,,祕技３９,TM39,0,0,
,1e,51c8,,,,return,,祕技４０,TM40,0,0,
,1e,51d0,,,,return,,祕技４１,TM41,0,0,
,1e,51d8,,,,return,,祕技４２,TM42,0,0,
,1e,51e0,,,,return,,祕技４３,TM43,0,0,
,1e,51e8,,,,return,,祕技４４,TM44,0,0,
,1e,51f0,,,,return,,祕技４５,TM45,0,0,
,1e,51f8,,,,return,,祕技４６,TM46,0,0,
,1e,5200,,,,return,,祕技４７,TM47,0,0,
,1e,5208,,,,return,,祕技４８,TM48,0,0,
,1e,5210,,,,return,,祕技４９,TM49,0,0,
,1e,5218,,,,return,,祕技５０,TM50,0,0,
key_item_names,1e,5358,,,,return,,,,0,0,
,1e,535e,,,,return,,設計圖,Blueprints,0,0,
,1e,5365,,,,return,,彩虹水晶,RainbowCrystal,0,0,
,1e,536e,,,,return,,鳳凰號,Phx. Car,0,0,
,1e,5374,,,,return,,發條,Spring,0,0,
,1e,5379,,,,return,,發條老鼠,Windup Rat,0,0,
,1e,5382,,,,return,,追蹤器,Chip Tracker,0,0,
,1e,5388,,,,return,,ＰＤＡ,PDA,0,0,
,1e,538d,,,,return,,天使之葉,Angel Leaf,0,0,
,1e,5395,,,,return,,晶片２,Chip 2,0,0,
,1e,539c,,,,return,,金鑰匙,Gold Key,0,0,
,1e,53a2,,,,return,,性感禮服,Sexy Dress,0,0,
,1e,53aa,,,,return,,復古項鍊,Old Necklace,0,0,
,1e,53b3,,,,return,,晶片３,Chip 3,0,0,
,1e,53ba,,,,return,,珍珠項鍊,Pearl Necklace,0,0,
,1e,53c2,,,,return,,魚之魂,Fish Soul,0,0,
,1e,53c8,,,,return,,晶片４,Chip 4,0,0,
,1e,53cf,,,,return,,絕緣耳機,Earphones,0,0,
,1e,53d7,,,,return,,晶片５,Chip 5,0,0,
,1e,53de,,,,return,,超人模型,Hero Figurine,0,0,
,1e,53e7,,,,return,,繩勾,Rope Hook,0,0,
,1e,53ec,,,,return,,奇蹟泉水,Miracle Water,0,0,
,1e,53f4,,,,return,,傳家懷錶,Pocket Watch,0,0,
,1e,53fc,,,,return,,程式磁片,Program Disk,0,0,
,1e,5404,,,,return,,晶片６,Chip 6,0,0,
,1e,540b,,,,return,,雪熊爪,Freedzy's Claw,0,0,
,1e,5412,,,,return,,父親之帽,Dad's Hat,0,0,
,1e,541a,,,,return,,紫羅蘭,Violet,0,0,
,1e,5421,,,,return,,彩繪筆,Color Pencil,0,0,
,1e,5427,,,,return,,地契,Land Deed,0,0,
,1e,542c,,,,return,,音樂盒,Music Box,0,0,
,1e,5432,,,,return,,星槌,Star Mallet,0,0,
,1e,5437,,,,return,,米特日記,Mitt's Diary,0,0,
,1e,5440,,,,return,,全家福照,Family Photo,0,0,
,1e,5449,,,,return,,燉兔肉,Rabbit Stew,0,0,
,1e,5451,,,,return,,妮妮娃娃,Nini Doll,0,0,
,1e,5458,,,,return,,布蘭特熊,Brandt Bear,0,0,
,1e,5461,,,,return,,晶片７,Chip 7,0,0,
,1e,5468,,,,return,,金鋼鑽,Drill,0,0,
,1e,546f,,,,return,,金鋼鑽頭,Drill Head,0,0,
,1e,5478,,,,return,,晶片８,Chip 8,0,0,
menu_25_6099,25,6099,String_025_6099,,,line,,攻擊防禦速度魔防經驗值,AtkDefSpdMdfExp,1,0,
,25,60a9,String_025_60a9,,,line,,怪獸道具同伴圖鑑存檔,"Beast

Item

Party

Dex

Save",1,0,
,25,60b7,String_025_60b7,,,line,,移位詳細,,0,0,
,25,60be,String_025_60be,,,line,,"交換詳細
詳細",,0,0,
,25,60c8,String_025_60c8,,,line,,使用丟棄,,0,0,
,25,60cf,String_025_60cf,,,line,,"裝備丟棄
辦詳",,0,0,
,25,60db,String_025_60db,,,line,,是否,Yes No,0,0,
,25,60e0,String_025_60e0,,,line,,主角１,Chara 1,1,0,
,25,60e7,String_025_60e7,,,line,,特技是吃飽睡﹐睡飽吃⚬,"Skills include eating and sleeping, sleeping and eating.",1,0,
,25,6104,String_025_6104,,,line,,確定要存檔嗎﹖,Do you want to save?,0,0,
,25,610d,String_025_610d,,,line,,是否,Yes No,0,0,
,25,6112,String_025_6112,,,line,,確定要覆蓋嗎﹖,Is it OK to overwrite?,1,0,
,25,611b,String_025_611b,,,line,,"存檔成功﹗
存檔失敗﹗","Save OK

Save failed",1,0,
menu_25_6199,25,6199,String_025_6199,,,line,,一般裝備元,,0,0,
,25,61a3,String_025_61a3,,,line,,狀態存放領取換盒子放生,,0,0,
,25,61b6,String_025_61b6,,,line,,目前位置,Location,1,0,
,25,61bf,String_025_61bf,,,line,,盒子,Box,1,0,
menu_options,00,1cc5,String_1cc5,,,choice,,是  否,,0,0,
,00,1cd0,String_1cd0,,,choice,,回春 靈動,,0,0,
mon_descriptions,26,5864,,,,line,,﹖﹖﹖,,0,0,
,26,5869,,,,line,1,個性暴躁易怒﹐生氣時會卯起來亂打⚬,Irritable and angry. It recklessly starts fights.,0,1,
,26,5886,,,,line,1,身高九尺八寸﹐力大無窮﹐外型憨厚老實⚬,"At about 3.2m, it has boundless strength.",0,1,
,26,58a9,,,,line,1,擅長使用拳擊﹐常趁人不注意時﹐給予敵人致命的一拳⚬,Good at using punches. Often delivers fatal punches while its victim is unawares.,0,0,
,26,58d6,,,,line,1,全身由橡膠製成﹐即使斷裂也可以立刻再生⚬,"The whole body is made of rubber, even if broken can immediately regenerate.",0,0,
,26,58fa,,,,line,1,以金剛不壞之身而聞名﹐弱點在眼睛上方⚬,He is known for his invincible body and his weakness is above the eyes.,0,0,
,26,591e,,,,line,1,個性膽小﹐隨時都在尋找可以隨身保護的人⚬,He has a timid personality and is always looking for someone to protect.,0,0,
,26,5941,,,,line,1,出生於青青草原﹐擁有操縱閃電的力量⚬,"A grassland crea-

ture who can con-

trol lightning.",0,0,"Born in the green grassland, he has the power to manipulate lightning."
,26,5964,,,,line,1,性情古怪熱情﹐招式變化莫測﹐常以天地為家⚬,"Eccentric and passionate nature, unpredictable moves, often with heaven and earth as their home.",0,0,
,26,598d,,,,line,1,被外星人改造的機械人﹐全身佈滿高科技的武器⚬,"Transformed by the aliens robot, the whole body is covered with high-tech weapons.",0,0,
,26,59b2,,,,line,1,長年隱居在洞穴中﹐擁有聽聲辨位的能力⚬,"Long lived in the cave, with the ability to hear the sound of the location.",0,0,
,26,59d5,,,,line,1,怨恨所有事物﹐已經殘暴到見人就殺的地步⚬,"Resentment of all things, has been brutal to the point of killing people on sight.",0,0,
,26,59f8,,,,line,1,罕見的仙獸﹐傳說中只要見過牠一面就會長生不老⚬,"Rare immortal beast, legend has it that if you see it once, you will live forever.",0,0,
,26,5a23,,,,line,1,上古時期的生物﹐身體的鱗片已經進化成了尖刺⚬,The scales of its body have evolved into spikes.,0,0,
,26,5a4a,,,,line,1,口中所噴出的火燄足以熔化所有武器⚬,The fire that comes out of its mouth is strong enough to melt all weapons.,0,0,
,26,5a6b,,,,line,1,平常是一灘熔岩﹐攻擊時才會現出原形⚬,"It is usually a puddle of lava, but only when it attacks does it show its original form.",0,0,
,26,5a8b,,,,line,1,尾巴上燃燒的火焰是它生命的象徵⚬沒有火苗速度便會減弱⚬,"The flame on its tail is a symbol of its life. Without fire, its speed will be reduced.",0,0,
,26,5abe,,,,line,1,附身於蠟燭的精靈﹐常被誤認為是鬼影⚬,A spirit that possesses a candle and is often mistaken for a ghost.,0,0,
,26,5ae0,,,,line,1,仙界煉丹爐幻化而成﹐爐中的高溫可煉出任何上等兵器⚬,The high temperature of the furnace can produce any weapon of the highest quality.,0,0,
,26,5b0a,,,,line,1,自認為比太陽還重要﹐一直想取代太陽的地位⚬,"He thinks he is more important than the sun, and has always wanted to take over the position of the sun.",0,0,
,26,5b30,,,,line,1,火系中速度最快者﹐來無影去無蹤⚬,"The fastest in the fire system, come and go without a shadow.",0,0,
,26,5b50,,,,line,1,常假扮成渡船人﹐卻趁人不注意時﹐將人推入海中⚬,"He often pretends to be a ferryman, but when people are not paying attention, he pushes them into the sea.",0,0,
,26,5b7d,,,,line,1,河豚的弟弟﹐身上擁有無藥可解的劇毒⚬,"Pufferfish's brother, his body has no music to cure the poison.",0,0,
,26,5b9d,,,,line,1,雖然很笨重﹐卻很擅長溜過結滿薄冰的冰河⚬,"Although very heavy, but very good at slipping through the ice river full of thin ice.",0,0,
,26,5bc5,,,,line,1,常在海上製造大海浪﹐是傳說中的大海怪⚬,"Often in the sea to create big waves, is the legendary sea monster.",0,0,
,26,5be5,,,,line,1,海龍王的軍師﹐能透視人心﹐極具智慧⚬,"The sea dragon king's army teacher, can see through the human heart, very wise.",0,0,
,26,5c06,,,,line,1,以快速振動臉頰的動作來向後方游動⚬其速度相當的快⚬,He swims backward with a quick cheek-vibrating motion. Its speed is very fast.,0,0,
,26,5c35,,,,line,1,當遭遇到危險時會從口中吐出泡泡包振全身﹐並快速滾動﹐逃離現場⚬,"When in danger, it spits out bubbles from its mouth and rolls quickly to escape.",0,0,
,26,5c6d,,,,line,1,每當進入產卵時期﹐金魚王就會從四處齊聚一堂﹐而河川也因此變成金,"When the spawning period begins, goldfish kings gather from all over, and rivers are also affected by the spawning period.",0,0,
,26,5ca6,,,,line,1,專吃海中遊玩的小孩﹐曾拍過大白鯊１﹐２集⚬,"Specializing in eating children swimming in the sea, has shot the great white shark 1, 2 episodes.",0,0,
,26,5ccd,,,,line,1,深愛著太陽神宙斯的女子﹐最後成為了最浪漫的星座象徵⚬,"The woman who loved Zeus, the sun god, eventually became the most romantic symbol of the constellation.",0,0,
,26,5cfe,,,,line,1,覆蓋全身的雜草﹐可以擾亂對方的注意力﹐讓對方感覺瞬間移動的錯覺,The weeds that cover the whole body can disturb the attention of the other party and make them feel instantly moved.,0,0,
,26,5d35,,,,line,1,頭頂上的大蘑菇﹐凡是看到的人都會有咬牠一口的慾望⚬,"The big mushroom on the top of the head, everyone who sees it will have the desire to bite it.",0,0,
,26,5d65,,,,line,1,千年老樹幻化而成的樹精﹐已可以遠離土壤自由移動⚬,"A spirit from an

ancient tree, now

roaming free.",0,0,"Thousands of years old trees are transformed into tree spirits, which can move freely away from the soil."
,26,5d8f,,,,line,1,鮮艷的外表下﹐藏著尖銳的鋼牙﹐冷不防的從背後咬上一口⚬,"Hides steel-sharp

teeth under its

colorful facade.",0,0,"Under the brightly colored appearance, hidden sharp steel teeth, cold bite from behind."
,26,5dc2,,,,line,1,尖銳無比的鐮刀﹐據說連石頭都可以砍碎⚬,"The sharpness is comparable to that of a sickle, and it is said that even stones can be shattered.",0,0,
,26,5de7,,,,line,1,具大的身軀使牠在移動牠的身體時﹐所產生的噪音會傳到很遠處⚬,Its large body makes the noise it makes when it moves its body travels a long distance.,0,0,
,26,5e1e,,,,line,1,這是生長在沼澤的巨大花朵﹐具有很強的毒性⚬,This is a huge flower that grows in the swamp and has a strong poison.,0,0,
,26,5e41,,,,line,1,長得像瓢蟲的怪獸﹐翅膀會產生靜電⚬,"A monster that looks like a ladybug, and its wings produce static electricity.",0,0,
,26,5e60,,,,line,1,喜歡吃香菇的妖怪﹐常常幻想自己是最頂級的大香菇⚬,A monster that likes to eat shiitake mushrooms and often imagines itself to be the top of the line.,0,0,
,26,5e8a,,,,line,1,以為會由毛毛蟲進化成美麗的蝴蝶﹐卻只有一對醜陋的翅膀⚬,"Thought it would evolve from a caterpillar into a beautiful butterfly, but only has a pair of ugly wings.",0,0,
,26,5ebb,,,,line,1,仙界據守出入口的仙龍﹐頭上的角具有判別真假的能力⚬,The immortal dragon that guards the entrance and exit of the immortal world has the ability to distinguish between the real and the fake by the horns on its head.,0,0,
,26,5eea,,,,line,1,據說在某一時期曾幾乎絕種的星獸﹐僅有少數幸運存活下來⚬,"It is said that at one time the species was almost extinct, but only a few were lucky enough to survive.",0,0,
,26,5f1c,,,,line,1,因眼睛的構造不同﹐有熱感應的功能﹐在黑暗中也能看清楚⚬,"Because of the different structure of its eyes, it can see clearly in the dark because of its heat-sensing function.",0,0,
,26,5f4a,,,,line,1,生氣時引發的沙暴﹐無人能擋﹐連整座山都能搬移⚬,"When angry, it can cause a sandstorm that no one can stop, and it can even move a whole mountain.",0,0,
,26,5f73,,,,line,1,因有了羽翼﹐所以能在空中自由飛翔﹐數量已相當稀少⚬,"They can fly freely in the air because of their feathered wings, but their numbers are quite rare.",0,0,
,26,5f9f,,,,line,1,傳說中的信差﹐看到牠的蹤跡﹐往往代表惡運的到來⚬,"Legend has it that when a messenger sees its trail, it means bad luck is coming.",0,0,
,26,5fcb,,,,line,1,會發出召喚大風的鳴叫聲﹐揮動雙翼能引起巨大龍旋⚬,"Will call for the sound of the wind chirping, swinging the wings can cause a huge dragon whirl.",0,0,
,26,5ff8,,,,line,1,身體有９０％已被機械化﹐卻因螺絲的生鏽而僵硬的飛行⚬,"90% of its body has been mechanized, but it flies stiffly because of the rusted screws.",0,0,
,26,6026,,,,line,1,張開羽翼能遮蔽天空﹐是風和大地的守護神⚬,"Open the feathered wings can cover the sky, is the wind and earth's guardian god.",0,0,
,26,6049,,,,line,1,經改造的翼首龍﹐擁有人工智慧﹐學會設陷阱對付敵人⚬,The transformed pterodactyl has artificial intelligence and learns to set traps against enemies.,0,0,
,26,6078,,,,line,1,擁有著一邊在地底挖掘﹐一邊高速移動的能力⚬,With the ability to dig in the ground while moving at high speed.,0,0,
,26,60a0,,,,line,1,常吐出黏答答的泥巴混淆敵人視線﹐並趁機開溜⚬,"Often spit out sticky mud to confuse the enemy's vision, and take the opportunity to escape.",0,0,
,26,60cb,,,,line,1,集所有礦石精華於頭上的四個角﹐因而獲得強大防禦力⚬,"Collect all the ore essence in the four corners of the head, thus gaining strong defensive power.",0,0,
,26,60f5,,,,line,1,可以連續不斷丟出岩石攻擊對手﹐弱點在於牠的兩個手臂⚬,"He can continuously throw rocks to attack his opponents, but his weakness lies in his two arms.",0,0,
,26,6126,,,,line,1,擅長以腕力在打擊戰中取勝的岩石類怪物⚬,A rock-like monster that specializes in winning in combat with its wrist strength.,0,0,
,26,614b,,,,line,1,堅硬的身軀和遁地的能力﹐能自由的在地底活動⚬,"Hard body and the ability to disappear into the ground, can move freely in the ground.",0,0,
,26,6176,,,,line,1,猛裂的撞擊力量﹐似乎連山都打得破的感覺⋯⋯,"The fierce cracking force of the impact, seems to break even the feeling of the mountain.",0,0,
,26,619b,,,,line,1,全身覆蓋著鋼鐵一般的殼﹐一般的攻擊是無關痛癢的⚬,"The whole body is covered with a steel shell, the general attack is not painful.",0,0,
,26,61c4,,,,line,1,總是精力旺盛的它﹐常搬運岩石來打發時間⚬,"Always energetic, it often carries rocks to pass the time.",0,0,
,26,61eb,,,,line,1,任意使用全身的泥土變化成人形﹐踫到水又化成一灘泥巴⚬,"At will, it will use the whole body of the mud to transform into a human form, and then turn into a beach of mud when it touches water.",0,0,
,26,621d,,,,line,1,傳說是遠古時代在西域地方﹐人人所懼怕的紅魔鬼⚬,Legend has it that it is a red devil feared by everyone in the western region in ancient times.,0,0,
,26,6247,,,,line,1,智慧方面異常發達的巨額怪獸﹐而且可靈活地飛行在天空⚬,It is a giant monster with exceptional intelligence and can fly in the sky with flexibility.,0,0,
,26,6273,,,,line,1,守備力及速度相當地高﹐見到有生命的物體會緊追不放⚬,"It has a very high guard and speed, and will chase after anything that is alive.",0,0,
,26,629f,,,,line,1,從闇黑之域召喚出來的﹐有著令人十分恐懼的形體⚬,It is summoned from the dark domain and has a fearful form.,0,0,
,26,62c7,,,,line,1,經由邪惡的力量而獲得生命﹐緊握著一劈大斧頭來自衛⚬,"Gained life through the power of evil, he holds a large axe in his hands to defend himself.",0,0,
,26,62f7,,,,line,1,一口銳利的牙齒﹐連骨頭都可以輕易撕碎⚬,He has a sharp tooth that can easily tear apart even bones.,0,0,
,26,631b,,,,line,1,由超惡質的電腦病毒所組成﹐利用電腦為非作歹⚬,"It is composed of a computer virus of super malicious quality, and uses the computer to commit crimes.",0,0,
,26,6342,,,,line,1,常在淒黑的森林間﹐出奇不意的發出聲音﹐驚嚇路人⚬,It often makes unexpected noises in the dark forest to scare passers-by.,0,0,
,26,6373,,,,line,1,接觸到它吐出的纏絲﹐馬上就會被纏繞住而無法動彈⚬,"If it comes into contact with the tangled threads it spits out, it will immediately become entangled and immobilized.",0,0,
,26,63a0,,,,line,1,一張開口就是吃﹐連垃圾都不放過﹐記得千萬別遇見牠⚬,"Once it opens its mouth, it just eats, and it doesn't even let go of garbage.",0,0,
,26,63cf,,,,line,1,個性樂觀無慮﹐不喜歡戰鬥﹐但絕不容赦擅闖聖地的人⚬,"He is optimistic and does not like to fight, but he will not allow people who trespass on sacred ground to be pardoned.",0,0,
,26,6400,,,,line,1,傳說是雷公的後代子孫﹐每當他一打咳就是要打雷了⚬,"Legend has it that he is a descendant of the thunder god, and whenever he coughs, it's time for thunder.",0,0,
,26,642b,,,,line,1,身旁的拐杖擁有替人驅除身上的邪靈附身⚬,The walking stick beside him has the ability to expel the possession of evil spirits for people.,0,0,
,26,644f,,,,line,1,每當天象異常時分﹐就能見到他的縱跡了⚬,"Whenever the sky is abnormal, you can see his vestiges.",0,0,
,26,6473,,,,line,1,由雷之石修煉而成的雷獸﹐具有可以操縱閃電的力量⚬,"By the thunder stone cultivated into the thunder beast, with the power to manipulate lightning.",0,0,
,26,6499,,,,line,1,當他開始揮動手上的兵器時﹐就是有大海嘯的徵兆⚬,"When he starts to swing the weapon in his hand, it is a sign of the great tsunami.",0,0,
,26,64c1,,,,line,1,頭上的角一凝聚能量﹐就會發出一道強大的電波⚬,"The horn on the head, once the energy gathered, will also send a powerful electric wave.",0,0,
,26,64ea,,,,line,1,據說在很久以前﹐戰爭發生的時候﹐他便會從天而降⚬,"It is said that in the long ago, when the war occurred, he will fall from the sky.",0,0,
,26,6519,,,,line,1,由堅硬的鋼鐵組成﹐身上的閃電標誌是最大的特徵⚬,"Made of hardened steel, the lightning symbol on his body is the biggest feature.",0,0,
,26,6545,,,,line,1,身上會自動凝聚大氣中的電分子﹐藉此電力而發光⚬,The body will automatically gather the electric molecules in the atmosphere and glow with the electricity.,0,0,
,26,656b,,,,line,1,非常有靈性的犬類﹐全身泛著紫藍色的神祕電光⚬,"This spiritual dog

glows bright with

a blue aura.",0,0,"Very spiritual canine, the whole body glowing purple-blue mysterious light."
,26,6594,,,,line,1,雖然是機械製造而成﹐但見鼠類就會猛追不捨⚬,"Although it is made of machinery, it will chase after rodents when it sees them.",0,0,
,26,65b9,,,,line,1,外貌看起來像貓﹐實際上是一隻非常機智的小老虎⚬,"Appearance looks like a cat, but in fact is a very smart little tiger.",0,0,
,26,65e2,,,,line,1,忠誠度很高的怪獸﹐能夠忠實地完成主人交代的任務⚬,He is a very loyal monster and can faithfully complete the tasks given by his master.,0,0,
,26,6609,,,,line,1,全身所散發出的氣質深受人們的喜愛﹐喜歡聽讚揚的話⚬,He is very popular with people and likes to hear praise.,0,0,
,26,6638,,,,line,1,穿越時空到處都曾出現過他的身影﹐是上古時代的人類⚬,He has appeared everywhere through time and space and is a human from the ancient times.,0,0,
,26,6666,,,,line,1,一生就是在找尋戰鬥的對象﹐彷彿總是靜不下來⚬,"All his life he has been looking for an object to fight, as if he can't keep still.",0,0,
,26,6691,,,,line,1,同時具有雙頭面及擁有雙重性格的特殊怪獸⚬,He is a special monster with two heads and two personalities at the same time.,0,0,
,26,66b2,,,,line,1,擁有滑滑黏黏的舌頭﹐最喜歡生活在陰暗潮濕的地方⚬,It has a slippery and sticky tongue and likes to live in dark and humid places.,0,0,
,26,66dc,,,,line,1,一生起氣﹐頭上噴出的火燄﹐可將所有的東西燃燒殆盡⚬,"When he gets angry, the flame coming out of his head can burn up everything.",0,0,
,26,670b,,,,line,1,可任意模仿各種聲音﹐是忠誠度很高的鳥獸類怪獸⚬,It can imitate various sounds at will and is a highly loyal bird-beast-like monster.,0,0,
,26,6730,,,,line,1,全身被熾熱的火燄包圍著﹐格性也和火燄般激烈粗暴⚬,"His entire body is surrounded by an exuberant flame, and his personality is as violent as the flame.",0,0,
,26,675e,,,,line,1,揮動著手上的劍﹐就能不斷落下流星般的火燄⚬,"With the swing of his sword, he can drop a meteor-like flame.",0,0,
,26,6783,,,,line,1,會發射出威力強大的火燄﹐使周遭陷入一片火海⚬,"When he wields his sword, he will shoot out powerful flames that will plunge the surrounding area into a sea of fire.",0,0,
,26,67a7,,,,line,1,年紀尚小的火精靈﹐發起脾氣來﹐威力可不輸給任何人⚬,"The fire spirit is still young, but when it gets angry, it is as powerful as anyone else.",0,0,
,26,67d5,,,,line,1,火精修練而成的神獸﹐噴出的火焰足以燒掉一座森林⚬,The fire spirit is a trained beast that can burn down a forest with its flames.,0,0,
,26,67ff,,,,line,1,傳說是李哪吒隨身配帶的代步工具⚬,Legend has it that it is the walking tool that Li Nezha carries with him.,0,0,
,26,681d,,,,line,1,掌管著大自然的火﹐任何火類的神獸都敬重他三分⚬,He is in charge of the fire of nature and is respected by all fire beasts.,0,0,
,26,684a,,,,line,1,沉睡在深海中的珍珠貝殼裡﹐偶爾會游出水面偷窺人類⚬,He sleeps in a pearl shell in the deep sea and occasionally swims out of the water to spy on humans.,0,0,
,26,6878,,,,line,1,暴風雪出現時才能看見﹐一年只覓食一次﹐其餘時間都在冬眠⚬,"He can only be seen when a storm occurs, and he only feeds once a year and spends the rest of his time hibernating.",0,0,
,26,68ad,,,,line,1,有著數不完的觸腳﹐特別喜歡吃小孩來充實自已的能量⚬,"With an endless number of tentacles, especially like to eat children to enrich their energy.",0,0,
,26,68d8,,,,line,1,故意製造大海嘯﹐一但被捲入﹐便成為它的腹中物⚬,"It deliberately creates tsunami, and once it is swept into it, it will become its belly.",0,0,
,26,6900,,,,line,1,利用延伸的觸腳攀附在敵人身上﹐吸取其精華至死⚬,It uses its extended tentacles to cling to its enemies and suck their essence to death.,0,0,
,26,692d,,,,line,1,由於皮膚細薄只要遭到日光照射﹐便會提升血液溫度⚬,"Due to the thin skin, it will raise the blood temperature when exposed to sunlight.",0,0,
,26,695c,,,,line,1,動作緩慢﹐卻能游數百里而不累的巨型龜類怪獸⚬,A giant turtle-like creature that can swim hundreds of miles without getting tired despite its slow movements.,0,0,
,26,6985,,,,line,1,肚子一發出咕嚕聲﹐就表示牠肚子餓了⚬,The sound of its stomach growling indicates that it is hungry.,0,0,
,26,69a6,,,,line,1,平時是安靜在海底沉睡﹐肚子餓時才會張開蚌殼覓食⚬,"Normally, it sleeps quietly on the ocean floor, but when it is hungry, it will open its clam shell to feed.",0,0,
,26,69d3,,,,line,1,身上的羊毛可以保暖﹐是一種相當溫馴的草食性動物⚬,"The wool on its body keeps it warm, making it a very docile herbivore.",0,0,
,26,69fc,,,,line,1,擁有強韌的意志力﹐以及甲蟲特有的完美防禦力⚬,The beetle has a strong willpower and perfect defensive power.,0,0,
,26,6a24,,,,line,1,性格暴躁、桀桀不馴﹐不容易與人類親近⚬,"The beetle is irascible, untamed and not easy to get close to humans.",0,0,
,26,6a49,,,,line,1,個性溫和﹐總是笑嘻嘻的﹐喜歡偷窺人們的一舉一動⚬,"The gentle nature, always smiling, like to spy on people's every move.",0,0,
,26,6a75,,,,line,1,這樣一根根紅色的毛髮﹐據說擁有如稀有金屬的硬度⚬,This red hair is said to have the hardness of a rare metal.,0,0,
,26,6aa4,,,,line,1,以異常發達的肌肉進行攻擊﹐破壞力相當驚人⚬,"The attack is carried out with abnormally developed muscles, and the destructive power is quite amazing.",0,0,
,26,6acb,,,,line,1,當靜電氣聚集過多時﹐連表面不受吸力的軟毛也會豎起⚬,"When too much static electricity is gathered, even the soft hairs that are not subject to suction on the surface will stand up.",0,0,
,26,6af9,,,,line,1,只會盲目地勇往直衝進行破壞﹐因而造成頭上的角彎曲⚬,The horn on the head is bent because it will only blindly charge straight ahead to destroy.,0,0,
,26,6b2b,,,,line,1,膽小的草性怪獸﹐一遇到害怕的事情﹐就躲進草堆中⚬,A timid grass monster that hides in the grass when it encounters something it is afraid of.,0,0,
,26,6b58,,,,line,1,必須轉動發條才能活動﹐頂上改造成像降落傘般飛行功能⚬,"It flies with the

parachute atop its

head.
",0,0,"The heart needs to turn the hair bar to move, and the top is transformed into a parachute-like flying function."
,26,6b8a,,,,line,1,最喜歡擺動著牠那雙翼﹐以美麗的姿態在天空中自由飛翔⚬,"Most like to swing its wings, to beautiful posture in the sky to fly freely.",0,0,
,26,6bba,,,,line,1,頭腦不怎麼靈光﹐遇到危險時﹐會發出難聽的叫聲⚬,"It is not very smart, and when it encounters danger, it will make an unpleasant screaming sound.",0,0,
,26,6be2,,,,line,1,相當難看見的怪獸之一﹐一翻動身體很可能造成大地震⚬,"It is one of the most difficult monsters to see, and when it flips its body, it may cause a big earthquake.",0,0,
,26,6c0c,,,,line,1,使用背後的雙翅飛翔於空中﹐不論是地上或空中都能發揮⚬,"Use the wings behind the back to fly in the air, whether on the ground or in the air can play.",0,0,
,26,6c3e,,,,line,1,居住在天上人間的精靈﹐是人見人怕的頑皮鬼⚬,The spirit that lives in the sky is a naughty ghost that people are afraid of.,0,0,
,26,6c65,,,,line,1,擁有強力的翅膀和驚人的體力﹐喜歡飛翔在峽谷溪間⚬,"Have strong wings and amazing physical strength, like to fly in the canyon and stream.",0,0,
,26,6c92,,,,line,1,夜間才會出來行動﹐靠著發光的眼睛找尋獵物⚬,"Only at night will come out to move, relying on the light of the eyes to find prey.",0,0,
,26,6cb6,,,,line,1,飛行時所產生的超音波﹐能令聽到的敵人麻痺⚬,The ultrasonic waves generated when flying can paralyze enemies who hear them.,0,0,
,26,6cda,,,,line,1,據說天空中出現的七彩彩虹﹐就是牠所畫的哦,It is said that the colorful rainbow that appears in the sky is painted by him.,0,0,
,26,6d02,,,,line,1,身上散發出的咖啡香味﹐會使人興奮不已⚬,The scent of coffee emitted from its body will make people excited.,0,0,
,26,6d25,,,,line,1,全身如同鑽石般堅硬﹐可說是無堅不摧⚬,"The whole body is as hard as diamond, it can be said to be indestructible.",0,0,
,26,6d46,,,,line,1,喜愛全身滾著爛泥巴﹐相當自在地享受著日光浴⚬,It likes to be covered with mud and enjoys sunbathing quite comfortably.,0,0,
,26,6d6f,,,,line,1,身體的中央被稱之為核心的部分﹐每次攻擊時會射出石頭⚬,"The center of the body is called the core part, each attack will shoot out stones.",0,0,
,26,6d9e,,,,line,1,絕技是利用身上的角﹐在地上像陀螺般的旋轉﹐砍傷敵人⚬,The best technique is to use the horns on the body to spin like a gyroscope on the ground and slash the enemy.,0,0,
,26,6dcf,,,,line,1,只要被牠握住的東西﹐不到牠斷氣是絕不會放手的⚬,"As long as it holds something, it will not let go until it breaks.",0,0,
,26,6dfa,,,,line,1,經常潛行在地底下﹐不太喜歡拋頭露面⚬,It often sneaks under the ground and does not like to show its face.,0,0,
,26,6e1c,,,,line,1,當發現獵物時﹐能準確無誤地將獵物捕捉住﹐非常的聰明⚬,"When it finds prey, it can accurately capture the prey and is very smart.",0,0,
,26,6e4a,,,,line,1,據說牠的手上的燈火﹐可以指引亡死的靈魂通往地獄之路⚬,It is said that the lamp in its hand can guide the souls of the dead to the road to hell.,0,0,
,26,6e79,,,,line,1,黑暗地獄所派的使者﹐專門勾引邪惡心靈的人類⚬,"The messenger sent by the dark hell, specializing in seducing the evil-minded human.",0,0,
,26,6e9f,,,,line,1,被布所包裹著的身體內到底是什麼﹐至今仍是個謎⚬,What is inside the body wrapped in cloth is still a mystery.,0,0,
,26,6eca,,,,line,1,從邪惡的闇黑勢力所衍生出的生物體﹐目前仍在進化中⚬,A creature derived from the dark forces of evil that is still evolving.,0,0,
,26,6ef6,,,,line,1,攻擊時利用身體將敵人纏繞住﹐讓敵人窒息而死⚬,"When attacking, they use their bodies to wrap around their enemies and suffocate them to death.",0,0,
,26,6f1f,,,,line,1,一付不懷好意的笑容﹐心裡盤算著下一個捉弄的對象⚬,He has an unkind smile and is planning his next target.,0,0,
,26,6f4d,,,,line,1,攻擊速度相當快﹐能在瞬間奪取對手的性命⚬,"Attack speed is very fast, can kill the opponent in an instant.",0,0,
,26,6f71,,,,line,1,身體雖小﹐但尾巴上的鏈刀﹐能快速撕裂任何東西⚬,"Although the body is small, but the chain knife on the tail, can quickly tear anything.",0,0,
,26,6f9d,,,,line,1,頭部已完全金屬化﹐可防禦住大部份的攻擊⚬,The head has been completely metalized to defend against most attacks.,0,0,
,26,6fc3,,,,line,1,擁有任意穿梭在時空隧道的能力﹐甚至是未知的世界⚬,"Have the ability to travel through time and space tunnels at will, even unknown worlds.",0,0,
,26,6ff0,,,,line,1,彈奏出的歌曲﹐讓聽到音樂的人昏昏睡去⚬,Play songs that make people who hear the music drift off to sleep.,0,0,
,26,7014,,,,line,1,會將時間吃掉當成自己的能量﹐使時間靜止不動⚬,"Will eat time as their own energy, so that time does not move.",0,0,
,26,703b,,,,line,1,準確的報時能力﹐但看久了可是會被它給搉眠的哦⋯⋯,"Accurate ability to tell the time, but look at it for a long time, but it will be sure to sleep Oh ......",0,0,
,26,7067,,,,line,1,性情喜歡使壞﹐會使用帶有雷電的長形光線來進行攻擊⚬,"Temperament like to make bad, will use with lightning long light to attack.",0,0,
,26,7096,,,,line,1,眼睛是牠最大的特徵﹐黑暗處也能看得一清二楚的⚬,"The eyes are its biggest feature, and it can see clearly in the dark.",0,0,
,26,70c0,,,,line,1,天生的好歌喉﹐心情好的時候﹐隨時可以高歌一首⚬,"The natural good singing voice, when the mood is good throat can sing a song at any time.",0,0,
,26,70eb,,,,line,1,平時生活在地上﹐一旦遇到危險就會藉著飛行逃走⚬,"Usually lives on the ground, but when it encounters danger, it will escape by flying.",0,0,
,26,7116,,,,line,1,遨遊於世界的天際之間﹐是神話中的天龍之首⚬,"He is the head of the dragon in mythology, and travels between the world's skies.",0,0,
mon_names,26,4888,,,,line,,,,0,0,
,26,488d,,,,line,,暴躁猴,Grunkey,0,1,
,26,4893,,,,line,,綠巨人,Trolk,0,1,
,26,4899,,,,line,,鐵拳蛙,Croaxer,0,1,
,26,489f,,,,line,,橡皮管,Rubbube,0,1,
,26,48a4,,,,line,,金剛獸,Admanswine,0,1,
,26,48aa,,,,line,,粉紅娘,Foothare,0,1,
,26,48b0,,,,line,,青草精,Flory,0,1,
,26,48b7,,,,line,,怪笑爺,Grinpa,0,1,
,26,48bd,,,,line,,機甲人,Mekka,0,1,
,26,48c3,,,,line,,長 毛,Moppy,0,1,
,26,48ca,,,,line,,紅 豬,Redhog,0,1,
,26,48d1,,,,line,,火鳳凰,Flarix,0,1,
,26,48d7,,,,line,,赤 鍊,Framstla,0,1,
,26,48de,,,,line,,噴火龍,Volcazard,0,1,
,26,48e4,,,,line,,熔岩獸,Melvel,0,1,
,26,48ea,,,,line,,赤火狐,Vulperno,0,1,
,26,48f1,,,,line,,燭 妖,Candenox,0,1,
,26,48f8,,,,line,,焱爐妖,Torchbot,0,1,
,26,48fd,,,,line,,日 輪,Solorb,0,1,
,26,4904,,,,line,,火眼狼,Frark,0,1,
,26,490b,,,,line,,河 童,Kapp,0,1,
,26,4912,,,,line,,刺 錘,Spikin,0,1,
,26,4919,,,,line,,過河龍,Ghlarial,0,1,
,26,4920,,,,line,,翻江鯉,Dracypros,0,1,
,26,4925,,,,line,,水 妖,Milidusa,0,1,
,26,492c,,,,line,,夾面妖,Clamonster,0,1,
,26,4931,,,,line,,圓 圓,Rolyroly,0,1,
,26,4938,,,,line,,金魚王,Kingfish,0,1,
,26,493f,,,,line,,食人鯊,Shaws,0,1,
,26,4946,,,,line,,水瓶座,Aquarius,0,1,
,26,494c,,,,line,,草叢怪,Rustleaf,0,1,
,26,4953,,,,line,,蘑菇群,Matango,0,1,
,26,4958,,,,line,,樹 精,Trelder,0,1,
,26,495d,,,,line,,咬人果,Fangberry,0,1,
,26,4963,,,,line,,足 鐮,Scythis,0,1,
,26,496a,,,,line,,蛇 王,Snarake,0,1,
,26,4971,,,,line,,毒 菊,Moonflora,0,1,
,26,4978,,,,line,,蟲 精,Coxibot,0,1,
,26,497f,,,,line,,香菇精,Stylishrum,0,1,
,26,4986,,,,line,,花蝴蝶,Polkefly,0,1,
,26,498c,,,,line,,獨角龍,Hordra,0,1,
,26,4993,,,,line,,獸面鳩,Dovaemon,0,1,
,26,4999,,,,line,,暗 蝠,Daebat,0,1,
,26,49a0,,,,line,,沙塵暴,Gustorm,0,1,
,26,49a7,,,,line,,鳥人獸,Garuwind,0,1,
,26,49ad,,,,line,,大嘴鳥,Toothan,0,1,
,26,49b4,,,,line,,飛天牛,Feathaur,0,1,
,26,49ba,,,,line,,機械蝙,Gebaat,0,1,
,26,49c0,,,,line,,鳥 人,Byren,0,1,
,26,49c5,,,,line,,翼首龍,Ptecepha,0,1,
,26,49cc,,,,line,,土 沙,Tusha,0,1,
,26,49d3,,,,line,,泥 獸,Claydge,0,1,
,26,49da,,,,line,,四角龍,Quartzorn,0,1,
,26,49e1,,,,line,,丟石怪,Slingore,0,1,
,26,49e8,,,,line,,鬥 石,Jabble,0,1,
,26,49ed,,,,line,,石 蛟,Onylisk,0,1,
,26,49f4,,,,line,,刺角獸,Thorock,0,1,
,26,49fa,,,,line,,壁面石,Blocktache,0,1,
,26,4a01,,,,line,,機械石,Romeka,0,1,
,26,4a08,,,,line,,泥 人,Golump,0,1,
,26,4a0f,,,,line,,紅魔人,Akama,0,1,
,26,4a16,,,,line,,飛 首,Levitul,0,1,
,26,4a1d,,,,line,,屍 妖,Cadavamper,0,1,
,26,4a24,,,,line,,閻魔人,Fiendeth,0,1,
,26,4a2b,,,,line,,傑 森,Jaxon,0,1,
,26,4a32,,,,line,,豬 妖,Bogon,0,1,
,26,4a39,,,,line,,電子腦,Cybrain,0,1,
,26,4a3e,,,,line,,黑 煞,Darshee,0,1,
,26,4a45,,,,line,,黑寡婦,Spidow,0,1,
,26,4a4b,,,,line,,史萊姆,Blob,0,1,
,26,4a50,,,,line,,仙 人,Ermit,0,1,
,26,4a57,,,,line,,雷 神,Reigo,0,1,
,26,4a5c,,,,line,,泥菩薩,Cleyda,0,1,
,26,4a61,,,,line,,天 狗,Tengu,0,1,
,26,4a68,,,,line,,雷 獸,Raijuu,0,1,
,26,4a6f,,,,line,,海 神,Tricean,0,1,
,26,4a74,,,,line,,小天使,Puchirub,0,1,
,26,4a7a,,,,line,,天 兵,Palacat,0,1,
,26,4a81,,,,line,,機械雷,Bombozap,0,1,
,26,4a88,,,,line,,金光球,Shinsparkl,0,1,
,26,4a8f,,,,line,,藍靈犬,Bladeberus,0,1,
,26,4a96,,,,line,,機械貓,Catbot,0,1,
,26,4a9c,,,,line,,妙 虎,Wonnya,0,1,
,26,4aa3,,,,line,,寵物犬,Companyne,0,1,
,26,4aa9,,,,line,,虎 犬,Poochisah,0,1,
,26,4ab0,,,,line,,維京人,Dwarking,0,1,
,26,4ab6,,,,line,,鬥精靈,Punchetra,0,1,
,26,4abb,,,,line,,雙面獸,Twinface,0,1,
,26,4ac2,,,,line,,大舌蛙,Shluppif,0,1,
,26,4ac8,,,,line,,火炎怪,Volgas,0,1,
,26,4ace,,,,line,,鸚鵡獸,Charrot,0,1,
,26,4ad4,,,,line,,邪火怪,Sperk,0,1,
,26,4ada,,,,line,,烈火劍,Inferlade,0,1,
,26,4adf,,,,line,,巨火岩,Dekano,0,1,
,26,4ae5,,,,line,,火精靈,Pyry,0,1,
,26,4aea,,,,line,,炎龍獸,Magon,0,1,
,26,4af0,,,,line,,風火輪,Pyrrheel,0,1,
,26,4af6,,,,line,,火 神,Volgod,0,1,
,26,4afb,,,,line,,人 魚,Merlith,0,1,
,26,4b02,,,,line,,雪 熊,Freezdy,0,1,
,26,4b09,,,,line,,章魚怪,Octojel,0,1,
,26,4b0f,,,,line,,水 妖,Sealime,0,1,
,26,4b16,,,,line,,蟹居獸,Caskrab,0,1,
,26,4b1d,,,,line,,水精靈,Mermy,0,1,
,26,4b22,,,,line,,巨獸龜,Tortitan,0,1,
,26,4b29,,,,line,,咕嚕妖,Gurglon,0,1,
,26,4b2e,,,,line,,蚌殼獸,Clamoculus,0,1,
,26,4b34,,,,line,,小綿羊,Electreep,0,1,
,26,4b3a,,,,line,,紅螞蟻,Dedant,0,1,
,26,4b40,,,,line,,樹 精,Trencient,0,1,
,26,4b45,,,,line,,毛 毛,Fluffluff,0,1,
,26,4b4c,,,,line,,紅毛怪,Refruff,0,1,
,26,4b53,,,,line,,泰 山,Taishan,0,1,
,26,4b5a,,,,line,,絨球獸,Tanpopo,0,1,
,26,4b61,,,,line,,老山羊,Goandit,0,1,
,26,4b67,,,,line,,怯膽茸,Covlif,0,1,
,26,4b6c,,,,line,,機械鳥,Beattro,0,1,
,26,4b73,,,,line,,飛 馬,Pegasus,0,1,
,26,4b7a,,,,line,,笨笨鳥,Stubird,0,1,
,26,4b80,,,,line,,青 蛟,Quetzao,0,1,
,26,4b87,,,,line,,插翅兔,Flappit,0,1,
,26,4b8e,,,,line,,天精靈,Azury,0,1,
,26,4b93,,,,line,,天 龍,Skyvern,0,1,
,26,4b9a,,,,line,,飛天妖,Belither,0,1,
,26,4ba0,,,,line,,比比鳥,Bibibird,0,1,
,26,4ba6,,,,line,,彩繪精,Drawvile,0,1,
,26,4bac,,,,line,,咖啡獸,Caunfee,0,1,
,26,4bb2,,,,line,,石 魔,Rokurss,0,1,
,26,4bb9,,,,line,,混江獸,Tamire,0,1,
,26,4bc0,,,,line,,石 星,Asteron,0,1,
,26,4bc5,,,,line,,滾滾糢,Slicyn,0,1,
,26,4bca,,,,line,,困途掌,Klepalm,0,1,
,26,4bd0,,,,line,,地底人,Caverner,0,1,
,26,4bd7,,,,line,,玉玲瓏,Jadra,0,1,
,26,4bdd,,,,line,,銷魂閹,Lantsune,0,1,
,26,4be4,,,,line,,勾魂使,Grimshi,0,1,
,26,4beb,,,,line,,木乃伊,Mummiya,0,1,
,26,4bf1,,,,line,,魔蛋獸,Warutama,0,1,
,26,4bf8,,,,line,,布 妖,Clotton,0,1,
,26,4bff,,,,line,,小惡魔,Demimp,0,1,
,26,4c05,,,,line,,奪命蠍,Morpion,0,1,
,26,4c0c,,,,line,,鏈 鼠,Gashu,0,1,
,26,4c13,,,,line,,大頭鬼,Colossead,0,1,
,26,4c19,,,,line,,時空獸,Signaliton,0,1,
,26,4c1f,,,,line,,音樂靈,Muserode,0,1,
,26,4c26,,,,line,,時間獸,Tymer,0,1,
,26,4c2d,,,,line,,時間郎,Clocky,0,1,
,26,4c34,,,,line,,金獅王,Shimerion,0,1,
,26,4c3b,,,,line,,天 眼,Celesteye,0,1,
,26,4c42,,,,line,,音樂獸,Mozaldi,0,1,
,26,4c49,,,,line,,天行馬,Staero,0,1,
,26,4c4f,,,,line,,翻天龍,Drakemor,0,1,
,26,4c56,,,,line,,,,0,1,
,26,4c5b,,,,line,,狼人獸,Manwulf,0,1,
,26,4c61,,,,line,,水魔人,Fientide,0,1,
,26,4c68,,,,line,,火魔人,Fiengnite,0,1,
,26,4c6f,,,,line,,神秘獸,Mysteraco,0,1,
,26,4c76,,,,line,,懲罰者,Escudge,0,1,
,26,4c7c,,,,line,,懲罰者,Escutioner,0,1,
,26,4c82,,,,line,,雲中獸,Cloud Beast,0,1,
mon_types,1e,55c0,,,,line,,普,Normal,0,0,
,1e,55c3,,,,line,,火,Fire,0,0,
,1e,55c6,,,,line,,水,Water,0,0,
,1e,55c9,,,,line,,土,Ground,0,0,
,1e,55cc,,,,line,,鬥,Fighting,0,0,
,1e,55cf,,,,line,,闇,Dark,0,0,
,1e,55d2,,,,line,,光,Light,0,0,
,1e,55d5,,,,line,,草,Grass,0,0,
,1e,55d8,,,,line,,飛,Flying,0,0,
monster_53be,26,549e,,,,line,,兩塊復亞嗯赤感應,,0,0,
,26,54ae,,,,line,,兩回復獸竊變配信赤,,0,0,
,26,54be,,,,line,,兩以復務線復牲勒,,0,0,
move_names,26,4200,,,,line,,死之吻,,0,0,
,26,4205,,,,line,,狂咬,,0,0,
,26,420c,,,,line,,打擊,,0,0,
,26,4213,,,,line,,瘋狂,,0,0,
,26,421a,,,,line,,突擊,,0,0,
,26,4221,,,,line,,防禦破碎,,0,0,
,26,4227,,,,line,,催眠術,,0,0,
,26,422e,,,,line,,煙幕彈,,0,0,
,26,4235,,,,line,,百裂巴掌,,0,0,
,26,423b,,,,line,,全力一擊,,0,0,
,26,4241,,,,line,,集氣,,0,0,
,26,4248,,,,line,,硬化,,0,0,
,26,424f,,,,line,,封印,,0,0,
,26,4256,,,,line,,忍耐,,0,0,
,26,425d,,,,line,,咬人攻擊,,0,0,
,26,4263,,,,line,,綑綁,,0,0,
,26,426a,,,,line,,精神集中,,0,0,
,26,4270,,,,line,,療傷術,,0,0,
,26,4277,,,,line,,尖叫,,0,0,
,26,427e,,,,line,,犧牲攻擊,,0,0,
,26,4284,,,,line,,勒緊不放,,0,0,
,26,428a,,,,line,,電光一閃,,0,0,
,26,4290,,,,line,,分身,,0,0,
,26,4297,,,,line,,熱血,,0,0,
,26,429e,,,,line,,正拳,,0,0,
,26,42a5,,,,line,,碎石擊,,0,0,
,26,42ac,,,,line,,縮小,,0,0,
,26,42b3,,,,line,,尖槍刺,,0,0,
,26,42ba,,,,line,,洗腦,,0,0,
,26,42c1,,,,line,,拍打翅膀,,0,0,
,26,42c7,,,,line,,偷吃步,,0,0,
,26,42ce,,,,line,,先發制人,,0,0,
,26,42d4,,,,line,,尖角攻擊,,0,0,
,26,42da,,,,line,,致命刺殺,,0,0,
,26,42e0,,,,line,,狼嚎,,0,0,
,26,42e7,,,,line,,潛力,,0,0,
,26,42ee,,,,line,,哀號,,0,0,
,26,42f5,,,,line,,沉睡,,0,0,
,26,42fc,,,,line,,疾風護身,,0,0,
,26,4302,,,,line,,銅牆鐵壁,,0,0,
,26,4308,,,,line,,瞄準,,0,0,
,26,430f,,,,line,,劍氣,,0,0,
,26,4316,,,,line,,切斬,,0,0,
,26,431d,,,,line,,撞擊,,0,0,
,26,4324,,,,line,,一刀兩斷,,0,0,
,26,432a,,,,line,,靈劍,,0,0,
,26,4331,,,,line,,二刀流,,0,0,
,26,4338,,,,line,,盾攻勢,,0,0,
,26,433f,,,,line,,瞬間突擊,,0,0,
,26,4345,,,,line,,手刀,,0,0,
,26,434c,,,,line,,居合斬,,0,0,
,26,4353,,,,line,,蓄力,,0,0,
,26,435a,,,,line,,鬥氣．嵐,,0,0,
,26,4360,,,,line,,無雙,,0,0,
,26,4367,,,,line,,百噸鐵拳,,0,0,
,26,436d,,,,line,,氣合摔,,0,0,
,26,4374,,,,line,,地獄車,,0,0,
,26,437b,,,,line,,必殺投擲,,0,0,
,26,4381,,,,line,,天電拳,,0,0,
,26,4388,,,,line,,寒冰拳,,0,0,
,26,438f,,,,line,,烈焰拳,,0,0,
,26,4396,,,,line,,吸收反擊,,0,0,
,26,439c,,,,line,,亂打一通,,0,0,
,26,43a2,,,,line,,火炎彈,,0,0,
,26,43a9,,,,line,,噴射火炎,,0,0,
,26,43af,,,,line,,火焰旋風,,0,0,
,26,43b5,,,,line,,火焰爆炸,,0,0,
,26,43bb,,,,line,,火鳥之翼,,0,0,
,26,43c1,,,,line,,同歸於盡,,0,0,
,26,43c7,,,,line,,毒炎,,0,0,
,26,43ce,,,,line,,濃縮泡沫,,0,0,
,26,43d4,,,,line,,雨飄紅,,0,0,
,26,43db,,,,line,,強力水柱,,0,0,
,26,43e1,,,,line,,暴雨,,0,0,
,26,43e8,,,,line,,海嘯,,0,0,
,26,43ef,,,,line,,寒冰雨,,0,0,
,26,43f6,,,,line,,冰凍光束,,0,0,
,26,43fc,,,,line,,暴風雪,,0,0,
,26,4403,,,,line,,黑暗地獄,,0,0,
,26,4409,,,,line,,飛砂走石,,0,0,
,26,440f,,,,line,,落石,,0,0,
,26,4416,,,,line,,石崩,,0,0,
,26,441d,,,,line,,挖地洞,,0,0,
,26,4424,,,,line,,大地震,,0,0,
,26,442b,,,,line,,殞石巨彈,,0,0,
,26,4431,,,,line,,地裂,,0,0,
,26,4438,,,,line,,電擊,,0,0,
,26,443f,,,,line,,疾雷,,0,0,
,26,4446,,,,line,,爆炸雷擊,,0,0,
,26,444c,,,,line,,闇雷,,0,0,
,26,4453,,,,line,,天雷殛頂,,0,0,
,26,4459,,,,line,,強電磁波,,0,0,
,26,445f,,,,line,,吸星大法,,0,0,
,26,4465,,,,line,,藤鞭,,0,0,
,26,446c,,,,line,,樹汁,,0,0,
,26,4473,,,,line,,散葉刀片,,0,0,
,26,4479,,,,line,,太陽光束,,0,0,
,26,447f,,,,line,,無盡花雨,,0,0,
,26,4485,,,,line,,寄魂種子,Soul Seed,0,0,
,26,448b,,,,line,,香甜孢子,,0,0,
,26,4491,,,,line,,麻痺花粉,,0,0,
,26,4497,,,,line,,猛毒孢子,,0,0,
,26,449d,,,,line,,舌頭舔舔,,0,0,
,26,44a3,,,,line,,怨恨,,0,0,
,26,44aa,,,,line,,衝擊波,,0,0,
,26,44b1,,,,line,,地獄光束,,0,0,
,26,44b7,,,,line,,邪惡侵蝕,,0,0,
,26,44bd,,,,line,,靈魂纏身,,0,0,
,26,44c3,,,,line,,催眠音波,,0,0,
,26,44c9,,,,line,,魅惑音波,,0,0,
,26,44cf,,,,line,,干擾音波,,0,0,
,26,44d7,,,,line,,詛咒音波,,0,0,
,26,44de,,,,line,,封印音波,,0,0,
,26,44e4,,,,line,,真空波,,0,0,
,26,44ec,,,,line,,強力旋渦,,0,0,
,26,44f3,,,,line,,龍捲風,,0,0,
,26,44fb,,,,line,,沙漠風暴,,0,0,
,26,4502,,,,line,,旋燕嵐舞,,0,0,
,26,450b,,,,line,,替身,,0,0,
,26,4513,,,,line,,必殺神弓,,0,0,
,26,451a,,,,line,,神之忿怒,,0,0,
,26,4521,,,,line,,飛天,,0,0,
,26,4528,,,,line,,天國之鳥,,0,0,
,26,4530,,,,line,,黏液,,0,0,
,26,4537,,,,line,,模仿,,0,0,
,26,453e,,,,line,,吸血,,0,0,
,26,4545,,,,line,,血霧,,0,0,
,26,454d,,,,line,,毒瓦斯,,0,0,
,26,4555,,,,line,,淬毒,,0,0,
,26,455d,,,,line,,大回復,,0,0,
,26,4565,,,,line,,狂獸裂破,,0,0,
,26,456d,,,,line,,偷竊,,0,0,
,26,4575,,,,line,,變身,,0,0,
,26,457d,,,,line,,煙遁,,0,0,
,26,4585,,,,line,,鏡壁,,0,0,
,26,458d,,,,line,,謎,,0,0,
,26,4594,,,,line,,詛咒,,0,0,
,26,459b,,,,line,,浴火重生,,0,0,
,26,45a3,,,,line,,水華三昧,,0,0,
,26,45aa,,,,line,,天雷障壁,,0,0,
,26,45b2,,,,line,,基本攻擊,,0,0,
names,a,46b3,BlankName,,,line,,,,0,0,
,a,46b8,BallotName,,,line,,巴洛特,Ballot,0,0,
,a,46bf,BuckName,,,line,,巴 克,Buck,0,0,
,a,46c6,NinaName,,,line,,妮 娜,Nina,0,0,
,0a,46cd,ClaudeName,,,line,,克勞德,Claude,0,0,
,0a,46d3,HelenName,,,line,,海 藍,Helen,0,0,
,0a,46da,LanteName,,,line,,藍 特,Lante,0,0,
,0a,46e1,RandtName,,,line,,雷 德,Randt,0,0,
,0a,46e8,MittName,,,line,,米 特,Mitt,0,0,
,0a,46ef,SnowyName,,,line,,小 白,Snowy,0,0,
,0a,46f6,,,,line,,機械鳥,Beattro,0,0,
,0a,46fd,,,,line,,小綿羊,Electreep,0,0,
,0a,4703,,,,line,,鸚鵡獸,Charrot,0,0,
,0a,4709,,,,line,,水精靈,Merlith,0,0,
,0a,470e,,,,line,,音樂靈,Muserode,0,0,
,0a,4715,,,,line,,時空獸,Signaliton,0,0,
,0a,471b,,,,line,,彩繪家,Drawvile,0,0,
,0a,4720,SayaName,,,line,,賽 亞,Saya,0,0,
,0a,4727,HayatoName,,,line,,伊隼人,Hayato,0,0,
,0a,472e,FangfangName,,,line,,芳 芳,Fangfang,1,0,
,0a,4735,,,,line,,妮 可,Nicole,0,0,
,0a,473c,MrMoName,,,line,,莫老師,Mr. Mo,1,0,
,0a,4742,PrincipalName,,,line,,校 長,Principal,1,0,
,0a,4749,,,,line,,怪 獸,Monster,0,0,
,0a,4750,SystemName,,,line,,系 統,,0,0,
,0a,4757,,,,line,,老 闆,Owner,0,0,
,0a,475e,,,,line,,艾 娜,Ina,0,0,
,0a,4765,,,,line,,基 多,Quito,1,0,
,0a,476c,DrLeoName,,,line,,雷 歐,Leo,0,0,
,0a,4773,,,,line,,荳 荳,Dot,0,0,
,0a,477a,LakiName,,,line,,拉 琪,Laki,0,0,
,0a,4781,KuluName,,,line,,庫 魯,Kulu,0,0,
,0a,4788,,,,line,,語 音,Computer,0,0,
,0a,478e,,,,line,,貓 怪,Cat,1,0,
,0a,4795,,,,line,,隊 員,Volt Grunt,0,0,
,0a,479c,,,,line,,博 多,Burt,0,0,
,0a,47a3,,,,line,,迪 普,Diep,1,0,
,0a,47aa,,,,line,,馬 克,Mark,1,0,
,0a,47b1,,,,line,,小綿羊,Electreep,0,0,
,0a,47b7,,,,line,,咖啡怪,Caunfee,0,0,
,0a,47bd,,,,line,,哈爾遜,Harrison,0,0,
,0a,47c3,,,,line,,時間怪,Tymer,1,0,
,0a,47ca,,,,line,,黑西裝人,Blacksuit,1,0,
,0a,47d3,,,,line,,貝 貝,Babe,1,0,
,0a,47da,,,,line,,面具男,Masked Man,0,0,
,0a,47e1,,,,line,,山 豬,Mountain Pig,1,0,
,0a,47e8,,,,line,,鴿 子,Dove,1,0,
,0a,47ef,,,,line,,兔先生,Mr. Rabbit,1,0,
,0a,47f6,,,,line,,石兔子,Stone rabbit,1,0,
,0a,47fd,,,,line,,胖 貓,Fat Cat,1,0,
,0a,4804,,,,line,,石山豬,Stone Mountain Pig,1,0,
,0a,480a,,,,line,,火山怪,Volgas,0,0,
,0a,4811,,,,line,,兔小姐,Ms. Rabbit,0,0,
,0a,4818,,,,line,,麗 子,Lizzy,0,0,
,0a,481f,JudgeName,,,line,,評 審,Judges,1,0,
,0a,4826,HostName,,,line,,主持人,Host,1,0,
,0a,482d,,,,line,,哈瑪斯,Hamas,0,0,
,0a,4834,AntonName,,,line,,安 東,Anton,0,0,
,0a,483b,,,,line,,烏 龜,Turtle,1,0,
,0a,4842,,,,line,,螃 蟹,Crab,1,0,
,0a,4849,,,,line,,蝦 子,Shrimp,1,0,
,0a,4850,HaiqingName,,,line,,海 青,Haiqing,0,0,
,0a,4857,,,,line,,海巫師,Sea Witch,0,0,
,0a,485e,,,,line,,神祕獸,Unknown,0,0,
,0a,4865,,,,line,,狼人怪,Manwulf,0,0,
,0a,486b,StarBeastName,,,line,,星 獸,Star Beast,0,0,
,0a,4872,,,,line,,魚之魂,Fish Soul,0,0,
,0a,4878,,,,line,,蒂 朵,Dido,1,0,
,0a,487f,,,,line,,老 鼠,Rat,1,0,
,0a,4886,,,,line,,邪火怪,Sperk,0,0,
,0a,488c,,,,line,,吉魯德,Gilead,1,0,
,0a,4893,,,,line,,白蟻怪,Termite,1,0,
,0a,489a,,,,line,,卡 爾,Cal,1,0,
,0a,48a1,,,,line,,卡迪拉,Kadira,1,0,
,0a,48a7,,,,line,,謝麗娜,Xylina,1,0,
,0a,48ae,,,,line,,分析儀,Analyzer,1,0,
,0a,48b5,,,,line,,雪 熊,Freezdy,0,0,
,0a,48bc,,,,line,,貝 爾,Belle,1,0,
,0a,48c3,,,,line,,教 授,Professor,0,0,
,0a,48ca,,,,line,,蓆 拉,Sera,1,0,
,0a,48d1,,,,line,,龍魔人,Fiendrake,0,0,
,0a,48d7,,,,line,,水魔人,Fientide,0,0,
,0a,48de,,,,line,,火魔人,Fiegnite,0,0,
,0a,48e5,,,,line,,懲罰者,Escudge,0,0,
,0a,48eb,,,,line,,姆 斯,Muse,1,0,
,0a,48f2,,,,line,,帕 達,Pada,1,0,
,0a,48f9,,,,line,,仔 仔,Sonny,1,0,
,0a,4900,,,,line,,諾 克,Nook,1,0,
,0a,4907,,,,line,,媞 雅,Tia,1,0,
,0a,490e,,,,line,,瑪 姬,Maggie,1,0,
,0a,4915,,,,line,,管 家,Butler,1,0,
,0a,491c,,,,line,,艾 斯,Ace,1,0,
new_game_continue,3c,41eb,,,,"line """"",,重新開始繼續遊戲,,0,0,
paperscroll_move_names,0d,43c2,Script_00d_43c2,,,db $01,,"綁精神
死",,0,0,
,0d,43c8,Script_00d_43c8,,,db $00,,"中  療
 ",,0,0,
,0d,43cf,Script_00d_43cf,,,db $01,,"傷防尖
死",,0,0,
,0d,43d5,Script_00d_43d5,,,db $00,,"叫  犧
 ",,0,0,
,0d,43dc,Script_00d_43dc,,,db $00,,"牲勒全緊
 ",,0,0,
,0d,43e3,Script_00d_43e3,,,db $01,,"力不放
死",,0,0,
,0d,43e9,Script_00d_43e9,,,db $01,,"電緊光
死",,0,0,
,0d,43ef,Script_00d_43ef,,,db $00,,"電閃全緊
 ",,0,0,
,0d,43f6,Script_00d_43f6,,,db $00,,"分身熱血
 ",,0,0,
,0d,43fd,Script_00d_43fd,,,db $00,,"正拳全緊
 ",,0,0,
,0d,4404,Script_00d_4404,,,db $00,,"分身熱石
 ",,0,0,
,0d,440b,Script_00d_440b,,,db $00,,"縮小全緊
 ",,0,0,
,0d,4412,Script_00d_4412,,,db $01,,"槍刺洗
死",,0,0,
,0d,4418,Script_00d_4418,,,db $01,,"腦拍翅
死",,0,0,
,0d,441e,Script_00d_441e,,,db $01,,"章睡決
寂",,0,0,
,0d,4426,Script_00d_4426,,,db $01,,"受呀著
單",,0,0,
,0d,442e,Script_00d_442e,,,db $01,,"綁哀熱
死",,0,0,
,0d,4434,Script_00d_4434,,,db $01,,"久獸爛
誤",,0,0,
,0d,443c,Script_00d_443c,,,db $00,,"先追全緊
 ",,0,0,
,0d,4445,Script_00d_4445,,,db $00,,"順  導
儲",,0,0,
,0d,444e,Script_00d_444e,,,db $00,,"準順石緊
 ",,0,0,
,0d,4457,Script_00d_4457,,,db $00,,"德諒分辱
但",,0,0,
,0d,4460,Script_00d_4460,,,db $00,,"心交療兄
並",,0,0,
,0d,446a,Script_00d_446a,,,db $01,,"態塵著
單",,0,0,
,0d,4472,Script_00d_4472,,,db $01,,"聚熱心
單",,0,0,
,0d,447a,Script_00d_447a,,,db $00,,"綁  賭
但",,0,0,
,0d,4482,Script_00d_4482,,,db $00,,"隼  賭
但",,0,0,
,0d,448b,Script_00d_448b,,,db $00,,"鏡  祖
但",,0,0,
,0d,4494,Script_00d_4494,,,db $00,,"醜  借
但",,0,0,
,0d,449d,Script_00d_449d,,,db $01,,"Ｅ越累
寂",,0,0,
,0d,44a5,Script_00d_44a5,,,db $00,,"萄  兇
稍",,0,0,
,0d,44ae,Script_00d_44ae,,,db $01,,"轟咧希
寂",,0,0,
,0d,44b6,Script_00d_44b6,,,db $01,,"帶蘑緊
死",,0,0,
,0d,44be,Script_00d_44be,,,db $00,,"隼導靈緊
 ",,0,0,
,0d,44c7,Script_00d_44c7,,,db $01,,"屏機緊
死",,0,0,
personality_desc,26,54ee,,,,line,1,精力旺盛﹐不拘小節﹐有些許莽撞⚬,Energetic yet carefree.,1,0,
,26,550d,,,,line,,擁有人心的機器人﹐響往成為真正的人類,A pure-hearted robot wanting his humanity.,1,0,
,26,5530,,,,line,,純真、善良﹐傳統的女性⚬,"Innocent, yet traditional.",1,0,
,26,5546,,,,line,,酷愛動物、心地善良、有點迷糊⚬,Friend of animals.,1,0,
,26,5562,,,,line,,痴情、愛恨分明⚬,The devoted mermaid.,1,0,
,26,5571,,,,line,,憂鬱的吹笛手、富正義感⚬,Enacts justice with his flute.,1,0,
,26,5588,,,,line,,誇大其詞、炫耀、過度自信⚬,"A genius, show-off inventor.",1,0,
,26,55a2,,,,line,,溫室的花朵、缺乏自信⚬,A sheltered flower,1,0,
script_airport_5d75,4e,5d75,,38,61,done,,"克勞德⋯你⋯
真的要去嗎﹖",Claude... are you... really going?,0,0,
,4e,5d8c,,CLAUDE,CLAUDE_0,done,,"一定要去﹗
我要跟妮娜一起
去﹗",I have to! I'm taking Nina!,0,0,
,4e,5dac,,38,61,done,,"我⋯一路上要小
心哦﹗

不可以喝生的水
哦﹗",I... just be careful! Don't drink untreated water!,0,0,
,4e,5dd6,,CLAUDE,CLAUDE_0,done,,知道了啦﹗,Got it!,0,0,
,4e,5de3,,38,61,done,,"妮娜小姐～
妳是個不錯的女
孩?

如果是妳的話﹐
倒是可以～",,0,0,
,4e,5e1b,,NINA,02,done,,哈瑪斯伯父﹖,,0,0,
,4e,5e2b,,38,61,done,,"哈哈哈～
沒有什麼﹗
巴洛特﹐克勞德
還要你們多照顧
了﹗",,0,0,
,4e,5e5e,,BALLOT,BALLOT_5,done,,"我會的～
哈瑪斯先生⚬",,0,0,
,4e,5e75,,38,61,done,,"嗚～～克勞德～
上廁所完﹐要記
得洗手唷﹗
嗚嗚嗚～",,0,0,
,4e,5ea3,,21,31,done,,"嘔～呃～喵～呃
哽⋯哽住了﹗",,0,0,
,4e,5ec1,,CLAUDE,CLAUDE_1,done,,怎麼回事﹖,,0,0,
,4e,5ece,,21,31,done,,"喵～啊﹗
終於吐出來了﹗

就是這個石頭﹐
卡在喉嚨裡好久
了﹗",,0,0,
,4e,5f06,,CLAUDE,CLAUDE_0,done,,得到珍珠項鍊⚬,,0,0,
,4e,5f17,,21,31,done,,"喵﹗﹗
真?舒服喵～",,0,0,
,4e,5f2c,,BLANK,15,done,,"這不是我的珍珠
項鍊嗎﹖
真?太好了﹗

為了感謝你﹐這
個?送給你了﹗",,0,0,
,4e,5f6b,,BALLOT,BALLOT_5,done,,得到ＸＸＸ﹗,,0,0,
,4e,5f79,,BLANK,15,done,,真是謝謝你⚬,,0,0,
,4e,5f87,,BLANK,15,done,,"這不是我的珍項
鍊嗎﹖

我就是因為少了
這項鍊﹐才落選
的⋯

不過還是要謝謝
你⚬

這個就給你了﹗",,0,0,
,4e,5fda,,BALLOT,BALLOT_5,done,,得到ＸＸＸ﹗,,0,0,
,4e,5fe8,,BLANK,15,done,,真是謝謝你⚬,,0,0,
script_airport_65_1,5c,402d,,BLANK,53,done,,"少爺您好﹗
專機等侯已久～
請你上飛機吧﹗",,0,0,
script_baal_capital_0c_1,6c,517a,,BLANK,19,done,,"這裡是天空之城
巴爾之都⚬",,0,0,
,6c,5197,,BLANK,16,done,,"你看過新聞了嗎
那個在天空上的
裂縫﹐很有可能
會造成大災難喲

包括藍色的月亮
都是它引起的﹗

今天還會有後續
的報導⚬",,0,0,
,6c,51ff,,BLANK,14,done,,"席菈博士是個很
厲害的電腦專家
雖然是個女孩子
卻一點也不輸給
男人呢﹗

她一直以身為八
大科學家的後代
為榮⚬",,0,0,
,6c,5265,,BLANK,17,done,,"好恐佈～
好恐佈～

地球好像要面臨
重大災難似的⋯
要逃到哪裡去好
呢﹖

到哪裡好像都是
一樣的⋯⋯",,0,0,
,6c,52bf,,BLANK,13,done,,"席菈博士有個忠
心的機器人﹐名
字叫貝爾⚬

也不曉得什麼原
因﹐貝爾機器人

似乎不喜歡跟人
講話⚬",,0,0,
,6c,5317,,BLANK,1C,done,,"我看到了喲～

有一個留著路鬍
渣渣的男人﹐跑
來找席菈姐姐﹐
然後他們就一起
匆匆的走了﹗",,0,0,
,6c,5368,,BLANK,15,done,,"旁邊有座金鋼山
順利的話﹐可以
採到金鋼鑽喲﹗
但是金鋼鑽是最
硬的材料﹐普通
人無法加工呢⚬

如果是鐵鋪的鑄
造師的話﹐或許
不是問題⚬",,0,0,
,6c,53e5,,BLANK,22,done,,"月亮的藍光似乎
愈來愈濃了﹗

在晚上時﹐看到
那種詭異的現象

全身就不自在⚬",,0,0,
script_baal_capital_0c_2,6c,5996,,BLANK,16,done,,"天啊～
世界末日就要到
了嗎﹖

我得趕緊做完最
後的事情⋯⋯",,0,0,
,6c,59cb,,BLANK,15,done,,"旁邊有座金鋼山
順利的話﹐可以
採到金鋼鑽喲﹗
但是金鋼鑽是最
硬的材料﹐普通
人無法加工呢⚬

如果是鐵鋪的鑄
造師的話﹐或許
不是問題⚬",,0,0,
,6c,5a48,,BLANK,22,done,,"啊⋯啊⋯啊⋯
月亮撞擊地球的
話⋯⋯
那我們還活得了
嗎﹖

啊啊啊啊啊⋯⋯
嚇到講不出話來",,0,0,
script_baal_capital_22_1,6c,542b,,BLANK,19,done,,"前天新聞報完藍
月現象後﹐我嚇

得都不敢睡覺⋯
新聞說還會報導

最新的後續消息
怎麼沒有呢﹖",,0,0,
,6c,547d,,BLANK,16,done,,"哎唷～我老伴真
是神經質﹗

月亮不過變了個
顏色嘛﹐有什麼
好緊張的⚬

藍藍的光看起來
還比較清爽～",,0,0,
script_baal_capital_22_2,6c,5a95,,BLANK,19,done,,"嗚～嗚～
一切都完了嗎﹖

外面的人都說世
界末日到了⚬

我真的就要死了
嗎﹖

我要是死了﹐誰
來幫我照顧花園
裡的花﹖
嗚～嗚～嗚～",,0,0,
,6c,5b0a,,BLANK,16,done,,"哎唷～
我老伴真是神經
質﹗

只不過是月亮撞
擊地球嘛﹗

你看看﹐月亮看
起來還不到拳頭
的大小～
就算撞擊地球﹐
也不會有什麼關
係啦﹗",,0,0,
script_baal_capital_23,6c,54d1,,BLANK,20,done,,"新聞說冰山島沉
了⚬

不過幸好在危急
之際﹐星夢城順
利昇空了⚬
真是好險啊～

最近各地都發生
了天災異變⚬
真是不吉利﹗",,0,0,
,6c,553e,,BLANK,1F,done,,"在一百二十年前
八大科學家也曾
經解救過地球⚬
聽說當時也出現
過同樣的危機⚬
到底他們是用什
麼方法解決的﹖",,0,0,
script_baal_capital_24,6c,559c,,BLANK,1B,done,,"新聞報導說﹐星
系的裂縫至致了
月亮的偏移⚬

所以月亮發出了
詭異的藍光⚬

科學家稱之為～
藍月現象⚬",,0,0,
,6c,55f6,,BLANK,1A,done,,"爸爸～
天空的裂縫會下
雨唷﹗

我看到裂縫掉下
很多像火一樣的
雨唷﹗",,0,0,
script_baal_capital_26_1,6c,56d4,,4D,6C,done,,"席菈博士﹖
席菈博士有了突
然的任務⚬

偉大的任務～
博士說的⚬
動力晶片﹖

席菈博士把晶片
放在貝爾體內⚬

保護晶片﹐是貝
爾的任務⚬
不能給任何人﹗",,0,0,
,6c,5755,,BALLOT,BALLOT_3,done,,"真是糟糕﹗

這下該怎麼辦
才好﹗

先四處打探消息
吧⚬",,0,0,
,6c,5785,,BLANK,25,done,,"您好﹐歡迎收看
藍月現象後續報
導⚬",,0,0,
,6c,57a7,,BLANK,23,done,,"是的⚬
繼發表藍月現象
的科學家﹐接著
又發表了另一項
驚人的研究報告",,0,0,
,6c,57e6,,BLANK,25,done,,"是⋯⋯是的⚬

在８４０小時後
藍月現象將宣告
結束⚬
屆時⋯⋯屆時⋯
月球將⋯

月球將脫離引力
直襲地球﹗﹗",,0,0,
,6c,583f,,BLANK,23,done,,"是的⚬地球將面
臨有始以來最大
的浩劫⚬

目前各國正積極
研究解決之法⚬

後續狀況﹐我們
隨時為您插播⚬",,0,0,
,6c,589e,,BLANK,12,done,,"啊⋯﹗﹗﹗
怎麼會這樣﹗
救⋯救命啊﹗",,0,0,
,6c,58c1,,BLANK,1B,done,,"我不要死﹗
嗚～嗚～
我不要死﹗",,0,0,
,6c,58e3,,BALLOT,BALLOT_5,done,,８４０個小時﹖,,0,0,
,6c,58f3,,MITT,4A,done,,"呵呵呵～
８４０個小時～",,0,0,
,6c,5909,,MITT,07,done,,"動作再不快一點
的話﹐就要來不
及了⚬

古代的科學家曾
使用晶片解決當
時的危機﹐相信
現在也可以的⚬",,0,0,
,6c,595f,,BALLOT,BALLOT_5,done,,"嗯﹗時間急迫﹐
得趕緊向貝爾機

器人要到動力晶
片才行﹗",,0,0,
script_baal_capital_arrival,6c,50fe,,MITT,07,done,,"星夢城的飛行維
持不了多久⚬

這裡就是空中之
城～巴爾之都⚬",,0,0,
,6c,5137,,BALLOT,BALLOT_5,done,,"晶片追蹤器發出
了聲音﹗",,0,0,
,6c,5151,,BALLOT,BALLOT_5,done,,"看來這最後的一
片晶片﹐就在巴
爾之都了﹗",,0,0,
script_baal_capital_blacksmith_27_1,6c,5634,,BLANK,24,done,,"本店的打造技術
是一流的⚬

就連像金鋼鑽那
種堅硬的金屬﹐

對我來說﹐都不
是件難事⚬",,0,0,
script_baal_capital_blacksmith_27_2,6c,5ee0,,BLANK,24,done,,"金剛鑽頭﹖
最近都沒有打造
這種東西了⚬

如果你能到金鋼
山拿到金鋼鑽﹐
我就幫你打造⚬",,0,0,
,6c,5f30,,BLANK,24,done,,"拿到金鋼鑽了﹗
稍等一下～",,0,0,
,6c,5f4d,,BLANK,24,done,,"這就是金剛鑽頭
了～",,0,0,
script_baal_capital_professor_07,6c,6045,,4E,72,done,,"咭咭咭～
動力晶片～
只要我毀了的話",,0,0,
,6c,6068,,4E,72,done,,"你們發現了嗎﹖

咭咭咭～
那．又．如．何",,0,0,
,6c,608e,,STAR_BEAST,74,done,,"咭咭～
這?笨機器然笨
到相信﹐可以變
成?正的人類﹗

咭咭咭～
真是太好笑了﹗",,0,0,
,6c,60d0,,STAR_BEAST,74,done,,咭⋯⋯嗚啊﹗,,0,0,
,6c,60df,,STAR_BEAST,74,done,,"你⋯你不是⋯
龍魔⋯⋯",,0,0,
,6c,60f4,,MITT,49,done,,可惡的星獸﹗,,0,0,
,6c,6103,,BUCK,BUCK,done,,貝爾⋯⋯,,0,0,
,6c,610e,,BALLOT,BALLOT_5,done,,得到了晶片８﹗,,0,0,
,6c,611d,,DR_LEO,DR_LEO,done,,"喂喂～
巴洛特嗎﹖

終於找齊晶片了
嗎?

等了好～久
好久太空船已經
造好了﹗

你們現在在哪裡
呢﹖",,0,0,
,6c,6173,,BALLOT,BALLOT_5,done,,"巴爾之都⚬
太空船造好了﹖",,0,0,
,6c,618f,,DR_LEO,DR_LEO,done,,"現在沒有時間解
釋這麼多了⚬

我這就過去⚬
在空中港口等我
吧﹗",,0,0,
,6c,61c6,,BALLOT,BALLOT_5,done,,好的﹗,,0,0,
,6c,61cf,,BUCK,BUCK,done,,"貝爾．巴克．一
定會．回來﹗",,0,0,
script_baal_capital_professor_26_2,6c,5f88,,4E,72,done,,"這就是金鋼鑽頭
了⚬

真是謝謝你了﹗
這下子﹐還怕你
切不開﹖
咭咭咭咭～",,0,0,
,6c,5fc7,,BALLOT,BALLOT_5,done,,"有一種不對勁的
感覺⋯

這個教授有點奇
怪⋯",,0,0,
script_baal_capital_professor_2b_1,6c,5682,,4E,72,done,,"我是應力研究所
的教授⚬

最近正在進行機
械擬人化的研究

咭咭咭咭～
要是順利的話⋯
咭咭咭咭～",,0,0,
script_baal_capital_professor_2b_2,6c,5b7e,,4E,72,done,,"咭咭咭～
終於來了嗎﹖
啊⋯﹗

貝爾終於下了決
心﹐要做個小小

的手術﹐變成真
正的人類⚬

咭咭咭～
那麼不就可以⋯",,0,0,
,6c,5bde,,4D,6C,done,,⋯⋯⋯⋯,,0,0,
,6c,5be7,,BALLOT,BALLOT_3,done,,"不行呀～
貝爾機器人根本
就不理我⋯",,0,0,
,6c,5c09,,BUCK,BUCK,done,,"貝爾⋯⋯巴克⋯
試試⋯",,0,0,
,6c,5c1f,,4D,6C,done,,"居然⋯
還有個跟我一樣
的機器人﹗

當個機器人﹐是
件悲哀的事⋯",,0,0,
,6c,5c59,,BUCK,BUCK,done,,"一點．也不﹗
巴克．有．同伴",,0,0,
,6c,5c77,,4D,6C,done,,"是嗎﹖
當人類歡笑時﹐
我們卻笑不出來


當主人悲傷時﹐
我們卻無法陪著
她流淚⋯
這種滋味﹐你應
該能體會吧﹖",,0,0,
,6c,5cdc,,BUCK,BUCK,done,,"巴克．知道⚬
但是．雷歐博士
說．心．最可貴
難過．生氣．
表示．有心⚬",,0,0,
,6c,5d1f,,4D,6C,done,,"心嗎﹖
或許真的是如此",,0,0,
,6c,5d34,,4E,72,done,,"貝爾不想變成人
了嗎﹖

人類的感情可是
多彩多姿的唷～
來吧～來吧～


隨時都為你準備
好了唷﹗

只要動個小手術
小小的手術⚬",,0,0,
,6c,5d9e,,4D,6C,done,,好的⚬,,0,0,
,6c,5da7,,BUCK,BUCK,done,,貝爾⋯⋯,,0,0,
,6c,5db2,,4D,6C,done,,"很可惜﹐我們相
見的太晚了⚬",,0,0,
,6c,5dd0,,4E,72,done,,"不行哪﹗
這機器人的裝甲
太特殊了﹗
無法切割⋯
哦～不行﹗
無法順利的進行
手術⚬

你能幫我取得一
隻金剛鑽頭嗎﹖

有了那個的話﹐
就一定沒有問題
的⚬
咭咭咭～",,0,0,
,6c,5e58,,4E,72,done,,"不行哪﹗
這機器人的裝甲
太特殊了﹗
無法切割⋯
哦～不行﹗
無法順利的進行
手術⚬

你能幫我取得一
隻金剛鑽頭嗎﹖

有了那個的話﹐
就一定沒有問題
的⚬
咭咭咭～",,0,0,
script_baal_capital_professor_5fef,6c,5fef,,4D,6C,done,,"你要做什麼﹖
這個不行﹗",,0,0,
,6c,6009,,4E,72,done,,"不要再掙扎了⚬
乖乖的﹐
不會痛的﹗",,0,0,
,6c,602a,,4E,6C,done,,啊啊啊﹗﹗﹗,,0,0,
,6c,6036,,BALLOT,BALLOT_4,done,,發生了什事﹖,,0,0,
script_ballot_dream_cutscene,12,739a,,NINA,02,done,,"巴洛特～你真的
要去解開那艘太
空船的祕密嗎﹖","Ballot... Are you really going to uncover the secrets of that spaceship?

",0,0,
,12,73c5,,BALLOT,BALLOT_5,done,,"是的⚬我一直相

信﹐只要我朝這
個方向著手的話
﹐總有一天﹐一
定會再見到爸爸
的⚬","Yes. I'm sure that, if I keep working towards this goal, I'll see my dad again one day.",0,0,
,12,7412,,NINA,02,done,,"其實﹐妮娜從很
久前﹐就偷偷看
過爸爸留下來筆
記⚬

但是爸爸說﹐我
們還是適合當個
純僕的農夫⚬

妮娜還很難過⋯
巴洛特﹐我好羡
慕你⋯⋯","Actually, a long time ago, I secretly looked through the notes my father left behind. 

But he said that we were better fit to be servants and farmers.

I'm still saddened about this...

Ballot, I envy you so much...",0,0,
,12,748c,,BALLOT,BALLOT_5,done,,妮娜⋯⋯,"Nina...

",0,0,
,12,7497,,NINA,02,done,,"巴洛特不要露出
這種表情嘛﹗
我們明天要一起
參加哥哥的交接
典禮唷﹗","Don't make that face, Ballot!

We're going to attend my brother's handover ceremony tomorrow!",0,0,
,12,74d8,,BALLOT,BALLOT_5,done,,嗯﹗,"Yeah!

",0,0,
,12,74df,,NINA,NINA_1,done,,"喲好了唷﹗
明天見了～","Alright then!

See you tomorrow!",0,0,
,12,74f8,,BALLOT,BALLOT_2,done,,"爸～你不要走﹗
不要丟下我一個
人﹗","Dad, don't go! 

Don't leave me alone!",0,0,
,12,751b,,SAYA,11,done,,"巴洛特﹐是時候
了﹗再不行動的
話﹐等『那個』
時候到了﹐就來
不及了⚬","Ballot, it is time!

If we don't do anyting, it will be too late when 'that' time comes!",0,0,
,12,755b,,BALLOT,BALLOT_5,done,,"爸～不要丟下我
﹗",Dad...! Don't leave me!,0,0,
,12,756e,,SAYA,11,done,,⋯⋯⋯,...,0,0,
,12,7576,,BALLOT,BALLOT_5,done,,"爸～﹗﹗﹗
為什麼﹖為什麼
為什麼為什麼為
什麼﹖為什麼要
丟下我﹗","Daaaaad!!! 

Why? Why, why, why, why, why? 

Why did you leave behind!?",0,0,
,12,75b7,,BALLOT,BALLOT_4,done,,爸﹗﹗,"Dad!!!

",0,0,
,12,75c0,,BALLOT,BALLOT_5,done,,⋯原來是個夢⋯,... It was just a dream...,0,0,
,12,75ce,,NINA,02,done,,"巴洛特也起床了
嗎﹖

一起到哥哥的交
接典禮吧﹗","Ballot, you're up too?

Let's go to Mark's handover ceremony!",0,0,
script_ballots_house,08,4542,House_CutsceneText1,BALLOT,BALLOT_0,done,,"嗯～
放入這個～","Ah, time to add the finishing touches!",0,0,
,08,4552,House_CutsceneText2,BALLOT,BALLOT_0,done,,"⋯在這個時候～
再加調味料⋯⋯",Add a bit of seasoning here...,0,0,
,08,456d,,BALLOT,BALLOT_1,done,,"成功了﹗

這就是媽媽料理
的味道﹗","That's it!

It tastes exactly like Mom's cooking!",0,0,
,08,458a,,BALLOT,BALLOT_2,done,,"媽媽⋯⋯⋯
我好想妳⋯⋯

⋯⋯⋯⋯","I miss you, Mom...",0,0,
,08,45a5,,BALLOT,BALLOT_0,done,,"不行～不行﹗

我答應過媽媽﹐
要堅強的﹗","...No, I can't think about that!

I promised you that I'd be strong!",0,0,
,08,45cc,,BALLOT,BALLOT_0,done,,爸～吃飯了﹗,"Dad, time for dinner!",0,0,
,08,45db,,BALLOT,BALLOT_0,done,,"爸～
吃～飯～了﹗﹗","Daaad, time for dinner!",0,0,
,08,45f0,,BALLOT,BALLOT_0,done,,"爸又到天文台了
嗎﹖

這陣子常整晚都
待在天文台裡⚬

真是反常⋯⋯

找爸回來吃飯吧
﹗
不然辛苦做的飯
菜都冷了⚬","Huh, is Dad at the observatory again?

He's been there all night, that's weird...

I'll get him to come back for dinner, before the food I've worked so hard on gets cold.",0,0,
script_ballots_house1,08,4cf4,,SAYA,11,done,,"起床了嗎﹖


該上學了⚬",Are you awake? It's time to go to school.,0,0,
,08,4d0b,,SAYA,11,done,,等等～巴洛特﹗,Ballot! Wait!,0,0,
,08,4d1a,,BALLOT,BALLOT_0,done,,"⋯﹖

爸﹐有事嗎﹖","...?

Dad, what's the matter?",0,0,
,08,4d2d,,SAYA,11,done,,先吃完早餐吧⚬,Let's finish breakfast first.,0,0,
,08,4d3e,,BALLOT,BALLOT_0,done,,"不了⚬

上學快要遲到了
⚬","I can't, dad. I'm already late!",0,0,
,08,4d56,,SAYA,11,done,,"⋯⋯

巴洛特～

關於那個⋯⋯","Ballot, about that...",0,0,
,08,4d70,,BALLOT,BALLOT_0,done,,嗯﹖,Huh?,0,0,
,08,4d77,,SAYA,11,done,,"⋯⋯沒什麼⚬

上學去吧⚬",...Nevermind. Hurry along now.,0,0,
,08,4d8f,,BALLOT,BALLOT_3,done,,"又是這樣﹗

自從媽媽過逝後
﹐
爸爸就總是不能
老實的﹐
說出想說的話﹗

巴洛特已經
１２歲了﹗

不是小孩子了﹗

爸⋯爸爸⋯⋯
大笨蛋﹗﹗﹗","Not again!

Ever since Mom passed away, you just can't seem to speak honestly anymore!

I'm 12 years old, not a kid!

D-dad... You big dummy!

",0,0,
,08,4e04,,SAYA,11,done,,"⋯⋯

上學去吧⚬",...Just go.,0,0,
script_ballots_house_5468,08,5468,,SAYA,11,done,,"不行～﹗

絕對不行⚬",No! Certainly not.,0,0,
,08,547e,,MR_MO,24,done,,"我不曉得什麼事
﹐
讓先生這麼生氣
﹗

但出借天文館﹐
讓小朋友觀賞流
星雨﹐
不是件壞事吧﹗","I don't know why you're making such a fuss about it!



Just let the kids watch the meteor shower, what could go wrong?",0,0,
,08,54d2,,SAYA,11,done,,"不行～

就是今晚不行﹗","No, I can't. Especially not tonight, of all nights.",0,0,
,08,54eb,,MR_MO,24,done,,"⋯⋯

真是不可理諭﹗",...You're not making any sense!,0,0,
,08,5500,,BALLOT,BALLOT_0,done,,爸⋯你怎麼了﹗,Dad... what's wrong with you?,0,0,
,08,550e,,SAYA,11,done,,"巴洛特﹗﹗
你千萬要記住﹗

今天晚上﹗
就是今天晚上﹗

無論如何～
你都要待在家裡
⚬

無論聽到什麼聲
音﹐
都不要出來⚬

知道嗎﹖","Ballot! You must remember!



Tonight, and only tonight!



No matter what, you must stay home. No matter what you hear, don't come out. Do you understand?",0,0,
,08,557d,,BALLOT,BALLOT_0,done,,怎麼回事﹖,What's going on?,0,0,
,08,558a,,SAYA,11,done,,⋯⋯⋯,...,0,0,
,08,5592,,MR_MO,24,done,,"各位同學﹐
下課了﹗","Students, class dismissed!",0,0,
,08,55a7,,BALLOT,BALLOT_0,done,,"不行～
要趕快去天文台

找爸爸回家
吃晚飯﹗","I can't! I have to go to the observatory quickly, find my dad and get home for dinner!",0,0,
script_banglin_co1f_1,4f,55bf,,2A,53,done,,"您好～先生⚬

裡面是邦林企業
內部辦公室⚬

並沒有開放參觀
您可以任意的參
觀大廳內的展示
祝您愉快⚬","Hello, sir.

These are the Bang Lin Entreprises internal offices.

They are not open for tours.

You are however free to visit the exhibition in the lobby to your heart's content.

Have a good day.",0,0,
,4f,5619,,BLANK,1D,done,,"您好～這裡是邦
林企業的服務檯

在您眼前的商品
﹐都是本企業的
代表作品⚬

尤其是前方的復
古風項鍊﹗

預估能掀起全球
一陣復古風⚬","Hello! This is the Bang Lin Entreprises front desk. All of the products you see here are representative of our company.

Especially this retro-styled necklace here!

It is expected to start a wave of retro fashion throughout the world.",0,0,
,4f,568f,,BLANK,1F,done,,"您好～這裡是復
古風項鍊代言人
選秀會報名處⚬
您要報名嗎﹖","Hello! This is the registration desk for the retro-styled necklace spokesperson talent show.

Do you wish to sign up?",0,0,
,4f,56c8,,2B,25,done,,"您好～
我是產品解說員
～貝貝⚬

需要我服務的地
方嗎﹖","Hey there!

I'm Babe, the product commentator.

Do you need my services?",0,0,
,4f,56fa,,BLANK,14,done,,"糟了～
少爺又溜掉了﹗

一定又會被總裁
罵死的﹗
怎麼辦﹖","Oh no...

The young master slipped away again!

I'm going to get chewed out by the president again!

What to do?",0,0,
,4f,572e,,NINA,NINA_4,done,,"這⋯這項鍊﹖
這項鍊裡鑲上的
東西﹐不就是動
力晶片嗎﹖","That necklace?

Isn't the thing embedded in it a power chip?",0,0,
,4f,5762,,2B,25,done,,"您好﹗
這就是邦林企業
最新的產品～
復古風項鍊⚬

裡頭崁鑲著古代
科技動力晶片⚬

在高科技的流線
體造型下﹐更襯
托出整體的復古
典雅⚬","Hello!

This is Bang Lin's latest product: the retro-styled necklace.

It is embedded with a chip from an ancient technology.

Its retro elegance is brought out by its high-tech, streamlined shape.",0,0,
,4f,57d9,,BALLOT,BALLOT_5,done,,動力晶片﹖,A power chip?,0,0,
,4f,57e7,,2B,25,done,,"是的⚬
整體的設計都是
由總裁親自設計

動力晶片也是由
總裁所提供⚬","Yes.

The design, as well as the power chip, were provided by the president himself.",0,0,
,4f,5826,,BALLOT,BALLOT_5,done,,"這要如何才能得
到呢﹖",How can we get it?,0,0,
,4f,583e,,2B,25,done,,"本產品還在樣品
階段⚬

待在全球打響知
名度後﹐便進行
量產⚬

預訂售價是：
４５００萬⚬","This product is still only a sample.

Once it gains global popularity, mass production will begin.

The current pre-order price is of 45 million ¥.",0,0,
,4f,588e,,BALLOT,BALLOT_4,done,,"４⋯
４５００萬﹖",4... 45 million?,0,0,
,4f,589f,,2B,25,done,,"是的⚬
另外﹐本公司為
打響此商品知名
度⚬

特舉辦了一場盛
大的代言選秀會

中選者將可獲得
本商品⚬

這位小姐看來相
當的標緻﹐可考
慮到服務檯報名
唷﹗","Yes. 

Also, the company is currently holding a grand talent show to kickstart the product's popularity.

The winner will receive this product as well.

This young lady looks quite beautiful, you could consider signing up at the service desk!",0,0,
,4f,592a,,BALLOT,BALLOT_5,done,,"要如何籌到
４５００萬呢﹖

該怎麼辦﹖","Where are we going to get 45 million ¥?

What are we going to do?",0,0,
,4f,594e,,NINA,02,done,,⋯⋯,...,0,0,
,4f,5955,,BALLOT,BALLOT_1,done,,"選秀會﹗妮娜﹗
只要妮娜參加的
話﹐一定就可以
中選﹗

這樣一來﹐就可
以得到動力晶片
了﹗","The talent show! Nina!

If you participate, you'll be chosen for sure!

That way, we'll be able to get the power chip!",0,0,
,4f,59ab,,NINA,02,done,,"我⋯不行啦⋯⋯
妮娜沒有漂亮的
衣服⋯不能參加
選不上⋯","I... I can't...

I don't have any beautiful clothes... I can't participate...",0,0,
,4f,59df,,BALLOT,BALLOT_5,done,,"衣服的事情﹐我
們再另外想辦法
以妮娜的條件﹐
一定可以的⚬","Don't worry about that, we'll find another way for you to qualify.",0,0,
,4f,5a16,,NINA,02,done,,"妮娜⋯妮娜⋯⋯
試試看⋯","I... I...

I will give it a try...",0,0,
,4f,5a2d,,BLANK,1F,getchoice String_1cc5,,"您好～這裡是復
古風項鍊代言人
選秀會報名處⚬
您要報名嗎﹖","Hello! This is the registration desk for the retro-styled necklace spokesperson talent show.

Do you wish to sign up?",0,0,
,4f,5a69,,NINA,02,done,,是⋯⋯是的⋯⋯,Y-yes...,0,0,
,4f,5a78,,NINA,02,done,,"我⋯⋯
我還是不行⋯⋯","I...

I still can't...",0,0,
,4f,5a8e,,BLANK,1F,done,,"好的⚬
這就給您報名⚬

好的～
完成了報名手續

您的編號是
第５９３２號","Alright.

You can register here.

Okay!

The registration is complete, your number is 5932.",0,0,
,4f,5acf,,BLANK,1F,done,,"您的編號是
第５９３２號",Your registration number is 5932.,0,0,
,4f,5ae7,,NINA,02,done,,謝謝您⚬,Thank you.,0,0,
,4f,5af1,,BLANK,1F,done,,"不客氣⚬
請原諒我的多嘴

這位美麗的小姐
建議您可以選購
一套適合的服裝

這樣一來﹐一定
可以脫穎而出的","You're welcome.

Please pardon my indiscretion, but I suggest you buy a dress to suit you. That way, you'll be sure to stand out from the competition!

",0,0,
,4f,5b4f,,NINA,02,done,,"嗯嗯⋯⋯
謝謝⋯","Y-yes...

Thanks...

",0,0,
,4f,5b5f,,BLANK,15,done,,"怎麼辦﹖
服飾店的衣服﹐
都被麗子給買下
來了⚬

人家選秀會沒有
新衣服可以穿﹗","What to do?

Lizzy bought all the clothes in the clothing shop.

I don't have any new dress to wear for the talent show!

",0,0,
,4f,5ba1,,BLANK,1D,done,,"麗子真是可惡﹗
人家買不到新的
衣服﹐要怎麼上
台嘛﹗

人家不要﹗
嗚～嗚嗚～","Lizzy is so mean!

If I don't have any new clothes, how can I go on stage?

I can't!

Waaaah!

",0,0,
script_banglin_co1f_2,4f,6c8c,,BLANK,14,done,,"少爺總算是回來
了﹗

這次的選秀會﹐
少爺可是主要的
評審⚬

幸好他準時回來
了⚬","The young master is finally back!

He's the main judge for this talent show.

Thankfully, he came back on time.

",0,0,
,4f,6cd2,,BLANK,14,done,,"少爺⋯
早點回來⋯","Young master...

Come back soon...

",0,0,
,4f,6ce6,,BLANK,1F,getchoice String_1cc5,,"您不是妮娜小姐
嗎﹖

選秀會就要快開
始了﹐您準備好
了嗎﹖","Aren't you miss Nina?

The talent show is about to start, are you ready?",0,0,
,4f,6d20,,BLANK,1F,done,,"是這樣子的嗎﹖
那您動作就要快
一些了⚬

選秀會就要舉行
了⚬","Is that so?

You should hurry then.

The talent show is about to begin.",0,0,
,4f,6d57,,BLANK,1F,done,,"好的⚬

我這就帶您到會
場⚬","Very well.

I'll take you to the venue now.",0,0,
,4f,6d71,,35,5E,done,,"哈哈哈哈～
瞧你們那副窮酸
樣～

真是叫人笑到肚
子疼～","Ahahaha!

Just look at you... You're so pitiful!

Oh, my sides hurt...",0,0,
,4f,6da3,,BLANK,13,done,,"好⋯好緊張⋯
深呼吸～
深呼吸～","S-so nervous...

Breathe in, breathe out...",0,0,
,4f,6dc1,,BLANK,1D,done,,"可惡的麗子～
都是她﹐害我們
沒有新衣服⋯⋯","Damn that Lizzy...

Because of her, we can't get any new clothes...",0,0,
,4f,6dea,,BLANK,25,done,,"不公平～
這次選秀會﹐根
本就不公平～
人家沒有衣服穿","It's not fair...

This talent show is absolutely not fair!

I don't have anything to put on...

",0,0,
,4f,6e1e,,BLANK,1F,done,,"圖釘呢﹖
在哪裡﹖
喔﹗在這裡﹗
呵呵呵呵～

這．樣．一．來
就﹗﹗﹗
呵呵呵呵～","Where are the thumbtacks?

Here?

Oh! Here they are!

Heheheh...

Riiight there, perfect!

Heheheh...

",0,0,
,4f,6e64,,LAKI,LAKI,done,,"哦～呵呵呵﹗
那個笨蛋麗子﹐
得意不了多久的
本女王會讓她見
識到﹐什麼叫做
高貴的風範﹗

而那條項鍊﹐就
是我們的了﹗

哦～呵呵呵～
這樣一來﹐就沒
有問題了﹗
哦哦哦哦～
呵呵呵呵﹗","Oh ho ho ho!

Stupid Lizzy, I'll show her what true queenly demeanor is!

And that necklace will be ours!

Oh ho ho ho!

This way, there will be no problem!

Ho ho ho ho!

Heh heh heh!",0,0,
,4f,6f02,,BLANK,13,done,,"編號第號﹐
妮娜小姐⚬

第一次選秀評分
請準備上台⚬","N°5932, miss Nina.

Please get ready to go on stage for the first round of the talent show.",0,0,
,4f,6f36,,NINA,02,done,,"哦⋯﹗
好的﹐謝謝您⚬","Oh...!

Yes, thank you.",0,0,
,4f,6f4c,,JUDGE,50,done,,"第一循環淘汰賽
比的是反應及機
智⚬

美麗的外表下﹐
包涵了機敏的頭
腦⚬

才是邦林企業的
需求⚬

準備好了嗎﹖
妮娜小姐～
測驗開始～
後台人員
請準備﹗","The first eliminatory round will be a test of reflexes and wits.

Beneath a beautiful appearance, a sharp mind is needed.

This is what Bang Lin Entreprises requires.

Are you ready?

Miss Nina!

The quizz is about to start!

Backstage crew, get ready!",0,0,
,4f,6fd2,,JUDGE,50,done,,"沒有關係﹐這只
是熱身的測試⚬

誰沒有失敗的經
驗呢﹖

你說是吧～
美麗的小姐⚬

再試一下吧﹗","Don't worry, this was just a warm-up test.

Who didn't fail once in their life?

What do you say, young beauty?

Try again!",0,0,
,4f,7023,,JUDGE,50,done,,"嗯～感覺不錯～
您可以回休息室
了⚬

結果我們會通知
各位⚬
辛苦了⚬","Hm, not bad.

You can go back to the lounge.

We will notify you of the results.

Thank you for your trouble.",0,0,
,4f,7061,,NINA,02,done,,謝謝你們⚬,Thank you.,0,0,
,4f,706e,,35,5E,done,,"哈哈哈哈～
妳也比完了嗎﹖

呵呵～
這個反應測試～

我一定可以通過
的⚬","Ha ha ha ha!

Are you done too?

Hehe...

This kind of test, I'm sure I can pass.",0,0,
,4f,70a6,,BLANK,13,done,,"嗚哇～
人家剛在台上﹐
手腳僵硬⋯
根本就沒有辦法
動﹗
完蛋了啦﹗","Waah...

While on-stage, my hands and feet were so stiff... I couldn't move at all!

It's all over!",0,0,
,4f,70e3,,BLANK,1D,done,,"我用我最深的詛
咒﹗

詛咒麗子落選吧
詛咒～詛咒﹗","I'll use my most potent curse!

I'll curse Lizzy to fail...

Curse you... Curse you...!",0,0,
,4f,710f,,BLANK,25,done,,"好緊張～
好緊張～",I'm so nervous... So nervous!,0,0,
,4f,7124,,BLANK,1F,done,,"咭咭咭咭～
我的圖釘戰術～
是無敵的﹗","Hee hee hee...

My thumbtack technique is unbeatable!",0,0,
,4f,7147,,LAKI,LAKI,done,,"哦～呵呵呵呵﹗
什麼反應測試～

在我拉琪看來﹐
不過是小孩子的
遊戲罷了⚬

哦哦哦哦～
呵呵呵呵﹗","Oh ho ho ho!

What kind of reflexes test was that!

Frankly, this is all just child's play.

Ohohohoho!

Eheheheheh!",0,0,
,4f,7197,,BLANK,13,done,,"宣佈休息室
初賽入選名單⚬",We'll now announce the preliminary finalists for lounge 218.,0,0,
,4f,71b2,,BLANK,1D,done,,"啊﹗
我入選了﹗

萬歲﹗","Ah!

I was chosen!

Phew!",0,0,
,4f,71ca,,BLANK,13,done,,"號～
麗子小姐⚬","No. 3162, miss Lizzy.",0,0,
,4f,71dc,,35,5E,done,,"呵呵呵～～
理所當然的⚬","Heh heh heh...

Of course.",0,0,
,4f,71f3,,BLANK,13,done,,"號～
拉琪小姐⚬","No. 4098, miss Laki.",0,0,
,4f,7205,,LAKI,LAKI,done,,"哦哦哦哦～
呵呵呵呵﹗","Ohohoho...

Eheheheheh!",0,0,
,4f,7218,,BLANK,13,done,,"號～
薇薇小姐⚬","No. 1234, miss Wei Wei.",0,0,
,4f,722a,,BLANK,1F,done,,"我⋯我入選了﹖
好高興﹗","I... I was picked?

I'm so glad!",0,0,
,4f,723e,,NINA,02,done,,沒有希望了嗎﹖,Did I fail?,0,0,
,4f,724e,,BLANK,13,done,,"最後一位～
第號～
妮娜小姐⚬","And finally...

No.5932, miss Nina.",0,0,
,4f,726e,,NINA,NINA_1,done,,"妮娜⋯入選了﹖
謝謝⋯謝謝您﹗","I... was chosen?

Thank you... Thank you!",0,0,
,4f,7289,,BLANK,13,done,,"以上﹐通過初選
的請到展示台上

做最後的自選服
裝展示⚬","Next, those who have passed the preliminary selection, please go to the stage for your personally-selected clothing show.",0,0,
,4f,72bd,,NINA,02,done,,"要趕快換上兔先
生特製的禮服⚬",I must hurry and change into Mr.Rabbit's specially-made dress.,0,0,
,4f,72db,,NINA,NINA_4,done,,"啊⋯⋯這是什麼
﹖

怎⋯怎麼會這樣
﹖","Ah... What is this?

H-how could this be?",0,0,
,4f,72fb,,HOST,50,done,,"各位先生～
各位女士～
讓大家久等了﹗

邦林企業這次的
產品代言人選秀
會﹐即將到達最
高潮⚬

就是美少女自選
服裝美儀評鑑⚬

讓我們歡迎～
第號的～
也就是世界名模
千金的～
麗子小姐﹗","Ladies and gentlemen, thank you for your patience!

Bang Lin Entreprises' product spokesperson talent show is about to reach its climax.

Now, we will evaluate these beautiful girls' clothing, that they selected themselves!

And let's welcome!

No. 3162...

That is, the world's ultimate supermodel... 

Miss Lizzy!",0,0,
,4f,739e,,HOST,50,done,,"麗子小姐的服裝
真是令人賞心悅
目啊﹗
比賽進行到了這
裡～

讓我們觀迎～
第號的～
拉琪小姐～","Miss Lizzy's clothing is truly delightful!

But here comes the competition!

Let's welcome...

No. 4098...

Miss Laki!",0,0,
,4f,73f5,,JUDGE,50,done,,"這⋯這是⋯
傳說中的⋯⋯
夏娃的羽衣嗎﹖
鼻⋯鼻血止不住
﹗﹗﹗","I-is this...

The fabled...

Eve's feather dress?

My... My nose won't stop bleeding!",0,0,
,4f,742a,,KULU,KULU,done,,"太棒了﹗
拉琪太棒了﹗","Amazing!

Laki is amazing!",0,0,
,4f,7440,,HOST,50,done,,"這⋯這真是太勁
暴了﹗

沒想到拉琪小姐
竟然選擇這種大
膽的作風⚬

由評審員不停流
出的鼻血看來～
拉琪小姐似乎獲
得了很高的評價
﹗","This... This is quite a shock!

Miss Laki choosing such a bold style was unexpected.

The nosebleeds from the jury just flow and flow... Miss Laki seems to be getting a high ranking!",0,0,
,4f,74b0,,HOST,50,done,,"接下來﹐選秀會
的最後一位美少
女⚬

我們一起歡迎﹐
第號的～
妮娜小姐﹗","Next, the last beauty in our talent show.

We warmly welcome, No.5932...

Miss Nina!",0,0,
,4f,74f5,,BALLOT,BALLOT_5,done,,妮娜～加油～﹗,"Nina, good luck!",0,0,
,4f,7504,,HOST,50,done,,妮娜小姐﹖,Miss Nina?,0,0,
,4f,7512,,NINA,02,done,,是⋯是的⋯⋯,Y-yes...,0,0,
,4f,7520,,BALLOT,BALLOT_5,done,,"這就是⋯超性感
華麗的禮服﹖",This... is a super-sexy and gorgeous dress?,0,0,
,4f,753c,,JUDGE,53,done,,這⋯這簡直是⋯,This... This is simply...,0,0,
,4f,754c,,CLAUDE,CLAUDE_2,done,,"好呀﹗

好有創意的衣服
啊﹗","Great!

What a creative dress!",0,0,
,4f,7568,,JUDGE,53,done,,"少⋯少爺﹖
少爺這麼認為﹖

這是多麼有創意
的服裝啊﹗","Y-young master?

You think so?

Well, it is a very creative outfit!",0,0,
,4f,759c,,NINA,02,done,,"克勞德﹖
他怎麼會在評審
席呢﹖","Claude?

Why is he part of the jury?",0,0,
,4f,75ba,,HOST,50,done,,"好的⚬
所有的美少女都
已經展示過她們
的服裝了⚬","Alright.

All the girls have shown their clothing.",0,0,
,4f,75e3,,HOST,50,done,,"哦哦哦哦﹗
結果出來了﹗
最後優勝者是⋯","Ohoho!

The results are in!

The winner is...",0,0,
,4f,7607,,HOST,50,done,,"第號的妮娜
小姐﹗﹗","No. 5932, miss Nina!",0,0,
,4f,761d,,NINA,NINA_1,done,,"謝謝⋯
謝謝你們～","Thank you...

Thank you all!",0,0,
,4f,7630,,HOST,50,done,,"我們這就請～
邦林科技的總裁
哈瑪斯先生⚬
來為妮娜小姐﹐
頒發這條價值
萬的復古項
鍊﹗
恭喜妮娜﹗","We now invite Bang Lin's president, Mr. Hamas, to congratulate Nina and award her this valuable retro-styled necklace!

Congratulations, miss Nina!",0,0,
,4f,7689,,LAKI,LAKI,done,,"你們這些沒有眼
睛的人﹗

我閃電隊的高貴
女王～拉琪～

給了各位特別的
恩惠﹐展示了我
傲人的胴體﹐你
們居然不會欣賞","You blind jerks!

I, the wonderful queen of Team Volt, Laki...

I have made you all the special favor of showing you my wonderful body, and you didn't appreciate any of it! ",0,0,
,4f,76f5,,KULU,KULU,done,,"沒錯﹗

這條項鍊﹐我們
就拿走了﹗","Rest assured!

We'll take that necklace anyway!",0,0,
,4f,7717,,LAKI,LAKI,done,,哦哦～呵呵呵﹗,Oho... Heheheh!,0,0,
,4f,7726,,38,61,done,,"糟糕﹗
項鍊被搶走了﹗

得儘快要回來才
行﹗","Oh no!

The necklace was stolen!

Someone must get it back as soon as possible!",0,0,
,4f,774f,,BALLOT,BALLOT_5,done,,"妮娜﹗

我們得起快搶回
項鍊才行啊﹗","Nina!

We need to get that necklace back!",0,0,
,4f,7773,,NINA,02,done,,好的⚬,Yes.,0,0,
,4f,777c,,CLAUDE,CLAUDE_0,done,,"妮娜﹗

閃電隊往大樓內
部逃去了﹗","Nina!

Team Volt escaped further into the building!",0,0,
,4f,779e,,BALLOT,BALLOT_5,done,,我們快追﹗,We're on it!,0,0,
,4f,77ab,,CLAUDE,CLAUDE_0,done,,"不行﹗
妮娜一個人的話
我不放心﹗
我也一起去﹗","No!

I'll be too worried to let Nina go alone!

I'll come with you!",0,0,
,4f,77d9,,LAKI,LAKI,done,,"哦～呵呵呵﹗
復古項鍊﹗
終於到手了﹗","Ohohoho!

The retro-styled necklace!

It's finally ours!",0,0,
,4f,77fe,,KULU,KULU,done,,"在下真是非常的
感動～

在下和拉琪的夢
想﹐終於可以實
現了﹗","I'm feeling so moved...

Our dream can now finally come true!",0,0,
,4f,7834,,LAKI,LAKI,done,,"不過還是很生氣
我絞盡腦汁想出
的樹裝﹐真的比
不上那隻笨白兔
嗎﹖","But I'm still so angry!

Is the leaf costume I racked my brains to come up with really not as good as that stupid rabbit?",0,0,
,4f,786c,,KULU,KULU,done,,"不～﹗
在下認為﹐拉琪
的樹葉裝是最棒
的﹗","No way!

I think that your leaf costume is the absolute best!",0,0,
,4f,7895,,LAKI,LAKI,done,,"不過話說回來⚬
我們拿到了項鍊
現在要怎麼離開
這裡﹖","But anyway.

Now that we got the necklace... How do we get out of here?",0,0,
,4f,78c5,,KULU,KULU,done,,"又是你們﹗
看來在下要稍
微拿出一點實力
了⚬","It's you again!

Looks like I'll have to show you what I'm made of.",0,0,
,4f,78f1,,LAKI,LAKI,done,,"哦～呵呵呵﹗
我要讓那隻笨白
兔了解﹐才是真
正的女王﹗","Ohohoho!

I want that dumb rabbit to understand who's the real queen here!",0,0,
,4f,7924,,LAKI,LAKI,done,,"哼﹗
還你就還你﹗","Hmph!

Take it back, then!",0,0,
,4f,7935,,BALLOT,BALLOT_5,done,,"得到了復古項鍊
﹗",Got Retro Necklace!,0,0,
,4f,7948,,KULU,KULU,done,,"知道我們的厲害
了吧﹖

這次在下就饒了
你們﹗

下次見面時﹐就
不留情了﹗","Do you have any idea of how great we are?

We'll let you go this time!

But next time we meet, there will be no mercy for you!",0,0,
script_banglin_co2,4e,4d02,,BLANK,14,done,,"少爺總算是回來
了﹗

這次的選秀會﹐
少爺可是主要的
評審⚬

幸好他準時回來
了⚬",,0,0,
,4e,4d48,,BLANK,1F,getchoice String_1cc5,,"您不是妮娜小姐
嗎﹖

選秀會就要快開
始了﹐您準備好
了嗎﹖",,0,0,
,4e,4d82,,BLANK,1F,done,,"是這樣子的嗎﹖
那您動作就要快
一些了⚬

選秀會就要舉行
了⚬",,0,0,
,4e,4db9,,BLANK,1F,done,,"好的⚬

我這就帶您到會
場⚬",,0,0,
,4e,4dd3,,35,5E,done,,"哈哈哈哈～
瞧你們那副窮酸
樣～

真是叫人笑到肚
子疼～",,0,0,
,4e,4e05,,BLANK,13,done,,"好⋯好緊張⋯
深呼吸～
深呼吸～",,0,0,
,4e,4e23,,BLANK,1D,done,,"可惡的麗子～
都是她﹐害我們
沒有新衣服⋯⋯",,0,0,
,4e,4e4c,,BLANK,25,done,,"不公平～
這次選秀會﹐根
本就不公平～
人家沒有衣服穿",,0,0,
,4e,4e80,,BLANK,1F,done,,"圖釘呢﹖
在哪裡﹖
喔﹗在這裡﹗
呵呵呵呵～

這．樣．一．來
就﹗﹗﹗
呵呵呵呵～",,0,0,
,4e,4ec6,,LAKI,LAKI,done,,"哦～呵呵呵﹗
那個笨蛋麗子﹐
得意不了多久的
本女王會讓她見
識到﹐什麼叫做
高貴的風範﹗

而那條項鍊﹐就
是我們的了﹗

哦～呵呵呵～
這樣一來﹐就沒
有問題了﹗
哦哦哦哦～
呵呵呵呵﹗",,0,0,
,4e,4f64,,BLANK,13,done,,"第５９３２號﹐
妮娜小姐⚬

第一次選秀評分
請準備上台⚬",,0,0,
,4e,4f99,,NINA,02,done,,"哦⋯﹗
好的﹐謝謝您⚬",,0,0,
,4e,4faf,,JUDGE,50,done,,"第一循環淘汰賽
比的是反應及機
智⚬

美麗的外表下﹐
包涵了機敏的頭
腦⚬

才是邦林企業的
需求⚬

準備好了嗎﹖
妮娜小姐～
測驗開始～
後台人員
請準備﹗",,0,0,
,4e,5035,,JUDGE,50,done,,"沒有關係﹐這只
是熱身的測試⚬

誰沒有失敗的經
驗呢﹖

你說是吧～
美麗的小姐⚬

再試一下吧﹗",,0,0,
,4e,5086,,JUDGE,50,done,,"嗯～感覺不錯～
您可以回休息室
了⚬

結果我們會通知
各位⚬
辛苦了⚬",,0,0,
,4e,50c4,,NINA,02,done,,謝謝你們⚬,,0,0,
,4e,50d1,,35,5E,done,,"哈哈哈哈～
妳也比完了嗎﹖

呵呵～
這個反應測試～

我一定可以通過
的⚬",,0,0,
,4e,5109,,BLANK,13,done,,"嗚哇～
人家剛在台上﹐
手腳僵硬⋯
根本就沒有辦法
動﹗
完蛋了啦﹗",,0,0,
,4e,5146,,BLANK,1D,done,,"我用我最深的詛
咒﹗

詛咒麗子落選吧
詛咒～詛咒﹗",,0,0,
,4e,5172,,BLANK,25,done,,"好緊張～
好緊張～",,0,0,
,4e,5187,,BLANK,1F,done,,"咭咭咭咭～
我的圖釘戰術～
是無敵的﹗",,0,0,
,4e,51aa,,LAKI,LAKI,done,,"哦～呵呵呵呵﹗
什麼反應測試～

在我拉琪看來﹐
不過是小孩子的
遊戲罷了⚬

哦哦哦哦～
呵呵呵呵﹗",,0,0,
script_banglin_co_1c_1,4f,53d3,,BLANK,15,done,,"呀﹗我要參加選
秀會用的珍珠項
鍊不見了⋯

嗚～～
要怎麼辦啦﹗","Aah! The pearl necklace I was going to wear for the talent show is gone...

Waaaah!

What am I going to do now?",0,0,
,4f,540f,,BLANK,1B,done,,"剛才有隻貓來偷
吃魚﹗
真是可惡⋯","A cat just came by and stole some fish!

What a pest...",0,0,
,4f,5430,,BALLOT,BALLOT_5,done,,"爸爸﹖
那不是爸爸嗎﹖

我終於找到他了
﹗","Dad?

Isn't that dad?

I finally found him!",0,0,
,4f,5457,,2A,53,done,,"先生您好⚬
大侯光臨～","Hello, sir.

Please come this way.",0,0,
,4f,5470,,SAYA,11,done,,⋯⋯,...,0,0,
,4f,5477,,2A,53,done,,"先生～抱歉﹗
裡面就是邦林企
業的內部辦公室

目前並沒有開放
參觀﹐請您留步","Excuse me, sir!

These are Bang Lin Corp's internal offices, and they are not currently open to the public.

We'll have to ask you to leave.",0,0,
,4f,54bb,,BALLOT,BALLOT_5,done,,"剛才那位先生是
﹖",Who was that man?,0,0,
,4f,54ce,,2A,53,done,,"那位先生是總裁
的貴賓⚬",That man is the president's honored guest.,0,0,
,4f,54e8,,BALLOT,BALLOT_5,done,,"可是他是我爸爸
﹗",But he's my dad!,0,0,
,4f,54fb,,2A,53,done,,"先生～
請原諒我如此的
無禮⚬

專業的訓練﹐告
訴我們不可相信
這種謊言⚬

邦林企業感謝您
的關心﹐您可以
任意的參觀大廳
內的展示⚬

祝您愉快⚬","Sir...

Please excuse me for my rudeness.

We are professionally trained to not believe these kinds of lies.

Bang Lin Entreprises thanks you for your interest, and invites you to visit the exhibition in the lobby to your heart's content.

Have a good day.",0,0,
,4f,5580,,BALLOT,BALLOT_3,done,,"可惡⋯⋯
好不容易找到了
爸爸⚬
卻⋯⋯

不過至少知道爸
爸的行蹤了⚬","Darn it...

Just when I had found dad.

But...

But at least I know where he is now.",0,0,
script_banglin_co_1c_2,4f,7a15,,BLANK,15,done,,"這不是我的珍珠
項鍊嗎﹖
真是太好了﹗

為了感謝你﹐這
個就送給你了﹗","Isn't this my pearl necklace?

Thank you so much!

Take this for your trouble!",0,0,
,4f,7a54,,BALLOT,BALLOT_5,done,,得到甦生儀﹗,Got Revive!,0,0,
,4f,7a62,,BLANK,15,done,,真是謝謝你⚬,Thank you so much.,0,0,
,4f,7a70,,BLANK,15,done,,"這不是我的珍項
鍊嗎﹖

我就是因為少了
這項鍊﹐才落選
的⋯

不過還是要謝謝
你⚬

這個就給你了﹗","Isn't this my pearl necklace?

I lost the talent show because I didn't have it...

Thank you anyway.

This is for you!",0,0,
,4f,7ac3,,BALLOT,BALLOT_5,done,,得到巴利果實﹗,Got Peary Berry!,0,0,
,4f,7ad3,,BLANK,15,done,,真是謝謝你⚬,Thank you so much.,0,0,
script_banglin_co_contest,4e,51fa,,BLANK,13,done,,"宣佈～
休息２１８室
初賽入選名單⚬",,0,0,
,4e,521d,,BLANK,1D,done,,"啊﹗
我入選了﹗

萬歲﹗",,0,0,
,4e,5235,,BLANK,13,done,,"３１６２號～
麗子小姐⚬",,0,0,
,4e,524c,,35,5E,done,,"呵呵呵～～
理所當然的⚬",,0,0,
,4e,5263,,BLANK,13,done,,"４０９８號～
拉琪小姐⚬",,0,0,
,4e,527a,,LAKI,LAKI,done,,"哦哦哦哦～
呵呵呵呵﹗",,0,0,
,4e,528d,,BLANK,13,done,,"號～
薇薇小姐⚬",,0,0,
,4e,529f,,BLANK,1F,done,,"我⋯我入選了﹖
好高興﹗",,0,0,
,4e,52b3,,NINA,02,done,,沒有希望了嗎﹖,,0,0,
,4e,52c3,,BLANK,13,done,,"最後一位～
第５９３２號～
妮娜小姐⚬",,0,0,
,4e,52e8,,NINA,NINA_1,done,,"妮娜⋯入選了﹖
謝謝⋯謝謝您﹗",,0,0,
,4e,5303,,BLANK,13,done,,"以上﹐通過初選
的??展示台上

做最後的自選服
裝展示⚬",,0,0,
,4e,5337,,NINA,02,done,,"要趕快換上兔先
生特製的禮服⚬",,0,0,
,4e,5355,,NINA,NINA_4,done,,"啊⋯⋯這是什麼
﹖

怎⋯怎麼會這樣
﹖",,0,0,
,4e,5375,,HOST,50,done,,"各位先生～
各位女士～
讓大家久等了﹗

邦林企業這次的
產品代言人選秀
會﹐即將到達最
高潮⚬

就是美少女自選
服?美儀評鑑⚬

讓我們歡迎～
第３１６２號～
也?是世界名模
千金的～
麗子小姐﹗",,0,0,
,4e,541b,,HOST,50,done,,"麗子小姐的服裝
真?令人賞心悅
目啊﹗
比賽進行到了這
裡～

讓我們觀迎～
第４０９８號～
拉琪小姐～",,0,0,
,4e,5475,,JUDGE,53,done,,"這⋯這是⋯
傳說中的⋯⋯
夏娃的羽衣嗎﹖
鼻⋯鼻血止不住
﹗﹗﹗",,0,0,
,4e,54aa,,KULU,KULU,done,,"太棒了﹗
拉琪太棒了﹗",,0,0,
,4e,54c0,,HOST,50,done,,"這⋯這真是太勁
暴了﹗

沒想到拉琪小姐
竟然選擇這種大
膽的作風⚬

由評審員不停流
出的鼻血看來～
拉琪小姐似乎獲
得了很高的評價
﹗",,0,0,
,4e,5530,,HOST,50,done,,"接下來﹐選秀會
的最後一位美少
女⚬

我們一起歡迎﹐
第５９３２號～
妮娜小姐﹗",,0,0,
,4e,5578,,BALLOT,BALLOT_5,done,,妮娜～加油～﹗,,0,0,
,4e,5587,,HOST,50,done,,妮娜小姐﹖,,0,0,
,4e,5595,,NINA,02,done,,是⋯是的⋯⋯,,0,0,
,4e,55a3,,BALLOT,BALLOT_5,done,,"這就是⋯超性感
華麗的禮服﹖",,0,0,
,4e,55bf,,JUDGE,53,done,,這⋯這簡直是⋯,,0,0,
,4e,55cf,,CLAUDE,CLAUDE_2,done,,"好呀﹗

好有創意的衣服
啊﹗",,0,0,
,4e,55eb,,JUDGE,53,done,,"少⋯少爺﹖
少爺這麼認為﹖

這是多麼有創意
的服裝啊﹗",,0,0,
,4e,561f,,NINA,02,done,,"克勞德﹖
他怎麼會在評審
席呢﹖",,0,0,
,4e,563d,,HOST,50,done,,"好的⚬
所??美少女都
已經展示過她們
的服裝了⚬",,0,0,
,4e,5666,,HOST,50,done,,"哦哦哦哦﹗
結果出來了﹗
最後優勝者是⋯",,0,0,
,4e,568a,,HOST,50,done,,"第５９３２號的
妮娜小姐﹗﹗",,0,0,
,4e,56a5,,NINA,NINA_1,done,,"謝謝⋯
謝謝你們～",,0,0,
,4e,56b8,,HOST,50,done,,"我們這就請～
邦林科技的總裁
哈瑪斯先生⚬
來為妮娜小姐﹐
頒發這條價值
萬??古項
鍊﹗
恭喜妮娜﹗",,0,0,
,4e,5711,,LAKI,LAKI,done,,"你們這些沒有眼
睛的人﹗

我閃電隊的高貴
女王～拉琪～

給了各位特別的
恩惠﹐展示了我
傲人的胴體﹐你
們居然不會欣賞",,0,0,
,4e,577d,,KULU,KULU,done,,"沒錯﹗

這條項鍊﹐我們
就拿走了﹗",,0,0,
,4e,579f,,LAKI,LAKI,done,,哦哦～呵呵呵﹗,,0,0,
,4e,57ae,,38,61,done,,"糟糕﹗
項鍊被搶走了﹗

得儘快要回來才
行﹗",,0,0,
,4e,57d7,,BALLOT,BALLOT_5,done,,"妮娜﹗

我們得起快搶回
項鍊才行啊﹗",,0,0,
,4e,57fb,,NINA,02,done,,好的⚬,,0,0,
,4e,5804,,CLAUDE,CLAUDE_0,done,,"妮娜﹗

閃電隊往大樓內
部逃去了﹗",,0,0,
,4e,5826,,BALLOT,BALLOT_5,done,,我們快追﹗,,0,0,
,4e,5833,,CLAUDE,CLAUDE_0,done,,"不行﹗
妮娜一個人的話
我不放心﹗
我也一起去﹗",,0,0,
,4e,5861,,LAKI,LAKI,done,,"哦～呵呵呵﹗
復古項鍊﹗
終於到手了﹗",,0,0,
,4e,5886,,KULU,KULU,done,,"在下真是非常的
感動～

在下和拉琪的夢
想﹐終於可以實
現了﹗",,0,0,
,4e,58bc,,LAKI,LAKI,done,,"不過還是很生氣
我絞盡腦汁想出
的樹葉裝﹐真的
比不上那隻
笨白兔嗎﹖",,0,0,
,4e,58f5,,KULU,KULU,done,,"不～﹗
在下認為﹐拉琪
的樹葉裝是最棒
的﹗",,0,0,
,4e,591e,,LAKI,LAKI,done,,"不過話說回來⚬
我們拿到了項鍊
現?要怎麼離開
這裡﹖",,0,0,
,4e,594e,,KULU,KULU,done,,"又是你們﹗
看來在下要稍
微拿出一點實力
了⚬",,0,0,
,4e,597a,,LAKI,LAKI,done,,"哦～呵呵呵﹗
我要讓那隻笨白
兔了解﹐誰才是
真正的女王﹗",,0,0,
,4e,59b0,,LAKI,LAKI,done,,"哼﹗
還你就還你﹗",,0,0,
,4e,59c1,,BALLOT,BALLOT_5,done,,"得到了復古項鍊
﹗",,0,0,
,4e,59d4,,KULU,KULU,done,,"知道我們的厲害
了吧﹖

這次在下就饒了
你們﹗

下次見面時﹐就
不留情了﹗",,0,0,
,4e,5a18,,38,61,done,,"你就是巴洛特嗎
真?非常的感謝
你⚬

你的父親稍早曾
來找我﹐向我尋
問古代科技的詳
情⚬",,0,0,
,4e,5a66,,BALLOT,BALLOT_5,done,,"爸爸﹖
那他現在人呢﹖",,0,0,
,4e,5a7c,,38,61,done,,"在取走了我祖父
的筆記後﹐便匆
匆的走了⚬

不過他留下了一
封信⚬",,0,0,
,4e,5abb,,BALLOT,BALLOT_5,done,,這是爸爸的信﹖,,0,0,
,4e,5acc,,BALLOT,BALLOT_5,done,,"首先要說聲抱歉
異象之後﹐匆匆
的離開了你﹐出
於無奈⚬

星獸存在的祕密
是我一直想解開
的謎底⚬

與古代的八名科
學家﹐一定有著
很深的淵源⚬

謎底揭曉那日﹐
我們一定會再見
面的⚬

請原諒我⋯⋯
賽亞～",,0,0,
,4e,5b80,,BALLOT,BALLOT_2,done,,爸爸⋯⋯,,0,0,
,4e,5b8a,,NINA,02,done,,"巴洛特﹐不要難
過了～
我們不是決定﹐
要??八名科學
家的動力晶片⚬

解開古代科技的
謎題嗎﹖

這樣一來﹐一定
可?再見面的⚬",,0,0,
,4e,5bfb,,BALLOT,BALLOT_5,done,,嗯～是的⚬,,0,0,
,4e,5c07,,CLAUDE,CLAUDE_0,done,,"我也要去﹗
妮娜去哪裡﹐我
就要去哪裡﹗
爸爸一向鼓勵我
要多接觸科技的
知識⚬

應該不會反對吧
﹗",,0,0,
,4e,5c62,,38,61,done,,這⋯我知道了⚬,,0,0,
,4e,5c6f,,38,61,done,,"巴洛特﹐項鍊中
的晶片﹐你們就
拿去吧⚬

一路上還要請你
多照顧克勞德⚬",,0,0,
,4e,5cad,,BALLOT,BALLOT_5,done,,得到晶片⚬,,0,0,
,4e,5cba,,38,61,done,,"我的另一個朋友
安東﹐也是八大
科學家的後代⚬

就在東漁市裡﹐
我待會就請人發
通知⚬

從這裡到東漁市
實在太遠了﹗
實在不放心讓你
們這麼跋涉～

我?用專機送你
們過去好了﹗
就這麼決定﹗
我們就到機場會
合吧﹗",,0,0,
script_bell_healing_center,08,4b14,,14,25,done,,"受傷了嗎﹖

如果受傷的話﹐
只要進去這個α
射線放射器裡﹐
一下下～
就會復原喲﹗

要是受傷了﹐
就來找妮可吧﹗","Are you hurt?



If you're hurt, just enter this alpha ray emitter and you'll recover in a second! If you are injured, come to Nicole!",0,0,
script_bell_healing_center2,0e,52d0,,14,25,done,,"受傷了嗎﹖

如果受傷的話﹐
只要進去這個α
射線放射器裡﹐
一下下～
就會復原喲﹗

要是受傷了﹐
就來找妮可吧﹗","Are you hurt?



If you're hurt, just enter this alpha ray emitter and you'll recover in a second! If you are injured, come to Nicole!",0,0,
,0e,5333,,BALLOT,BALLOT_0,done,,"學校的門關起來
了﹗",The school's door is closed...,0,0,
,0e,5347,,BLANK,12,done,,"從流星雨過後﹐
有時候可以在道
路上看到星獸⚬

只要將牠們的體
力減弱後﹐
使用這個膠囊﹐
就可以將牠們捉
起來了﹗

啊﹗就在那邊⋯
不要跑﹗﹗","After the meteor shower, Star Beasts are out and about.

After weakening them, you can use this capsule to catch them!

Ah! There's one over there... don't run!",0,0,
,0e,53c0,,BLANK,1D,done,,"我查過歷史大事
記﹐
上面記載著～

一百多年前﹐
地球曾陷入危機
⚬

那個時候～

有八名科學家﹐
一起研究出了不
起的發明⚬
拯救了地球呢﹗","According to the history books, more than 100 years ago, the Earth was in crisis.

Eight scientists of the time worked together to develop a remarkable invention.

They saved the Earth!",0,0,
,0e,5437,,BLANK,1E,done,,"哇﹗﹗﹗﹗

不要跟爸爸說﹐
我偷捉星獸的事
情唷﹗

你也有星獸嗎﹖
較量一下吧﹗","Wow!

Don't tell my Dad, but I managed to catch a Star Beast!

Whoa, you have one too? Let's battle 'em!",0,0,
,0e,547a,,BLANK,1E,done,,"好厲害⚬

約定好了﹐
不可以跟我爸爸
講哦﹗","That was awesome!

Please promise not to tell my Dad!",0,0,
,0e,54a2,,BLANK,1E,done,,遜﹗,Laaame!,0,0,
script_bell_observatory,08,4b77,,BALLOT,BALLOT_0,done,,"學校的門關起來
了﹗",The school's door is locked...,0,0,
,08,4b8b,,BALLOT,BALLOT_0,done,,"爸～
回家吃飯了﹗",Dad! Dinner is ready!,0,0,
,08,4b9f,,BALLOT,BALLOT_0,done,,"爸～
吃飯了⚬","Dad, time for dinner!",0,0,
,08,4baf,,BALLOT,BALLOT_3,done,,爸～﹗﹗﹗,Daaaaaaad!,0,0,
,08,4bbb,,SAYA,11,done,,"是巴洛特呀﹗

⋯⋯⋯⋯⋯","It's Ballot!

...",0,0,
,08,4bd2,,BALLOT,BALLOT_0,done,,爸⋯⋯⋯,Dad...,0,0,
,08,4bdc,,SAYA,11,done,,"噓～

不要說話～

過來～","Hush, don't talk.

Come here.",0,0,
,08,4bf3,,SAYA,11,done,,"自從你媽媽病逝
後﹐
就沒有像這樣仔
細的看過你了⚬",I haven't seen you this closely since Mom got sick.,0,0,
,08,4c1d,,BALLOT,BALLOT_0,done,,"爸爸⋯

你怎麼了﹖",Dad... What's wrong?,0,0,
,08,4c2e,,SAYA,11,done,,"不要多話⚬

看看今夜的星空
⚬","Shush, don't say anything.

Take a look at the stars.",0,0,
,08,4c4c,,BALLOT,BALLOT_0,done,,"爸～

月光的顏色﹐
不是暖澄澄的黃
色嗎﹖

今晚的月光﹐
藍的有點可怕⋯","Dad, isn't the moon supposed to be pale and yellow?



Why is it looking a little blue tonight? It's a bit scary...",0,0,
,08,4c8c,,SAYA,11,done,,"⋯⋯⋯

終於來了嗎﹖

時機似乎太早了
一點⋯⋯","...It's finally here?



It's a little too early than I thought.",0,0,
,08,4cb5,,BALLOT,BALLOT_0,done,,爸⋯,Dad...,0,0,
,08,4cbd,,SAYA,11,done,,⋯⋯⋯⋯,...,0,0,
,08,4cc6,,BALLOT,BALLOT_4,done,,"糟了﹗

再不趕快出發到
學校的話﹐
一定會遲到的⚬","Oh no! If I don't hurry to school, I'll definitely be late. ",0,0,
script_bell_school1,08,4fa8,,MR_MO,24,done,,"早啊～巴洛特⚬

快點進教室﹐
就要上課了⚬

⋯⋯啊﹖﹗

巴洛特真是健忘
⚬
教室就是上面的
那間啊﹗","Good morning, Ballot.



Hurry up, class is about to start!



Huh? Don't you remember that your class is further down the hallway?",0,0,
,08,5001,,PRINCIPAL,16,done,,"巴洛特﹐早安⚬

怎麼一大早﹐
就露出這種心情
不好的表情呢﹖","Ballot, good morning.

Why do you look glum when it's so early in the morning?",0,0,
script_bell_school_north_classroom,08,50a3,,HAYATO,HAYATO,done,,"ＯＨ～
ＢＡＢＹ～

巴洛特～
你來的正好﹗

介紹我的新朋友
～
高貴隼人１號⚬","Oh baby~

Hey Ballot, you came at a great time!

Say hello to my new friend, Advanced Hayato Mark I!",0,0,
,08,50e8,,BALLOT,BALLOT_3,done,,"很好～了不起﹗

我要上課了⚬","Yeah okay, that's cool and all but I gotta get going now!

",0,0,
,08,5105,,HAYATO,HAYATO,done,,"ＯＨ～ＮＯ～

巴洛特不要說出
﹐
這種酸萄葡的話
⚬

這可是我的一個
天才機械發明家
朋友﹐
借給我的機器人
⚬

他可是非常的有
名唷⚬
想知道他是誰嗎
﹖","Oh no~

Ballot, don't be such a sour grape.

This is a robot that a genius roboticist friend of mine lent me.

He's very famous. Wanna know who he is?",0,0,
,08,5188,,BALLOT,BALLOT_3,done,,沒有興趣⚬,"Uhh, I'm not really interested.",0,0,
,08,5195,,HAYATO,HAYATO,done,,"ＯＨ～
ＢＡＢＹ～

難得巴洛特這麼
有興趣﹐
隼人真是感動⚬

放學後﹐
隼人就帶你去找
他⚬","Oh baby~

It's rare for you to show this much interest, and Hayato is really moved.

After school, Hayato will take you to find him. ",0,0,
,08,51e5,,FANGFANG,1A,done,,"巴洛特﹗

莫老師來了⚬

快回位置坐好⚬

你的位置有點變
動唷﹗
就在最右上方的
座位⚬","Ballot! Mr. Mo is here.

Go back to your seat. Your seating position changed! You're now in the top right seat.",0,0,
,08,522e,,MR_MO,24,done,,"巴洛特﹗

老師都已經來了
﹐
你要上哪兒去呢
﹖

快回去坐好﹗","Ballot!

Where do you think you're going? Hurry up and sit down!",0,0,
,08,5267,,FANGFANG,1A,done,,"快回位置坐好⚬

你的位置就在最
右上方的座位⚬",Quickly return to your seat. You're sitting at the upper right.,0,0,
,08,5291,,HAYATO,HAYATO,done,,"ＯＨ～
ＢＡＢＹ～

上課了﹐
像我這樣的好學
生﹐
一定會專心聽課
的⚬","Oh baby~

It's time for class! You should pay attention to the lesson and be more conscientious like me.",0,0,
,08,52d0,,BLANK,1E,done,,"上⋯上⋯
上課⋯課了⚬

巴．巴巴洛特⋯
快去⋯坐⋯
坐⋯坐好⚬","It's time for cl... class.

B-Ba-Ballot...

G-go sit... sit down.",0,0,
,08,5306,,MR_MO,24,done,,"大家都知道吧﹖

晚上會有一場很
壯觀的流星雨⚬

大家一定也很期
待吧﹗","Good morning, class!

There will be a spectacular meteor shower tonight. You all know that, right?

I'm sure you're all looking forward to it!",0,0,
,08,5346,,HAYATO,HAYATO,done,,"ＯＨ～
ＢＡＢＹ～

爸爸還特地買了
﹐
超超豪華天文望
遠鏡給隼人呢⚬","Oh baby~

Dad bought a super deluxe telescope for Hayato just for the occasion!",0,0,
,08,5387,,MR_MO,24,done,,"很⋯很好⋯⋯

誰知道這個流星
雨的詳細資料﹖","Yeah... Very, very good...

Anyway, can anyone tell me more about this meteor shower?",0,0,
,08,53af,,BALLOT,BALLOT_0,done,,"弗烈茲星系流星
雨﹐
離上次流星雨事
件１２０年⚬

距地球１９３２
光年⚬","The meteor shower originates in the Frigo Galaxy.



It's been 120 years since the last meteor shower event took place, about 1932 light years from Earth.",0,0,
,08,53ef,,MR_MO,24,done,,"完全正確﹗﹗

為了獎勵大家﹐
今天就提早下課
吧﹗

巴洛特﹗

老師待會會到你
家⚬

和你父親商量﹐
晚上借天文館看
流星雨的事⚬

待會見了⚬","Bravo, bravo!



As a reward, I'll dismiss you all early today!



Ballot! I'll visit your house later to ask your father about watching the meteor shower at the observatory tonight. I'll see you later.",0,0,
script_bell_school_south_classroom1,08,5039,,BLANK,1E,done,,"今天要上的是植
物課⚬

所以我帶了白老
鼠～吉吉來唷﹗","Today I'm going to take Horticulture 1.

So I brought my pet mouse! Meet Jiji!",0,0,
,08,506b,,BLANK,21,done,,"人家今天的便當
﹐
很好～很好吃哦
⚬

才．不．給．你
．吃﹗","My packed lunch today is delicious.

You can't have it!",0,0,
script_bell_village1_1,08,4651,,SNOWY,SNOWY,done,,汪汪～汪～,Woof! Woof!,0,0,
,08,465e,,BALLOT,BALLOT_0,done,,"小白～
乖～乖～

肚子餓了嗎﹖

我們一起去天文
台﹐
找爸爸回來吃晚
餐好嗎﹖","Aww, Snowy, are you hungry?



Let's go to the observatory together and call Dad for dinner, okay?",0,0,
,08,46a4,,SNOWY,SNOWY,done,,汪～汪汪～,Woof! Woof!,0,0,
,08,46b1,,BLANK,1B,done,,"賽亞﹖

我剛剛才和他聊
過天而已⚬

不過他一看到月
亮之後﹐
就緊張兮兮往天
文台跑去了⚬","Hmm, your dad? I just had a chat with him.



But as soon as he saw the moon today, he immediately ran towards the observatory.



I wonder what's up with him?",0,0,
,08,46fe,,BLANK,13,done,,"⋯啊﹖
要找你爸爸回家
吃晚餐啊⚬

真是孝順的小孩
⚬

媽媽病逝後﹐
要更堅強喲﹗

啊啊啊﹗﹗
又提到這件事～
真是對不起⚬","...Huh?

Is that for your dad?

How nice of you! Your mom would be proud!

Ah, I'm sorry!",0,0,
,08,4768,,BLANK,20,done,,"是你啊﹗

哈哈哈～
昨天考試﹐你又
考輸我了﹗

嘻嘻～
每．次．都．輸
．我﹗","Haha! Looks like you lost to me in the exam!



I win again!

I always do!",0,0,
,08,47af,,BLANK,1D,done,,"老師要教人家做
小餅乾⚬
這次要吃光光哦
⚬

人家這次不會再
做那種奇怪的餅
乾了啦﹗","The teacher wants to teach people how to make cookies.



I want to eat all of them. I won't make those weird cookies again this time!",0,0,
,08,47fb,,BLANK,16,done,,"唉呀～
最近的月亮怎麼
看起來﹐
有點藍藍的呢﹖

一定是我眼睛又
花了⚬","The moon seems to have a blue tint today...

Must be my imagination.

",0,0,
,08,4837,,BLANK,19,done,,"新聞報導說﹐
明天晚上會有大
規模的流星雨⚬

記得我年輕的時
候﹐
也曾預測過一次
⚬

但那次的預測錯
誤⚬

告訴你哦﹗
婆婆年輕的時候
～
是村子裡有名的
⋯⋯
大．美．女．哦
﹗","The news has reported that there will be a massive meteor shower tomorrow night.



I remember once when I was young, they forecast the same thing. But that time, the prediction was wrong.



Did you know? When I was young, I was famous in the village for my beauty!

",0,0,
script_bell_village1_2,08,4e15,,SNOWY,SNOWY,done,,汪汪～汪汪﹗,Woof! Woof!,0,0,
,08,4e23,,BLANK,1B,done,,"新聞報導說﹐
今天晚上會有大
規模的流星雨⚬

真是期待呢﹗",The news is reporting that there will be a massive meteor shower tonight. I really look forward to it!,0,0,
,08,4e55,,BLANK,13,done,,"不曉得為什麼﹐
只要一提到流星
雨的事﹐
賽亞就會露出不
安的臉色⋯

巴洛特呀﹐
你知道為什麼嗎
﹖","Every time the meteor shower is mentioned, Saya looks troubled...



Ballot, do you know why?",0,0,
script_bell_village2,0e,4abe,,BALLOT,BALLOT_0,done,,"爸爸一定是到了
某個地方了⚬

在房子裡找的話
﹐
一定會有線索的
﹗",Dad must be somewhere. I'm sure there'll be a lead in the house!,0,0,
,0e,4af9,,BALLOT,BALLOT_0,done,,"爸爸一定是到了
某個地方了⚬

在房子裡找的話
﹐
一定會有線索的
﹗","I'll have to search inside first, I'm sure there'll be a lead somewhere.",0,0,
,0e,4b34,,BALLOT,BALLOT_4,done,,"在抽屜裡～
發現了日記﹗",I found a diary in the drawer!,0,0,
,0e,4b4d,,BALLOT,BALLOT_0,done,,"日記的內容這麼
寫道：

～～～
～～～
４月２０日
月亮有藍化的跡
像⋯

為了預防那一天
的來臨﹐
再不快解開圖中
的祕密﹐
恐怕就⋯⋯","...

April 20th

There are signs of the moon turning blue.

If we don't decipher the diagram soon, I'm afraid we won't be able to stop it.",0,0,
,0e,4bc0,,BALLOT,BALLOT_4,done,,"日記裡夾著一張
泛黃的設計圖⚬

圖裡畫著密密麻
麻的機械構造圖

⋯⋯","A yellowed design diagram is enclosed in the diary!

The diagram contains a dense mechanical con- struction...",0,0,
,0e,4bfb,,BALLOT,BALLOT_0,done,,"爸爸一定想解開
設計圖中的祕密

我如果能解開圖
中的祕密的話﹐
就可以知道爸爸
的下落了⚬

可是這圖⋯⋯
再怎麼樣也無法
理解⋯","Dad must have wanted to unearth the secrets of the design schematics. If I can unlock the secrets of the blueprints, I'll probably find Dad.



But this diagram... no matter how hard I try, I can't understand it...",0,0,
,0e,4c6a,,BALLOT,BALLOT_2,done,,"伊隼人曾經提到
過他的朋友﹐
是位天才的機械
發明家⚬

他一定可以知道
圖中的祕密吧﹗

雖然很不願意﹐
但還是必需找一
趟伊隼人⚬","Hayato once mentioned that his friend is a genius mechanical inventor. He must be able to figure out the secret of the diagram!



I have to find Hayato, even though I don't want to...",0,0,
,0e,4cdd,,17,09,done,,嗚～～汪嗚﹗,Awoo~ Woof! Ruff!,0,0,
,0e,4cec,,BALLOT,BALLOT_4,done,,不⋯不要過來﹗,Don't.. Don't come any closer!,0,0,
,0e,4cfd,,17,09,done,,"嗚～嗚～
嗚汪～",Ruff! Ruff! Woof!,0,0,
,0e,4d10,,BALLOT,BALLOT_4,done,,"小白﹖

是小白沒有錯
﹗

你是怎麼了﹖

這是怎麼回事﹖","Snowy?

It is you!

What happened?

How did this happen?",0,0,
,0e,4d42,,SNOWY,09,done,,嗚汪～汪～,Ruff! Ruff!,0,0,
,0e,4d50,,BALLOT,BALLOT_0,done,,"看來發生了大事
情了﹗

小白﹗
我們去找伊隼人
吧﹗","It seems like something big has happened!

Snowy!

Come on, let's go find Hayato!",0,0,
,0e,4d81,,SYSTEM,VAST_FAME,done,,"星獸～小白加入
了隊伍⚬","Snowy joined your party!

",0,0,
,0e,4d99,,BLANK,1B,done,,"亞斯塔的天文台
毀了⚬

但從天文台裡﹐
並沒有發現任何
屍體⚬

巴洛特啊﹗
你父親一定沒有
死的⚬

自己一個人也要
加油哦﹗","The observatory has been destroyed.



Yet, no bodies were found within the observatory.

Ballot!

Your father must be alive somewhere. You'll have to be self-sufficient for now!",0,0,
,0e,4e05,,BLANK,13,done,,"新聞報導說道：

昨天的流星雨﹐
某些擊中了動物
⚬

被擊中的動物﹐
瞬間就變成了怪
獸﹗

科學家稱之為～
～星獸⚬

啊﹗
巴洛特～
小心你的後面啊
﹗﹗﹗","The news reports say that yesterday's meteor shower hit a few animals.



Some of the affected animals turned into mysterious creatures!



Scientists have tentatively named them - Star Beasts.



...Wait, Ballot, what's that behind you?



AHH!! BALLOT!! WATCH OUT!",0,0,
,0e,4e82,,BLANK,20,done,,"萬歲﹗

因為流星雨的關
係﹐
今天不用上課唷
﹗

萬歲﹗","Hooray!

No class today because of the meteor shower!",0,0,
,0e,4eb4,,BLANK,1D,done,,"巴．洛．特～

人家的餅乾做好
了唷﹗

超．好．吃﹗

嗚哇﹗巴洛特被
怪獸追了﹗","Ballot! I made cookies!

Super de-li-cious!

Ahh! Look out! You're being chased by one of those Star Beasts!",0,0,
,0e,4efa,,BLANK,16,done,,"唉呀～
怎麼天空上有一
道裂縫呢﹖

一定是我眼睛又
花了⚬","Uhh... Is that a crack in the sky, or am I going mad?",0,0,
,0e,4f2f,,BLANK,19,done,,"我看到了﹗
看到了﹗

昨晚一群隕石﹐
碰的一聲﹐
就砸到天文台了
﹗

還有我家的小白
兔﹐
也被流星打到﹐
變成怪獸﹗

我嚇得把牠們都
丟掉了﹗","I saw it! I saw it!

Last night a bunch of meteors hit the observatory with a bang!

My rabbits got hit too, and they turned into monsters!

I was so scared that I got rid of them all!",0,0,
script_cardilla_house_1a_2_6d46,66,6d46,,5A,18,done,,"我曾經聽米特少
爺說過﹐他有個
祕?的基地⚬

他曾和他的好朋
友～諾克一起到

祕密基地去冒險
但是少爺說﹐他
們的祕密不能讓
大人知道⋯⋯

唉～少爺是多麼
的活潑呀﹐但是
現在⋯⋯",,0,0,
script_cardilla_house_1d,66,5936,,5A,18,done,,"你們要找卡迪拉
老爺先生﹖
這⋯先生和夫人
都⋯都去逝了",,0,0,
,66,596b,,BALLOT,BALLOT_4,done,,"怎麼會這樣﹖
到底怎麼回事﹖",,0,0,
,66,5986,,5A,18,done,,"先生是一位相當
傑出的星空彩繪
家⚬
一家三口原本過
著幸福平淡的生
活?

誰知道﹐就在那
一天的晚上⋯⋯",,0,0,
,66,59e0,,49,14,done,,"米特﹐知道了嗎
要當一個稱職的
星空彩繪家﹐就
要對星空及星球
間的引力關係﹐
有深入的了解⚬",,0,0,
,66,5a33,,MITT,07,done,,"是的﹐爸爸⚬

爸爸﹐現在月球
因為弗烈茲星系

的裂縫引力牽引
造成軌道偏移﹐

要??修繪
軌跡圖呢﹖",,0,0,
,66,5a89,,49,14,done,,"米特也發現這個
問題了嗎﹖

爸爸真是高興⚬
米特以後一定是

個超越爸爸的星
空彩繪家﹗

月球偏移軌道後
因大氣層光影折
射緣故﹐會變質
成藍色可見光⚬

首先要計算出星
系裂縫的引力值
然後再⋯⋯",,0,0,
,66,5b30,,4A,50,done,,"親愛的﹐
你們有聽到
什麼聲音嗎﹖",,0,0,
,66,5b52,,MITT,07,done,,"媽媽聽到了什麼
嗎﹖",,0,0,
,66,5b66,,49,14,done,,"糟糕﹗是那隻瘋
狂的星獸～

雪熊﹗
米特﹐謝麗娜﹐
你們快逃⚬",,0,0,
,66,5b9f,,4A,50,done,,"不～親愛的﹐我
們一起逃﹗",,0,0,
,66,5bba,,4A,50,done,,親⋯親愛的﹗,,0,0,
,66,5bc9,,MITT,4A,done,,爸爸﹗,,0,0,
,66,5bd2,,5A,18,done,,"於是﹐等到救護
人員趕到時﹐只

剩下奄奄一息的
米特了⋯⋯

米特在爸媽過逝
後﹐因為傷心過

度﹐而把自己封
閉了起來⚬

變??一個沒有
知覺的人﹐如今

還在星夢醫院病
房觀察中⚬
真叫人難過⋯⋯",,0,0,
,66,5c77,,5A,18,done,,"米特在爸媽過逝
後﹐因為傷心過

度﹐而把自己封
閉了起來⚬

變??一個沒有
知覺的人﹐如今

還在星夢醫院病
房觀察中⚬
真叫人難過⋯⋯",,0,0,
script_cardilla_house_26_2_610e,66,610e,,5A,18,done,,"不好了～
不好了﹗
米特少爺最喜歡
的水晶音樂盒被
人給偷走了﹗

就在剛才﹐有一
男一女侵入了少

爺的房間﹐把水
晶音樂盒給偷走
了﹗
真?糟糕﹗",,0,0,
,66,618d,,BALLOT,BALLOT_5,done,,一男一女﹖,,0,0,
,66,619b,,BALLOT,BALLOT_4,done,,"有種不好的預感
難道會是～
『他們』﹖",,0,0,
,66,61c1,,5A,18,done,,"不好了～
不好了﹗
米特少爺最喜歡
的水晶音樂盒被
人給偷走了﹗

就在剛才﹐有一
男一女侵入了少

爺的房間﹐把水
晶音樂盒給偷走
了﹗
真?糟糕﹗",,0,0,
script_carpet_womans_house1_1,08,497a,,BLANK,1F,done,,"啊啊﹗﹗﹗

怎麼把狗帶到別
人家裡來⚬

我才剛換了新地
毯﹐
這下又弄髒了﹗

真是沒教養的小
孩⚬","Ahhh!!!

How could you bring a dog into someone's house?!

I just cleaned my carpet, and now it's dirty again! You uneducated child!

",0,0,
,08,49cc,,SNOWY,SNOWY,done,,嗚～～汪汪汪﹗,Awoo~ Woof! Woof!,0,0,
script_carpet_womans_house1_2,08,4aac,,BLANK,15,done,,"明天晚上會有大
規模的流星雨⚬

這種難見的奇景
﹐
我一定不能錯過
﹗

對了～

明天晚上﹐
我們去你爸的天
文台看流星雨⚬","There will be a massive meteor shower tomorrow night. I can't miss this rare spectacle!



By the way, tomorrow night, we will go to your father's observatory to watch the meteor shower.

",0,0,
script_carpet_womans_house1_3,08,4ecc,,BLANK,1F,done,,"真是可惡～

才剛換了新地毯
﹐
這下又弄髒了﹗","You...

I just re-washed my carpet, and you've dirtied it AGAIN!",0,0,
script_carpet_womans_house1_4,08,4f1a,,BLANK,15,done,,"今天晚上會有大
規模的流星雨⚬

這種難見的奇景
﹐
我一定不能錯過
﹗

對了～

今天晚上﹐
我們去你爸的天
文台看流星雨⚬","There will be a massive meteor shower tonight. I can't miss this rare spectacle!



By the way, tonight, we will go to your father's observatory to watch the meteor shower.",0,0,
,08,4f82,,BALLOT,BALLOT_0,done,,"上學快要遲到了
﹐
不是到處溜噠的
時間⚬",I'm almost late for school! It's not the time to go wandering off.,0,0,
script_carpet_womans_house2_1,0e,5154,,BLANK,1F,done,,"是巴洛特啊～

啊啊啊﹗﹗﹗

快把那隻星獸帶
出去﹗

我才剛洗好了地
毯﹐
又被你弄髒了﹗","Ahh!!! Not again!

Ballot, stop soiling my carpet and take that monster out with you!",0,0,
,0e,519f,,SNOWY,09,done,,"嗚～～
嗚汪汪汪﹗",Awoooooo!,0,0,
,0e,51b1,,BLANK,1F,done,,"啊啊啊啊啊啊﹗

不⋯⋯
不要咬我⋯⋯﹗

快⋯快出去﹗","Ahhhhh!!!!! Don't bite me!!

G-Get away from me!",0,0,
script_carpet_womans_house2_2,0e,528c,,BLANK,15,done,,"流星雨過後﹐
賽亞就神祕的失
蹤了⚬

天文台也毀了⋯

巴洛特啊～
要振作唷﹗","No one's seen Saya since the meteor shower.

The observatory was also destroyed...

Pull yourself together, Ballot! I'm sure he'll be fine.",0,0,
script_clock_tower1f_1,12,5b24,,BLANK,24,done,,"這個鐘塔是加爾
企業的所有物⚬

不可以再進去了
喲⚬尤其是旁邊
那個門﹗
那可以⋯⋯

總之不能靠近
就是了﹗","This clock tower is owned by GaleCorp. Entry is prohibited. Especially through this door! 

This could... 

Anyway, keep out!

",0,0,
script_clock_tower1f_2,12,7787,,BLANK,24,done,,"好⋯好恐佈﹗
鐘塔的擺動停了
﹐在修理的途中
﹐聽到了怪聲音

⋯原來是⋯恐怖
的東西⋯
怎⋯怎麼辦⋯
我不敢進去⋯","H... How terrible!

The clock tower had stopped working, and while repairing it, I heard a strange noise...

It turned out to be... Something terrifying...

Wh-what to do...

I dare not go in...",0,0,
script_clock_tower5f,12,77ea,,29,52,done,,"嘀嘀～答答～滴
答～","Tick, tock, click-clock!",0,0,
,12,77ff,,BALLOT,BALLOT_5,done,,"原來是星獸搞的
鬼﹗牠讓鐘塔的
時間停止了﹐所
以永遠是白天﹗

如果沒有打倒牠
的話﹐馬克的
交接典禮﹐就永
遠無法舉行了﹗","It's this Star Beast's fault!

It stopped the time on the clock tower, so it would always be daytime!

If we don't defeat it, the handover ceremony is never going to be held!",0,0,
,12,7870,,29,52,done,,"嘀嘀～答答～滴
答～","Tick-tick, tock-tock, tick... Tock!",0,0,
script_coffee_forest_part3,12,6471,,27,51,done,,"咕嚕～咕嚕～咕
嚕～","Gluggo gluggo glug!

",0,0,
,12,6486,,NINA,NINA_4,done,,"糟了﹗牠要吐出
令人興奮的氣息
了﹗得趕快打倒
牠才行﹗","Oh no! It is about to emit an exciting scent!

We have to hurry and defeat it!",0,0,
,12,64ba,,BLANK,1D,done,,"呀﹗怎麼回事﹗
我做了什麼事嗎
﹖感覺上﹐好像
做了一場很興奮
的夢⋯⋯","Whoa! What's going on! What was I doing? 

I feels like I was having a very exciting dream...

",0,0,
,12,64fb,,NINA,NINA_1,done,,"這就是天使樹了
﹗只要有天使之
葉的話﹐哥哥的
傷﹐就一定可以
治好的﹗","This is the Angel Tree! With an Angel Leaf, my brother's injuries can be cured for sure!",0,0,
,12,653d,,BALLOT,BALLOT_5,done,,"得到了天使之葉
﹗","Got the Angel Leaf!

",0,0,
script_crystal_village,0e,6324,,BLANK,1E,done,,這裡是水晶村⚬,"Our little town is known for producing Rainbow Crystals, the most durable source of energy ever made!",0,0,
,0e,6336,,BLANK,12,done,,"唉～就這樣莫名
奇妙的失業了⋯

水晶礦區莫名奇
妙的﹐
被閃電集團的人
霸佔了﹗

所有的礦工都失
業了﹗",The Crystal Mines were inexplicably taken over by the Volts and fired all the employees!,0,0,
,0e,638b,,BLANK,14,done,,"閃電集團將礦區
給封閉了起來⚬
並把所有的礦工
都解雇了﹗

糟糕～

不做礦工﹐
那我要做什麼呢
﹖","They shut down the mines and fired everyone!

How awful...

If I can't be a miner, what can I do?",0,0,
,0e,63de,,BLANK,1D,done,,"偷偷告訴你唷﹗

那個閃電集團﹐
好像有個祕密的
基地﹗

這是我偷聽到的
﹗

裡面應該有很大
的祕密﹗","Wanna hear a secret?

That Volt gang seems to have an under- ground base!

At least, that's what I heard while eaves- dropping!

Something big might be in there!",0,0,
,0e,6434,,BLANK,19,done,,"村裡的男人都失
業了﹗
都是那個可惡的
閃電集團搞的﹗","All the men in the village are unemployed!

It's all because of those damned Volt people!",0,0,
,0e,6466,,BLANK,1C,done,,"如果使用彩虹水
晶﹐
當成高速賽車的
核心的話﹐
那一定就是最高
級的高速賽車﹗",All the best racing cars use a Rainbow Crystal in their core! It's ir- replaceable!,0,0,
,0e,64ad,,BLANK,20,done,,"這次不能忘記⋯
不然頭目就⋯

趁沒有人看的時
候⋯
寫在手心裡⋯

壁⋯櫥⋯裡⋯⋯","This time, we can't forget it again..

Or Laki will...

I think I'll write it on the palm of my hand while no one is looking...

It's... in... the closet...",0,0,
,0e,64f7,,BLANK,20,done,,"呀﹗﹗﹗

你怎麼在這裡﹗
走開﹗","?!

This is none of your business!

Now SCRAM!",0,0,
,0e,6515,,BLANK,15,done,,"哎～

老公都失業了⋯
像這種豐盛的午
餐﹐
不曉得還能煮幾
回﹖","Now that my husband is unemployed...

I don't know when I'll be able to cook such fancy lunches again.",0,0,
,0e,6550,,BLANK,1B,done,,"聽說科技城的
雷歐﹐
和閃電隊賽車輸
了三千萬﹗

這種結果是一定
的⚬
因為彩虹水晶停
產了﹐
一定做不出好的
賽車的⚬","I heard that Dr. Leo of Tech City lost 30 million yen racing against the Volts!

It was inevitable; since the Rainbow Crystal was discontinued, he doesn't have the parts to make good racing cars.",0,0,
,0e,65b8,,BLANK,1E,done,,"爸爸的口袋裡﹐
有一顆七彩的水
晶耶﹗",There's a colorful crystal in my dad's pocket!,0,0,
,0e,65de,,BUCK,BUCK,done,,"水晶﹖

給巴克．雷歐博
士．要﹗",Ａ ＣＲＹＳＴＡＬ？ ＧＩＶＥ ＩＴ ＴＯ ＢＵＣＫ！ ＤＲ． ＬＥＯ ＮＥＥＤＳ ＩＴ！,0,0,
,0e,65fc,,BLANK,1E,done,,不～要﹗,No!,0,0,
,0e,6607,,BLANK,20,done,,"站住﹗

這裡是閃電隊的
地盤﹐快走﹗","Get out!

This place is the Volts' turf!",0,0,
,0e,662c,,BALLOT,BALLOT_4,done,,"壁櫥裡有個洞﹗

打開了﹗﹗",There's a doorway in the closet! It's open!,0,0,
,0e,6647,,20,30,done,,"輸、入、密、碼
﹖",ＡＵＴＨＯＲＩＺＡＴＩＯＮ ＮＥＥＤＥＤ． ＰＡＳＳＷＯＲＤ， ＰＬＥＡＳＥ．,0,0,
,0e,665b,,BUCK,BUCK,done,,"巴洛特．巴克．
試試⚬

巴克．要．隊伍
．前頭⚬","ＢＡＬＬＯＴ． ＢＵＣＫ ＷＡＮＴＳ ＴＯ ＴＲＹ．

ＢＵＣＫ ＷＩＬＬ ＬＥＡＤ ＴＨＥ ＷＡＹ．",0,0,
,0e,6689,,BALLOT,BALLOT_4,done,,"壁櫥裡有個洞﹗

打開了﹗﹗",There's a doorway in the closet! It's open!,0,0,
,0e,66a4,,20,30,done,,"輸、入、密、碼
﹖",ＡＵＴＨＯＲＩＺＡＴＩＯＮ ＮＥＥＤＥＤ． ＰＡＳＳＷＯＲＤ， ＰＬＥＡＳＥ．,0,0,
,0e,66b8,,BUCK,BUCK,done,,"巴克．解碼⚬

￠２＃⨉⸳￡
ＭＫＣ㏒㏑３

密碼：
９７．３５","ＢＵＣＫ ＷＩＬＬ ＴＲＹ ＤＥＣＯＤＩＮＧ ＴＨＥ ＰＡＳＳＷＯＲＤ．

．．．

ＰＡＳＳＷＯＲＤ ＩＳ ９７３５",0,0,
,0e,66eb,,20,30,done,,正確～正確⚬,ＡＣＣＥＳＳ ＧＲＡＮＴＥＤ．,0,0,
,0e,66fa,,22,32,done,,"你們是誰﹖

侵入祕密基地的
傢伙﹐
要給你們一點教
訓﹗","Who are you?

How dare you invade our secret base!

We'll teach you a lesson!",0,0,
,0e,672d,,22,32,done,,"可惡﹗
這裡失守了嗎﹖

雖然對不起頭目
及大姐頭﹐
但還是徹退吧﹗","Damn it! We've been found out!

I'm sorry, chief and big sis, but we need to retreat!",0,0,
,0e,676a,,22,32,done,,"不行～
得趕快徹退才行
﹗",No! We need to get out of here!,0,0,
,0e,6784,,22,32,done,,"你們是誰﹖

讓開﹗
不要擋住我徹退
的路﹗","Who are you? Get out of the way! 

You won't stop me from retreating!",0,0,
,0e,67ae,,22,32,done,,"可惡﹗

雖然被打敗了﹐
但你還是阻止不
了我的徹退的﹗",Damn it! I've been beaten! But you're still no match my retreating skills!,0,0,
,0e,67e0,,BALLOT,BALLOT_0,done,,"這一定就是彩虹
水晶了﹗

雷歐博士有了這
個﹐
一定就可以打敗
閃電隊了﹗","This must be the Rainbow Crystal! With this, Dr. Leo will be able to defeat the Volts!",0,0,
,0e,6821,,BALLOT,BALLOT_1,done,,得到彩虹水晶⚬,Got the Rainbow Crystal!,0,0,
,0e,6832,,BLANK,12,done,,"閃電集團莫名奇
妙的跑光了﹗

又可以恢復工作
了⚬

從來不曉得﹐
有工作的感覺是
這麼美妙﹗","Those Volt guys ran for the hills!

We've all gotten our jobs back. I've never been this happy to go to work!",0,0,
,0e,6882,,BLANK,14,done,,"霸佔水晶礦坑的
閃電集團消失了

這真是個天大的
好消息⚬",Good news! Those volty guys occupying the mine have disappeared!,0,0,
,0e,68b3,,BLANK,19,done,,"前幾天經過科技
城的發電塔﹐
結果發現了一隻
好大的貓怪﹗

真是可怕﹗","A few days ago, while walking past Tech City's power plant, there was a giant cat monster! I ran for my life!",0,0,
,0e,68f4,,BLANK,15,done,,"哈哈哈～

老公又有工作了
﹗

煮頓超豪華料理
吧﹗","Hahahaha, my hubby has a job again!

I'll go whip up a deluxe meal!",0,0,
,0e,6923,,BLANK,1E,done,,"爸爸的口袋裡﹐
有一顆七彩的水
晶耶﹗

這是我的寶藏﹐
才不要給任何人
﹗","There's a colourful crystal in my dad's pocket!

I'll never give this treasure to anyone!",0,0,
script_death_valley,58,56be,,LANTE,LANTE_0,done,,＃＄＠※⋯﹗,,0,0,
,58,56cc,,BALLOT,BALLOT_5,done,,"他似乎正在說話
的樣子⋯
戴上耳機﹐什麼
也聽不到﹗",,0,0,
,58,56fe,,LANTE,LANTE_0,done,,"％＄✰＠＄＃﹗
％◇√＃﹗﹗﹗",,0,0,
,58,5719,,LANTE,42,done,,"你們怎麼會有媽
媽的絕緣耳機﹖",,0,0,
,58,5736,,BALLOT,BALLOT_5,done,,"你就是蒂朵阿姨
的兒子﹖
這是怎麼回事﹖",,0,0,
,58,575e,,LANTE,LANTE_0,done,,我叫做藍特⚬,,0,0,
,58,576d,,LANTE,LANTE_0,done,,"爸爸是一個地理
科學家﹐在前天
探測到﹐生之谷
有不正常的火山
活動⚬

隨時有火山爆發
的危險⚬

於是爸爸叫我疏
散村人﹐自己潛

到生之谷觀察情
況了⚬

但是村人都不理
我⋯⋯
我只好在半夜﹐
用笛聲將他們全
都催眠﹐引到死
之谷來⚬",,0,0,
,58,583a,,BALLOT,BALLOT_5,done,,原來如此⚬,,0,0,
,58,5847,,LANTE,LANTE_0,done,,"你就是巴洛特嗎
我聽爸爸提過你
你們正在尋找動
力晶片嗎﹖

爸爸也有一片唷
﹗",,0,0,
,58,588d,,BALLOT,BALLOT_1,done,,這真是太好了﹗,,0,0,
,58,589d,,LANTE,LANTE_0,done,,"就是這個﹗
這是爸爸給我的
爸爸曾經說過﹐
如果遇到巴洛特
的話﹐就把晶片
給他﹗",,0,0,
,58,58e8,,BALLOT,BALLOT_5,done,,得到了晶片５﹗,,0,0,
,58,58f7,,LANTE,42,done,,"啊﹗﹗又地震了
真是擔心爸爸的
安全﹗",,0,0,
,58,591b,,BALLOT,BALLOT_5,done,,"我們到生之谷﹐
找出你爸爸吧﹗",,0,0,
,58,5939,,LANTE,LANTE_0,done,,"嗯﹗等到火山的
危機解除後﹐我

再放出那些村人
⚬",,0,0,
,58,5967,,BALLOT,BALLOT_5,done,,"藍特＆音樂靈加
入隊伍﹗",,0,0,
,58,5980,,SYSTEM,VAST_FAME,done,,"如將藍特置於排
頭﹐如遇阻擋之

人類﹐便可吹奏
出催眠的音樂﹐
而通過阻礙⚬",,0,0,
,58,59c6,,BLANK,22,done,,"放我們出去﹗
你這個死小孩﹗
說什麼生之谷就
快要火山爆發﹗

騙人的死小孩﹗",,0,0,
script_drleo_spaceship_cutscene,0f,4f42,,1B,4C,done,,"博士終於做好了
反重力裝置了﹗

身為加爾企業採
購部經理的我﹐
終於可以回去參
加重要的會議了","Dr. Leo finally finished his anti-gravity device! As the manager of the procurement department of GaleCorp, I can finally return for my important meeting!",0,0,
,0f,4f94,,DR_LEO,DR_LEO,done,,"啊啊啊啊啊﹗﹗

巴洛特啊﹗
你來的剛剛好﹗

了不起的大發現
﹗","AAAAAAAHHH!!

Ballot! You're right on time!

There's been a major breakthrough!",0,0,
,0f,4fca,,BALLOT,BALLOT_4,done,,了不起的發現﹖,A major breakthrough?,0,0,
,0f,4fdc,,DR_LEO,DR_LEO,done,,"我看了你的設計
圖﹐
這可是不得了的
東西喲﹗

這可是一台超越
想像的太空船﹗
太．空．船．哦
﹗

你為什麼會有這
張設計圖﹖","I took a look at those blueprints you gave me, and they're truly wonderful!

These blueprints are for a giant spaceship!

Where could you have gotten these?",0,0,
,0f,504b,,BALLOT,BALLOT_2,done,,"這是爸爸唯一留
下的東西⋯⋯

我一直在想﹐
如照著爸爸的
目標走﹐

一定可以相遇的
⚬","This is the only thing my father left behind..

I hoped that by following in his footsteps, I'd figure out where he went.",0,0,
,0f,5097,,DR_LEO,DR_LEO,done,,"是這樣啊﹗

⋯⋯⋯⋯這是什
麼﹖

設計圖的『核』
﹐
怎麼有八個空白
的部份﹖

⋯⋯⋯

慢著⋯或許⋯⋯","Oh, I see...

Wait, what's this?

In the blueprints for the Core, there are 8 missing pieces...

Unless...",0,0,
,0f,50ed,,DR_LEO,DR_LEO,done,,"就是這個﹗
『動力晶片』﹗
這是核心的
一部份﹗

就我所知﹐
這晶片共有八
個﹐
分別由八個科學
家保管⚬

喂喂～巴洛特﹗

你不是想找到你
爸爸嗎﹖
我們就來做個分
工：

我負責完成圖上
的太空船機體⚬

你就負責尋找﹐
剩下的七個動力
晶片﹐

好嗎﹖","I've got it!

These sections correspond to the power circuits, which are the most important piece of the core!

As far as I can gather, those chips should be in the possession of 8 scientists, and I have one of them.

Ballot!

You want to find your father, don't you? How about we make a deal?

I'll finish the hull of the spaceship, while you go and hunt down the other 7 chips so that we can make this thing fly.

How about that?",0,0,
,0f,51c1,,BALLOT,BALLOT_4,done,,"動力晶片﹖

爸爸一定也想解
開這個謎團⚬

好的﹗

雷歐博士～
我答應你⚬","Power circuits?

Dad must have been trying to solve the mystery of these little things.

Alright!

Dr. Leo, it's a deal!",0,0,
,0f,5200,,1B,4C,done,,"這個晶片﹖

我好像在董事長
那裡﹐
看過類似的東西
⚬

但董事長發生了
一件令人難過的
事情⋯

一言難盡⋯⋯

巴洛特要是來到
加爾企業﹐
我再幫你引見董
事長⚬

各位﹐再見了⚬","These circuits?

I think I remember the chairman having something like that once, but something unfortunate happened since then...

It's kind of hard to explain...

Ballot, if you come over to Gale Corp, I'll help you make an appointment with the chairman.

I've got to go now, see you!",0,0,
,0f,5299,,DR_LEO,DR_LEO,done,,"你不是想找到你
爸爸嗎﹖
我們就來做個分
工：

我負責完成圖上
的太空船機體⚬

你就負責尋找﹐
剩下的七個動力
晶片⚬","You want to find your father, don't you?

I'll finish the hull of the spaceship, so go and hunt down the other 7 chips so that we can make this thing fly.",0,0,
,0f,52fb,,DR_LEO,DR_LEO,done,,"巴洛特～
慢著慢著﹗

先不要急著走⚬","Ballot, hold on! Don't leave in such a hurry!",0,0,
,0f,531f,,DR_LEO,DR_LEO,done,,"這個給你﹗

這是晶片追蹤器
及傳送ＰＤＡ⚬

有了它﹐就可以
知道﹐
剩餘晶片的所在
位置了﹗

ＰＤＡ則是方便
你～
將得到的晶片﹐
傳輸給我⚬","This is for you!

It's a tracker to help you find the circuits, along with a PDA.

With this, you can find out where all the chips are!

The PDA will be convenient as well: you can use it to send the diagrams you find to me.",0,0,
,0f,538f,,BALLOT,BALLOT_1,done,,得到了追蹤器﹗,Got the Chip Tracker!,0,0,
,0f,539e,,BALLOT,BALLOT_1,done,,得到了ＰＤＡ﹗,Got the PDA!,0,0,
,0f,53ad,,DR_LEO,DR_LEO,done,,"巴克～

你也跟著巴洛特
吧﹗

多個人﹐也好彼
此照應⚬","Buck, why don't you go with Ballot?

With more people in the party, it'll be safer for him to travel.",0,0,
,0f,53e1,,BUCK,BUCK,done,,"博士．巴克．
巴克⋯",ＤＯＣＴＯＲ．．．． ＢＵＣＫ．．． ＢＵＣＫ．．．,0,0,
,0f,53f6,,DR_LEO,DR_LEO,done,,"我知道你在想什
麼﹗

等你回來～

我一定想辦法將
你變得像個人類
好嗎﹖","I know what you're thinking!

Once you return safely, I'll figure out something to make you more humanlike!

How about that?",0,0,
,0f,5439,,BUCK,BUCK,done,,博士．真的﹖,ＤＯＣＴＯＲ．．． ＲＥＡＬＬＹ？,0,0,
,0f,5446,,DR_LEO,DR_LEO,done,,"就這樣改一改⋯

就是這裡⋯

⋯⋯⋯

ＯＫ﹗
改造完畢﹗

巴克的新式機械
鳥﹐
將可搭載巴克﹐
飛過小型的凹地
﹗","Just tweak this, and solder that...

OK! The modifications are complete!

Buck, this brand new robot bird is for you!

I've named it Beattro, and it can carry you across small bumps in the road!",0,0,
,0f,54ad,,BALLOT,BALLOT_1,done,,"巴克＆機械鳥
加入隊伍﹗",Buck and Beattro joined the party!,0,0,
,0f,54c5,,SYSTEM,VAST_FAME,done,,"星獸．機械鳥加
入隊伍⚬

如果將巴克置於
隊伍前頭﹐
可籍由機械鳥的
力量﹐
飛越地圖的小型
凹洞⚬","Star Beast Beattro joined the party. If Buck is leading the party, he can use Beattro's power to cross small holes in the ground.",0,0,
,0f,5521,,DR_LEO,DR_LEO,done,,"去吧～

到加爾企業﹐
尋找剩下的七個
動力晶片吧⚬","Go on! You can start at GaleCorp, and find the other 7 chips from there.",0,0,
,0f,554f,,DR_LEO,DR_LEO,done,,"去吧～

到加爾企業﹐
尋找剩下的七個
動力晶片吧⚬","Go on! You can start at GaleCorp, and find the other 7 chips from there.",0,0,
,0f,557d,,BALLOT,BALLOT_2,done,,"這個洞⋯
該怎麼通過呢﹖",This hole... How will we cross it?,0,0,
,0f,5595,,BUCK,BUCK,done,,"巴洛特．巴克．
換．在排頭⚬

機械鳥．飛．地
洞⚬",ＢＡＬＬＯＴ！ ＬＥＴ ＢＵＣＫ ＬＥＡＤ． ＢＥＡＴＴＲＯ ＣＡＮ ＦＬＹ ＯＶＥＲ ＨＯＬＥＳ．,0,0,
script_duolu_city2,12,723c,,BLANK,12,done,,"加爾企業董可長
找到了孫子﹖

真是替他感到高
興～","Gale Corp.'s chairman's grandson has been found?

I'm so happy for him!",0,0,
,12,7267,,BLANK,23,done,,"往西邊走的話﹐
就是鐘塔了⚬

那是加爾企業董
事長為了紀念去
逝的女兒而建的
那鐘塔已經成為
多魯市的地標了
呢⚬

我們都是依照鐘
塔上的時間座息
的⚬","If you go west, you'll see the Clock Tower. The chairman of Gale Enterprises erected it as a memorial to his deceased daughter. It's become a landmark of Dorington, and we all set our watches according to the time on the Clock Tower.

",0,0,
,12,72ef,,BLANK,18,done,,"真是奇怪﹗真是
奇怪呀﹗

到底什麼事奇怪
呢﹗

我也說不上來⋯","It's weird! It's really weird!

What's so weird? Even I can't tell...",0,0,
,12,7320,,BLANK,1C,done,,"嘻嘻～吃點心吃
得好飽喲﹗啊﹗
這⋯這是怎麼回
事﹖好⋯奇⋯怪
﹗","Heehee! I ate so many snacks, I'm full! Ah! 

What's going on? 

This is... so strange!",0,0,
,12,735b,,BLANK,1C,done,,"嘻嘻～
吃得好飽喲﹗","Heehee! I'm so full!

",0,0,
,12,736f,,BLANK,1F,done,,"加爾企業明天就
要舉行董事交接
典禮﹗真是期待","Gale Corp. will be holding a handover ceremony tomorrow!

I'm really looking forward to it.",0,0,
script_duolu_city2_1,12,5194,,BLANK,15,done,,這裡是多魯市⚬,"Welcome to Dorington, home of the world-famous Gale Enterprises.",0,0,
,12,51a6,,BLANK,21,done,,"看到那棟最高的
建築了嗎﹖
那就是鼎鼎大名
的加爾企業唷﹗",Do you see that tall tower over there? That building is the headquarters of the famous Gale Enterprises!,0,0,
,12,51d9,,BLANK,12,done,,"看過告示版了嗎
﹖真是可憐啊～
加爾企業的董事
長正在尋找十六

年前失散的孫子
呢⚬","Do you see that noticeboard? How sad.. Gale Enterprises' chairman is still trying to find his grandchild, who vanished 16 years ago.",0,0,
,12,5223,,BLANK,23,done,,"往西邊走的話﹐
就是鐘塔了⚬
那是加爾企業董
事長為了紀念去
逝的女兒而建的

那鐘塔已經成為
多魯市的地標了

呢⚬我們都是依
照鐘塔上的時間
作息的⚬","If you go west, you'll see the Clock Tower. The chairman of Gale Enterprises erected it as a memorial to his deceased daughter. It's become a landmark of Dorington, and we all set our watches according to the time on the Clock Tower.",0,0,
,12,52aa,,BLANK,18,done,,"加爾企業董事長
失散的孫子﹐身

上掛著一條會發
光的月型項鍊﹐
名叫月琉璃⚬要
是被我找到的話
﹐我就發財了⚬","The grandson of Gale Enterprises' chairman was said to have worn a shiny necklace in the shape of the moon, known as the Moon Glaze. I'm sure it's worth a fortune! If I find it, I'll be rich!",0,0,
,12,530c,,BLANK,1C,done,,"哦～鐘塔的時間
已經３點了﹗

嘻嘻～點心時間
到了﹗","The time on the clock tower is 3pm! Hehe, it's teatime!",0,0,
,12,5338,,BLANK,1F,done,,"唉呀～真是不得
了﹗

只要能找到加爾
企業董事長的孫

子﹐就能獲得一
～大筆錢﹗

我一定要搶在別
人前面找到﹗","Aiyeee!! This is serious! If I find the chairman's grandson before anyone else, I'll get a lot of money! I must find him before anyone else does!",0,0,
,12,5396,,BLANK,16,getchoice String_1cc5,,想知道嗎﹖,Do you want to know something?,0,0,
,12,53a4,,BLANK,16,done,,是這樣子的啊～,If that's how it is...,0,0,
,12,53b6,,BLANK,16,done,,"十六年前﹐加爾
企業董事長～
哈爾遜的女兒﹐
與一名牧羊人發
生了戀情⚬

董事長非常的憤
怒﹐覺得牧羊人
高攀不上他的女
兒⚬

於是拆散了二人
﹐並把剛出世的
小嬰兒送走⚬

之後﹐董事長的
女兒便鬱鬱而終","16 years ago, the daughter of Harrison, Gale Enterprises' chairman, had a relationship with a shepherd. The chairman was furious as he felt that the shepherd was not worthy of his daughter, so he forced them to break up and had the child sent away. The chairman's daughter died of depression shortly after.",0,0,
,12,546f,,BLANK,19,done,,"往南邊走﹐就會
到達山達農莊⚬

那裡是個純樸的
小鎮﹐主要出產

咖啡跟天使之葉
⚬","If you go south, you will arrive at Mountreach Farm. It is a simple town that produces mainly coffee and angel leaves.",1,0,
script_duolu_city2_3,12,76dc,,BLANK,18,done,,"真是奇怪﹗真是
奇怪呀﹗

我終於發現奇怪
在哪裡了﹗

鐘塔上的時間﹐
似乎動都不動﹗
是鐘塔出了問題
嗎﹖

會是我的錯覺嗎
﹖","How weird! How very weird! I finally figured out what seemed so strange to me!

The time on the clock tower doesn't seem to advance at all!

Is something wrong with the clock tower?

Or am I imagining things?",0,0,
,12,7746,,BLANK,1C,done,,"好⋯奇⋯怪﹗
我才剛吃完點心
﹐怎麼還是３點
呢﹖人家好飽⋯

不要吃了啦﹗","That's sooo weird!

I just finished my snacks, why is it still 3 o'clock?

I'm full... I don't wanna eat anymore!",0,0,
script_duolu_city2_4,12,7885,,BLANK,18,done,,"真是奇怪﹗真是
奇怪呀﹗
鐘塔的時間又動
了﹗

看來是我的錯覺
⚬","How strange! How very strange!

The time on the clock tower has started moving again!

Looks like I was imagining things.",0,0,
script_duolu_city_1b,12,54b8,,BLANK,16,done,,"唉～其實加爾企
業董事長的心情

﹐我真的可以體
會⋯⋯

年老時才發現﹐
沒有人可以繼承

他那龐大的事業
﹐那是相當令人
不甘心的⚬","In fact, I really empathise with the chairman of GaleCorp... it is quite disheartening to find out that there is no one to inherit his huge business in old age. ",0,0,
,12,5528,,BLANK,19,done,,"哼﹗那個加爾企
業的董事長﹐一
點都不可憐呢﹗

當初他要是沒有
拆散那對戀人的

話﹐就不會有這
種結果了﹗","Hmph! I don't pity the chairman at all! If he hadn't broken up the couple in the first place, they wouldn't have ended up like this! ",0,0,
script_duolu_city_1c,12,5589,,BLANK,1B,done,,"十六年前﹐哈爾
遜董事長的女兒
﹐愛上了一名男
人﹗那名牧羊人
﹐就是山達農莊
的牧羊人⚬
事後那名牧羊人
被趕出這裡﹐再
也沒有人看過他
了⋯⋯","Sixteen years ago, Chairman Harrison's daughter fell in love with a man! He was a shepherd at Mountreach Farm. The shepherd was later chased out of here and never seen again...",0,0,
,12,560d,,BLANK,1A,done,,"你⋯你後面那隻
⋯怪獸⋯
就是爸爸說的星
獸嗎﹖

真可怕﹗﹗",That... monster behind you... is that one of the Star Beasts Dad was talking about? It's scary!,0,0,
script_duolu_city_1d,12,563e,,BLANK,1C,done,,"點心﹗點心﹗
媽媽～點心時間
到了啦﹗哥哥沒
有回來﹐人家要

吃～雙倍喲﹗","Cake! Cake! Mom, it's teatime! 

Brother isn't back yet, so I wanna eat two parts!",0,0,
,12,5682,,BLANK,1A,done,,"人家才沒有偷吃
櫃子裡的蛋糕唷
﹗⋯嗚～

被你知道了﹗人
家不是故意的嘛

﹗不可以跟哥哥
說唷﹗

這是我們的小密
祕唷﹗",I didn't steal the cake from the cupboard! ⋯You've found me out?! I didn't do it on purpose! Don't tell my brother! It's our little secret!,0,0,
,12,56ec,,BLANK,15,done,,"我的老公是鐘塔
的管理人員⚬

每天都要忙到晚
才能回來⚬

真是叫人寂寞啊
⋯⋯",My husband is the manager of the clock tower. He has to work late every day. How sad...,0,0,
script_duolu_city_20,12,5733,,BLANK,22,done,,"唉～有機會的話
﹐真想到鄰國做
生意⚬但是本國
和鄰國的關係﹐
一直不是很好⚬

就連來往的通道
都被填平了⋯
唉～～",Haiz... I really want to do business overseas. But the relationship between our country and the neighboring ones isn't good. Even the roads have been blocked... Haiz~,0,0,
script_east_fishmarket_0b_1,55,5aef,,BLANK,12,done,,"少爺～這裡就是
東漁市了⚬

祝少爺旅程平安
順利⚬","Young master, this is Dongyu Town.

I hope your journey goes well.",0,0,
,55,5b1f,,BLANK,19,done,,"這裡是漁港路都
市～東漁市⚬

四周就是比底斯
海了⚬","Welcome to the Dongyu Town, the city of fishing.

We're surrounded by the Deepa Sea.",0,0,
,55,5b52,,BLANK,1C,done,,"聽說小孩子如果
在海邊玩耍的話

就會被人魚吃掉
哦﹗

媽媽說小龜就是
被人魚吃掉的﹗","It's said that kids that go play at the beach get eaten by mermaids!

That's what mom said happened to Xiaogui!",0,0,
,55,5ba0,,BLANK,1A,done,,"在另外的那一邊
有一個神木村喲

那裡有一棵～
好大～
好大的大樹喲﹗","In the Sacred Tree Village, across the sea, there's a super, super big tree!",0,0,
,55,5be3,,BLANK,14,done,,"安東的世代都是
海洋科學家⚬

他的祖先﹐也是
八名偉大科學家
的後代喲﹗","Anton's family has worked as marine scientists for generations.

His ancestors also descend from the 8 great scientists!",0,0,
,55,5c28,,BLANK,13,done,,"嗚～小龜～
我的兒子啊～
嗚嗚～

小龜被人魚吃掉
了﹗
嗚嗚嗚～
可惡的人魚﹗","Waaah... Xiaogui...

My poor child...

Sniff...

Xiaogui was eaten by mermaids!

Waaah...

These horrible mermaids!",0,0,
,55,5c6f,,BLANK,15,done,,"最近海邊出現了
人魚﹐而且靠近

海邊的小孩子都
莫名的失蹤了﹗

一定是被人魚吃
掉了﹗","Mermaids have been spotted near the beach lately, and children on the beach have started disappearing for no reason!

The mermaids must have eaten them!",0,0,
,55,5cbb,,BLANK,17,done,,"前陣子看到安東
的未婚妻～海藍

﹐在海邊與人魚
講話⚬

是我看錯了嗎﹖
我一定要弄清楚
﹗","Some time ago, I saw Anton's fiancee, Helen, talking with a mermaid at the beach.

I wasn't mistaken, was I?

I have to figure this out!",0,0,
,55,5d0a,,BLANK,16,done,,"唉～自從流星雨
過後﹐天空就出
現了裂縫⚬

咦～那條裂縫好
像愈來愈大了﹗
真叫人不安⚬","Ah... Since the meteor shower, a crack appeared in the sky.

And this crack seems to be getting bigger and bigger!

That's really worrying.",0,0,
script_east_fishmarket_0b_2,55,5fc7,,BLANK,16,done,,"這裡是東漁市的
集會廣場⚬",This is Dongyu Town's town square.,0,0,
script_east_fishmarket_0c,55,62c8,,BLANK,1E,done,,"貝殼～挖貝殼～
小小的身體～

小小的家～
啦啦啦啦～
挖挖挖～","Little shell~ Digging little shell!

A tiny lil' guy~

In a tiny lil' house!

La la la la!

Dig, dig, dig!",0,0,
,55,62ff,,BLANK,1F,done,,"瓜瓜～快回家﹗
海邊很危險﹗
趕快回家﹗","Gua Gua, get back!

The beach is very dangerous!

Hurry back home!",0,0,
,55,6326,,HELEN,HELEN_0,done,,"你們來做什麼﹖
你們是來帶走安
東的嗎﹖

我永遠都不會原
諒你們的﹗","What are you doing here?

Are you here to take Anton away?

I will never forgive you!",0,0,
,55,6364,,BALLOT,BALLOT_5,done,,"雖然我不懂愛情
但是媽媽以前曾

說過﹐愛一個人
﹐就要給他自由
的空間⚬
不是嗎﹖","I might not get romance, but mom once said that if you love someone, you have to give them freedom.

Isn't that right?",0,0,
,55,63b0,,HELEN,HELEN_2,done,,"住口﹗
你們⋯你們什麼
都不懂﹗

再過不久～
那個時候到了⋯
我就會⋯
我就會⋯⋯

我決不讓安東離
開我﹗","Shut up!

You... You don't understand anything!

Soon, it will be time...

I'll... I'll...

I will never let Anton leave me!",0,0,
,55,6408,,BLANK,1F,done,,"瓜瓜﹗
瓜～瓜瓜﹗
怎麼辦﹗
怎麼辦﹗

瓜瓜被人魚捉走
了﹗

誰來救救他﹗
救命啊﹗","Gua Gua!

Gua Guaaa!

Oh no, oh no, what do I do!

Gua Gua is being kidnapped by mermaids!

Somebody, save him!

Save him! ",0,0,
,55,6452,,BLANK,BALLOT_4,done,,糟糕﹗,Oh no!,0,0,
,55,645b,,HELEN,HELEN_0,done,,⋯⋯⋯,...,0,0,
,55,6463,,,,done,,"好⋯好難過⋯⋯
這種感覺⋯⋯
我死了嗎﹖
也好⋯","I feel...

So weak...



This...



Am I dead?



This can't...",0,0,
,55,6489,,BALLOT,BALLOT_5,done,,"這裡是哪裡﹖
我為什麼在這裡
﹖","What is this place?

How did I end up here?",0,0,
script_east_fishmarket_0d_3,55,6fab,,3C,65,done,,"原來海巫師就是
殺掉人類小孩的

兇手⚬
真是可惡﹗","It turns out that it was the Sea Witch who was killing all the human children.

How horrible!",0,0,
,55,6fda,,3B,64,done,,"嗚嗚嗚～
海青真是可憐⋯

為了海藍﹐犧牲
了自己的生命⋯

那個自私的海藍
﹐要是回來的話

﹐我一定要她賠
命﹗
嗚～海青～","Waaah...

Poor Haiqing...

She sacrificed herself for Helen...

If that selfish Helen ever comes back, I'll make her pay dearly!

Sniff... Haiqing...",0,0,
,55,7043,,3A,63,done,,"到底是先有烏龜
呢﹐還是先有蛋

﹗還是想不出來
⋯⋯什麼﹖
想回陸地上面﹖
不行哪～

我深奧的沈思還
沒有結束⚬","Which came first, the turtle? Or the egg? I still can't figure that out!

... What?

Go back to the land above?

No can do... I'm not done thinking about this yet.",0,0,
,55,70ad,,CLAUDE,CLAUDE_4,done,,"糟了⋯
時間快來不及了

不管是先有烏龜
還是先有蛋﹐都
不重要啦﹗","This is bad...

We're running out of time! It doesn't matter whichever one came first!",0,0,
,55,70ee,,3A,63,done,,"都⋯都不重要嗎
﹖哼哼哼哼哼﹗","It... It doesn't matter?

Hmm hmm hmm!",0,0,
,55,7109,,3A,63,done,,"我怎麼沒有想到
這一點﹖

先有烏龜的話﹐
我還是烏龜～

先有蛋的話﹐我
還是烏龜啊﹗

這麼深奧的理論
﹐我終於懂了⚬

為了感謝你﹐我
就載你回陸地﹗","Why didn't I think of this?

If the turtle came first, I'm still a turtle... And if the egg came first, I'm still a turtle!

I finally understand this profound theory.

To thank you, I'll take you back on land!",0,0,
,55,718d,,3A,63,done,,"再見了～我要進
行我的第二個深
奧的沈思了⋯","Goodbye now!

It's time for me to dive into my second round of deep thought...",0,0,
,55,71b9,,BLANK,1E,done,,"我⋯我回來了﹗
嗚嗚嗚～媽媽﹗","I'm... I'm back!

Waaaaaaaah! Moooom!",0,0,
,55,71d4,,BALLOT,BALLOT_5,done,,"怎麼回事﹖
怎麼都沒有人﹖

發生了什麼事﹖","What is going on?

Where is everyone?

What happened?",0,0,
,55,71fc,,BLANK,16,done,,"哼﹗我就知道﹗
原來海青是人魚

變的﹗她和人魚
的對話﹐全都被

我聽見了﹗
哼﹗
燒死她﹐為死去
的小孩報仇﹗","Hmph! I knew it!

It turned out that Helen was a transformed mermaid! I heard her conversations with the mermaid, all of it!

Humph!

We'll burn her at the stake to avenge the deaths of our children!",0,0,
,55,725f,,BALLOT,BALLOT_5,done,,"安東﹖﹖﹗
這是怎麼回事﹖","Anton?!

What happened?",0,0,
,55,7279,,ANTON,62,done,,"海⋯海藍⋯
是人魚的事⋯
被發現了⋯
呃⋯⋯

他們紅著眼睛⋯
失去了理智⋯
強行⋯⋯
捉走了海藍⋯
呃⋯呃⋯⋯","He... Helen...

They found out... she was a mermaid...

Cough...

They... completely lost their minds...

They took her... by force...

Cough, cough...",0,0,
,55,72dd,,BALLOT,BALLOT_5,done,,"振作一點﹐安東
﹗","Hang in there, Anton!",0,0,
,55,72f1,,ANTON,62,done,,"我⋯我⋯
沒有辦法⋯
保護海藍⋯

請⋯請你們⋯
一定要⋯救她⋯","I... I can't...

Protect Helen...

Ple... Please...

You have to... Save her...",0,0,
,55,732a,,BALLOT,BALLOT_5,done,,"好的﹗
我一定會的﹗
安東﹐不要再說
話了﹗
振作些﹗

我這就去救回海
藍﹗","Got it!

I'll do everything I can!

Anton, don't speak, hang in there!

I'm going to save Helen right now!",0,0,
,55,736d,,ANTON,62,done,,"謝⋯謝⋯⋯
海⋯海藍⋯

雖然妳騙了我⋯
但是⋯我⋯
我還是⋯⋯
愛⋯⋯
著⋯⋯⋯
妳⋯⋯⋯","Thank... you...

H... Helen...

You might have lied... to me...

But I... I still...

Love...

You...",0,0,
,55,73b7,,BALLOT,BALLOT_3,done,,"安東﹗﹗﹗﹗
可惡﹗

為什麼會這樣﹖
安東﹗﹗

你放心﹐我一定
會救出海藍的﹗","ANTON!!!

No!

Why did this have to happen?

Anton!

Don't worry, I'll make sure to rescue Helen!",0,0,
,55,73fd,,BLANK,16,done,,"哼﹗我就知道﹗

原來海青是人魚
變的﹗
她和人魚的對話
﹐全都被我聽見
了﹗

哼﹗燒死她﹐為
死去的小孩報仇","Hmph! I knew it!

It turned out that Helen was a transformed mermaid! I heard her conversations with the mermaid, all of it!

Humph!

We'll burn her at the stake to avenge the deaths of our children!",0,0,
,55,745b,,BALLOT,BALLOT_5,done,,"糟糕～
這要怎麼辦﹖","Oh no...

What to do?",0,0,
,55,7470,,BALLOT,BALLOT_5,done,,"魚之魂傳來了一
陣聲音～",A sound came from the fish soul...,0,0,
,55,748a,,42,6B,done,,"到最高處～
最高的地方～","The highest place...

At the highest place...",0,0,
,55,74a3,,BALLOT,BALLOT_5,done,,"最高的地方﹖

東漁市最高的地
方﹖","The highest place?

What's the highest place in Dongyu Town?",0,0,
,55,74c3,,BALLOT,BALLOT_5,done,,"燈塔﹗﹗﹗
魚之魂的聲音﹐
是指燈塔嗎﹖
儘快到達吧﹗","The lighthouse!

Was the fish soul talking about the lighthouse?

We have to get there as fast as possible!",0,0,
,55,74f3,,3F,6A,done,,喀囉～喀喀喀～,Kwee... Skwee!,0,0,
,55,7503,,42,6B,done,,"丟下吧～
丟下我吧～","Down...

Put me down...",0,0,
,55,7515,,BALLOT,BALLOT_5,done,,"將魚之魂丟下嗎
﹖",Put the fish soul down here?,0,0,
,55,7529,,BLANK,1F,done,,"你這個妖女﹐殺
害我兒子的兇手
我要妳償命﹗","You witch, you'll pay for the murder of my son with your life!",0,0,
,55,7554,,HELEN,HELEN_1,done,,"安東⋯放開我﹗

安東受了重傷﹐
我要去救他﹗","Anton... Let me go!

Anton has been badly hurt, I have to save him!",0,0,
,55,757f,,BLANK,20,done,,"安東那傢伙﹐一
定和妳串通好了

頂著偉大科學
家後代的名號﹐

卻做這種見不得
人的勾當﹗","Anton must have colluded with you!

Such a shameful thing to do for a descendant of one of the great scientists!",0,0,
,55,75d2,,HELEN,HELEN_0,done,,"你胡說﹗
他沒有﹗

他不曉得這件事
放開我～
我要去救安東﹗","What are you saying?!

He didn't!

He didn't know anything about this!

Let me go...

I must go save Anton!",0,0,
,55,7609,,BLANK,20,done,,"你們就一起到地
獄相見吧﹗",You can go meet each other in Hell!,0,0,
,55,7626,,HELEN,HELEN_0,done,,"不～不要﹗
放開我﹗","N-nooo!

Let me go!",0,0,
,55,763b,,HELEN,HELEN_3,done,,"這是⋯⋯海青﹗
海青﹗
妳⋯⋯﹗","This is... Haiqing!

Haiqing!

You...!",0,0,
,55,765b,,BLANK,1E,done,,"媽媽﹗
人家好怕啊﹗","Mom!

I was so scared!",0,0,
,55,7671,,BLANK,1F,done,,"瓜⋯瓜瓜﹗
我的瓜瓜﹗﹗﹗","G... Gua Gua!

My little Gua Gua!",0,0,
,55,768a,,BLANK,1E,done,,"是人魚姐姐救了
我的⚬

我看見了哦﹗
有一隻好大～
好大的章魚～
殺了很多小朋友
哦﹗","The mermaid miss saved me.

I saw it!

There was a super big octopus that killed lots of children!",0,0,
,55,76d7,,BLANK,20,done,,這是怎麼回事⋯,What's this...,0,0,
,55,76e7,,,,done,,"終於～
知道了嗎﹖
那又如何⋯⋯

海青～原諒我的
自私好嗎﹖

安東～我⋯我⋯
原諒我⋯⋯","In the end...

Did you know about it?

But then, why...

Haiqing... 

Can you please forgive my selfishness?

Anton... 

I... I...

Forgive me...",0,0,
,55,772e,,HELEN,HELEN_2,done,,"這就是安東的動
力晶片⚬

安東一直說著﹐
要和你們一起探
險～

眼神是多麼的興
奮啊⋯⋯
安東⋯⋯","This is Anton's power chip.

He often said, ""I want us to go on an adventure together!"", with such a spark in his eyes...

Anton...",0,0,
,55,7788,,BALLOT,BALLOT_5,done,,得到了晶片４﹗,Got Power Chip 4!,0,0,
,55,7797,,HELEN,HELEN_0,done,,"巴洛特﹐我會堅
強的活下去的⚬

為了海青～
也為了安東⋯
讓我也加入你好
嗎﹖
安東不能做的﹐
就由我來完成吧
﹗","Ballot, I'll keep on living.

For Haiqing...

And for Anton...

Do you want me to join you?

Let me do what Anton couldn't!",0,0,
,55,77f8,,BALLOT,BALLOT_5,done,,"海藍＆水精靈加
入隊伍⚬",Helen & Merlith joined the party.,0,0,
,55,780f,,SYSTEM,VAST_FAME,done,,"如將海藍置於排
頭﹐將可化為人

魚﹐通過大海或
湖泊⚬","If Helen leads the party, she can turn into a mermaid to lead the party across seas and lakes.",0,0,
,55,7843,,BLANK,1C,done,,"萬歲～
又可以到海邊玩
耍了﹗","Yipee!

It's time to go play at the beach again!",0,0,
,55,785f,,BLANK,14,done,,"安東⋯
我們錯怪他了⋯

真不曉得要怎麼
向海藍交待⋯
海藍⋯
請原諒我們⋯","Anton...

We were wrong about him...

I really don't know say that to Helen...

Helen...

Please forgive us...",0,0,
,55,78a7,,HELEN,HELEN_0,done,,"我不恨你們﹐但
也不喜歡你們⚬
離我遠一些﹗","I don't hate you, but I don't like you either.

Stay away from me!",0,0,
,55,78d2,,BLANK,14,done,,呃⋯是⋯是的⚬,Uh... O... Okay.,0,0,
,55,78e2,,BLANK,13,done,,"海藍⋯
請原諒我們⋯⋯

在那種情形下﹐
大家都被仇恨沖
昏了頭⋯
真是遺憾⋯","Helen...

Please forgive us...

At that moment, everyone was blinded by hatred...

I'm so sorry...",0,0,
,55,7928,,HELEN,HELEN_0,done,,"原諒與否﹐有什
麼差別嗎﹖

安東不會因此而
活過來⋯","What difference will it make whether I forgive you or not?

It won't bring Anton back to life...",0,0,
,55,7958,,BLANK,15,done,,"瓜瓜這次能平安
回來﹐真是多虧
了你⋯

該怎麼感謝你呢
這個就給你了﹗","Gua Gua came back safely, all thanks to you...

How could I thank you?

Here, have this!",0,0,
,55,7991,,BALLOT,BALLOT_1,done,,"得到了
萬能血清",Got Cure-all Serum!,0,0,
,55,79a2,,BLANK,15,done,,"瓜瓜這次能平安
回來﹐真是多虧
了你⋯
謝謝你⚬","Gua Gua came back safely, all thanks to you...

Thank you.",0,0,
,55,79cd,,BLANK,15,done,,瓜瓜回來了⋯,Gua Gua came back...,0,0,
,55,79dc,,BLANK,17,done,,"安東的死亡⋯
都是我的錯⋯

我要是沒有嫉妒
的話⋯
就不會發生這種
事了﹗
都是我不好⋯","Anton's death...

It's my fault...

If I wasn't so jealous... This wouldn't have happened!

It's all my fault...",0,0,
,55,7a2c,,BLANK,18,done,,"海藍⋯⋯
真是抱歉～

即使安東走了﹐
也要好好的活下
去哦﹗","Helen...

I'm so sorry.

Even though Anton is gone, you have to be strong!",0,0,
,55,7a61,,HELEN,HELEN_0,done,,⋯⋯⋯,...,0,0,
,55,7a69,,BLANK,1D,done,,"喂～老公～
我就說嘛﹗

那海藍果然怪怪
的﹗
原來真的是人魚
變的﹗","Hey, dear!

I'll just say it!

I knew that Helen was weird!

It turned out she was a transformed mermaid!",0,0,
,55,7aa3,,BLANK,1D,done,,"啊﹗海藍～
是妳啊﹗",Ah! H-Helen... It's you!,0,0,
,55,7ab9,,BLANK,1F,done,,"南方的海島上﹐
有座地熱城⚬

那裡是一個將地
熱轉換成電力的
能源站⚬","The city of Geosear is on an island south from here.

It has an energy plant that converts heat into electricity.",0,0,
,55,7af9,,BLANK,1E,done,,"媽媽～琳琳表妹
說要寄布拉布拉

超人模型給我﹗
怎麼還沒有來﹖
我．要．啦﹗﹗","Mom! Cousin Linlin said she wanted to send me a Super Brabra figurine!

Why hasn't it arrived yet?

I waaant iiiit!",0,0,
,55,7b3f,,BLANK,1F,done,,"不要吵﹗
再吵小心被章魚
吃掉﹗","Shush!

If you keep making noise, the mermaids are going to eat you!",0,0,
,55,7b5f,,BLANK,1E,done,,"章魚﹗﹗嗚～～
嗚嗚～",Mermaids...! Waaaaah!,0,0,
,55,7b74,,BLANK,1E,done,,"這是⋯⋯布拉布
拉超人﹖﹖﹗﹗
太．棒．了﹗

這是琳琳表妹要
給我的嗎﹖

太．高．興．了
謝謝你～

這個就送給你了
好高興﹗","This is... Super Brabra?!

AWESOME!

This is what my cousin wanted to send me?

I'm SO happy!

Thank you! 

I'm so happy to give this to you!",0,0,
,55,7bda,,BALLOT,BALLOT_1,done,,得到了ｘｘｘ﹗,Got XXX!,0,0,
,55,7be9,,BLANK,1E,done,,"哇～哇～布拉布
拉超人耶﹗
哈哈哈哈～
我要帶去學校給
大家看﹗","Wahoo! Super Brabra!

Hahahaha!

I'm gona take it to school to show it to everyone!",0,0,
,55,7c25,,BLANK,19,done,,安東～嗚嗚嗚～,Anton... Sniff...,0,0,
,55,7c35,,BLANK,1B,done,,"我曾看過人魚喲
長得還真是漂亮","I've seen mermaids before.

They're so beautiful!",0,0,
script_east_fishmarket_0d_4,5c,458c,,3A,63,done,,"再見了～我要進
行我的第二個深
奧的沈思了⋯",,0,0,
,5c,45b8,,BLANK,1E,done,,"我⋯我回來了﹗
嗚嗚嗚～媽媽﹗",,0,0,
,5c,45d3,,BALLOT,BALLOT_5,done,,"怎麼回事﹖
怎麼都沒有人﹖

發生了什麼事﹖",,0,0,
,5c,45fb,,BLANK,16,done,,"哼﹗我就知道﹗
原來海青是人魚

變??她和人魚
的對話﹐全都被

我聽見了﹗
哼﹗
燒死她﹐為死去
的小孩報仇﹗",,0,0,
script_east_fishmarket_2c,55,5d57,,BLANK,18,done,,"約三個月前﹐村
子裡來了一位大

美女﹐名叫海藍
可是﹐居然被安

東給追走了﹗
真是可惜啊～","Three months ago, a beautiful woman named Helen came to the village.

However, Anton managed to get her first!

What a shame.",0,0,
,55,5da9,,BLANK,1D,done,,"追走就追走﹐有
什麼好可惜的﹗",And? I don't see what's a shame about that!,0,0,
,55,5dc7,,BLANK,18,done,,啊⋯是⋯是的⚬,Ah... Y-yes.,0,0,
,55,5dd7,,BLANK,1D,done,,"喂～老公～

我覺得那個海藍
怪怪的﹐又說不
出哪裡奇怪⋯","Hey, dear...

I think there's something weird about Helen, but I can't put my finger on what exactly...",0,0,
,55,5e09,,BLANK,18,done,,"村子裡﹐每個長
得比你漂亮的女

孩﹐妳哪個不覺
得奇怪﹗","There's plenty of girls prettier than you in the village, and you don't see anything weird about them!",0,0,
,55,5e3e,,BLANK,1D,done,,"老⋯老公﹗
你皮長厚了﹗","D... Dear! 

You...!",0,0,
script_east_fishmarket_2d,55,5e56,,BLANK,1F,done,,"南方的海島上﹐
有座地熱城⚬

那裡是一個將地
熱轉換成電力的
能源站⚬","The city of Geosear is on an island south from here.

It has an energy plant that converts heat into electricity.",0,0,
,55,5e96,,BLANK,1E,done,,"媽媽～琳琳表妹
說要寄布拉布拉

超人模型給我﹗
怎麼還沒有來﹖
我．要．啦﹗﹗","Mom! Cousin Linlin said she wanted to send me a Super Brabra figurine!

Why hasn't it arrived yet?

I waaant iiiit!",0,0,
,55,5edc,,BLANK,1F,done,,"不要吵﹗
再吵小心被人魚
吃掉﹗","Shush!

If you keep making noise, the mermaids are going to eat you!",0,0,
,55,5efc,,BLANK,1E,done,,"人魚﹗﹗嗚～～
嗚嗚～",Mermaids...! Waaaaah!,0,0,
script_east_fishmarket_2e,55,5f11,,BLANK,16,done,,"南方海島上﹐有
座衛星雷達站⚬

可以直接從衛星
接收或發送各種
訊號⚬

科技真是方便的
東西呀⚬","There's a satellite radar station on the island south from here.

A lot of signals can be sent and received using satellites.

Technology sure is incredible!",0,0,
,55,5f65,,BLANK,19,done,,"人魚真是可惡﹗
要是捉到了﹐

一定要活活將牠
燒死﹗","These mermaids are so nasty!

If we catch one, we'll make sure to burn it alive!",0,0,
script_east_fishmarket_2f,55,5f91,,BLANK,1B,done,,"我曾看過人魚喲
長得真是漂亮
可是她們會吃小
孩﹐真是可怕⋯","I've seen mermaids before! They're very pretty, but they eat kids...

That's really scary...",0,0,
script_east_fishmarket_31,55,5367,,14,25,getchoice String_1cc5,,"需要妮可治療嗎
﹖",Do you need my treatment?,0,0,
,55,537f,,1A,25,getchoice String_1cc5,,"這裡是星獸膠囊
存放銀行⚬

需要艾娜的服務
嗎﹖",This is the Star Beast Storage Bank. Do you need my help?,0,0,
script_east_fishmarket_32,55,53ae,,19,22,done,,"需要什麼服務嗎
﹖",Do you need something?,0,0,
script_east_fishmarket_33,55,5fe4,,HELEN,HELEN_0,done,,"前幾天安東收到
一封電子郵件後

﹐就開始打包行
李﹐直說著﹐要
做趟長途的旅行

我好不容易⋯
才可以和東在一
起⋯⋯

要是那個時間到
的話⋯⋯

不～我不要安東
離開我﹗","A few days ago, after receiving an e-mail, Anton started packing his things and said that he'd be leaving for a long and dangerous journey...

Only after that will I be able to be with him...

Until then...

No! I don't want Anton to leave me!",0,0,
,55,6073,,ANTON,62,done,,"你就是巴洛特嗎
﹖

我已經收到哈瑪
斯總裁的Ｅ～
ＭＡＩＬ了⚬

你們要發掘古代
科技～
太空船的祕密嗎
﹖
這真是太好了⚬

父親留給了我這
個動力晶片﹐我
一直想了解其中
的祕密那我們就
可以一起行動了
﹗","Are you Ballot?

I've received an e-mail from President Hamas.

You're trying to unearth the secrets of an ancient spaceship?

This is great.

My father left me this power chip, and I've always wanted to uncover its secret... Let's do it together!",0,0,
,55,6122,,ANTON,62,done,,"動力晶片⋯﹗
我的動力晶片呢
﹖","The power chip...!

Where's my power chip?",0,0,
,55,6144,,HELEN,HELEN_1,done,,"不～安東﹗

我不要你離開我
﹗
我不要﹗","No, Anton!

I don't want you to leave me!

I don't want you to!",0,0,
,55,6168,,ANTON,62,done,,"海藍～
只是個旅行～
將動力晶片給我
～好嗎﹖","Helen...

It's just a trip - so give me the power chip... alright?",0,0,
,55,6193,,HELEN,HELEN_1,done,,"你⋯你知道嗎﹖
為了能和你在一

起﹐我做了多大
的犧牲嗎﹖","You... Do you have any idea?

Any idea of how much I've sacrificed to be with you?!",0,0,
,55,61c5,,ANTON,62,done,,犧牲﹖,Sacrificed?,0,0,
,55,61ce,,HELEN,HELEN_2,done,,"⋯⋯⋯安東大笨
蛋﹗","... Anton, you idiot!",0,0,
,55,61e2,,ANTON,62,done,,"抱歉～海藍對我
要旅行的這件事
﹐一直不諒解⋯
不過相信一定會
沒事的⚬

父親的海洋科學
筆記真是繁雜～
還來不及整理⚬

巴洛特﹐你可以
幫我找回海藍嗎
﹖拿回動力晶片
後﹐我們就出發
吧﹗","I'm sorry, Helen has never understood my wish for travel...

But I believe it'll be alright.

My father's notes on marine science are really complicated, I haven't had the time to sort them out.

Ballot, can you help me bring Helen back here? After we get the power chip back, we'll set off!",0,0,
,55,6288,,ANTON,62,done,,"巴洛特﹐你可以
幫我找回海藍嗎
﹖拿回動力晶片
後﹐我們就出發
吧﹗","Ballot, can you help me bring Helen back here? After we get the power chip back, we'll set off!",0,0,
script_east_fishmarket_45,5c,4c42,,BLANK,1C,done,,"萬歲～
又可以到海邊玩
耍了﹗",,0,0,
,5c,4c5e,,BLANK,14,done,,"安東⋯
我們錯怪他了⋯

真不曉得要怎麼
向海藍交待⋯
海藍⋯
請原諒我們⋯",,0,0,
,5c,4ca6,,HELEN,HELEN_0,done,,"我不恨你們﹐但
也不喜歡你們⚬
離我遠一些﹗",,0,0,
,5c,4cd1,,BLANK,14,done,,呃⋯是⋯是的⚬,,0,0,
,5c,4ce1,,BLANK,13,done,,"海藍⋯
請原諒我們⋯⋯

在那種情形下﹐
大家都被仇恨沖
昏了頭⋯
真是遺憾⋯",,0,0,
,5c,4d27,,HELEN,HELEN_0,done,,"原諒與否﹐有什
麼差別嗎﹖

安東不會因此而
活過來⋯",,0,0,
,5c,4d57,,BLANK,15,done,,"瓜瓜這次能平安
回來﹐真是多虧
了你⋯

該怎麼感謝你呢
這????了﹗",,0,0,
,5c,4d90,,BALLOT,BALLOT_1,done,,"得到了
萬?血清",,0,0,
,5c,4da1,,BLANK,15,done,,"瓜瓜這次能平安
回來﹐真是多虧
了你⋯
謝謝你⚬",,0,0,
,5c,4dcc,,BLANK,15,done,,瓜瓜回來了⋯,,0,0,
,5c,4ddb,,BLANK,17,done,,"安東的死亡⋯
都是我的錯⋯

我要是沒有嫉妒
的話⋯
就不會發生這種
事了﹗
都是我不好⋯",,0,0,
script_east_fishmarket_46,5c,4e2b,,BLANK,18,done,,"海藍⋯⋯
真是抱歉～

即使安東走了﹐
也要好好的活下
去哦﹗",,0,0,
,5c,4e60,,HELEN,HELEN_0,done,,⋯⋯⋯,,0,0,
,5c,4e68,,BLANK,1D,done,,"喂～老公～
我?說嘛﹗

那海藍果然怪怪
的?
原來真的是人魚
變??",,0,0,
,5c,4ea2,,BLANK,1D,done,,"啊﹗海藍～
是妳啊﹗",,0,0,
script_east_fishmarket_47,5c,4eb8,,BLANK,1F,done,,"南方的海島上﹐
有座地熱城⚬

那裡是一個將地
熱轉換成電力的
能?站⚬",,0,0,
,5c,4ef8,,BLANK,1E,done,,"媽媽～琳琳表妹
說要寄布拉布拉

超人模型給我﹗
怎麼還沒有來﹖
我．要．啦﹗﹗",,0,0,
,5c,4f3e,,BLANK,1F,done,,"不要吵﹗
再吵小心被章魚
吃掉﹗",,0,0,
,5c,4f5e,,BLANK,1E,done,,"章魚﹗﹗嗚～～
嗚嗚～",,0,0,
,5c,4f73,,BLANK,1E,done,,"這是⋯⋯布拉布
拉超人﹖﹖﹗﹗
太．棒．了﹗

這是琳琳表妹要
給我的嗎﹖

太．高．興．了
謝謝你～

這??送給你了
好高興﹗",,0,0,
,5c,4fd9,,BALLOT,BALLOT_1,done,,"得到了
縮地射線",,0,0,
,5c,4fe9,,BLANK,1E,done,,"哇～哇～布拉布
拉超人耶﹗
哈哈哈哈～
我要帶去學校給
大家看﹗",,0,0,
script_east_fishmarket_48_1,5c,4538,,BLANK,16,done,,"南方海島上﹐有
座衛星雷達站⚬

可以直接從衛星
接收或發送各種
訊號⚬

科技真是方便的
東西呀⚬",,0,0,
script_east_fishmarket_48_2,5c,5025,,BLANK,19,done,,安東～嗚嗚嗚～,,0,0,
script_east_fishmarket_49,5c,5035,,BLANK,1B,done,,"我曾看過人魚喲
長得還真是漂亮",,0,0,
script_east_fishmarket_4e,5c,47fc,,BLANK,16,done,,"哼﹗我就知道﹗

原來海青是人魚
變??
她和人魚的對話
﹐全都被我聽見
了﹗

哼﹗燒死她﹐為
死去的小孩報仇",,0,0,
,5c,485a,,BALLOT,BALLOT_5,done,,"糟糕～
這要怎麼辦﹖",,0,0,
,5c,486f,,BALLOT,BALLOT_5,done,,"魚之魂傳來了一
陣聲音～",,0,0,
,5c,4889,,42,6B,done,,"到最高處～
最高的地方～",,0,0,
,5c,48a2,,BALLOT,BALLOT_5,done,,"最高的地方﹖

東漁市最高的地
方﹖",,0,0,
,5c,48c2,,BALLOT,BALLOT_5,done,,"燈塔﹗﹗﹗
魚之魂的聲音﹐
是指燈塔嗎﹖
儘快到達吧﹗",,0,0,
script_east_fishmarket_anton_cutscene,5c,465e,,BALLOT,BALLOT_5,done,,"安東﹖﹖﹗
這是怎麼回事﹖",,0,0,
,5c,4678,,ANTON,62,done,,"海⋯海藍⋯
是人魚的事⋯
被發現了⋯
呃⋯⋯

他們紅著眼睛⋯
失去了理智⋯
強行⋯⋯
捉走了海藍⋯
呃⋯呃⋯⋯",,0,0,
,5c,46dc,,BALLOT,BALLOT_5,done,,"振作一點﹐安東
﹗",,0,0,
,5c,46f0,,ANTON,62,done,,"我⋯我⋯
沒有辦法⋯
保護海藍⋯

請⋯請你們⋯
一定要⋯救她⋯",,0,0,
,5c,4729,,BALLOT,BALLOT_5,done,,"好的﹗
我一定會的﹗
安東﹐不要再說
話了﹗
振作些﹗

我這就去救回海
藍﹗",,0,0,
,5c,476c,,ANTON,62,done,,"謝⋯謝⋯⋯
海⋯海藍⋯

雖然妳騙了我⋯
但是⋯我⋯
我?是⋯⋯
愛⋯⋯
著???
妳⋯⋯⋯",,0,0,
,5c,47b6,,BALLOT,BALLOT_3,done,,"安東﹗﹗﹗﹗
可惡﹗

為什麼會這樣﹖
安東﹗﹗

你放心﹐我一定
會救出海藍的﹗",,0,0,
script_east_fishmarket_healing_center,5c,40be,,14,25,getchoice String_1cc5,,"需要妮可治療嗎
﹖",,0,0,
,5c,40d6,,1A,25,getchoice String_1cc5,,"這裡是星獸膠囊
存放銀行⚬

需要艾娜的服務
嗎﹖",,0,0,
script_east_fishmarket_mermaid_cutscene,5c,48f2,,3F,6A,done,,喀囉～喀喀喀～,,0,0,
,5c,4902,,42,6B,done,,"丟下吧～
丟下我吧～",,0,0,
,5c,4914,,BALLOT,BALLOT_5,done,,"將魚之魂丟下嗎
﹖",,0,0,
,5c,4928,,BLANK,1F,done,,"你這個妖女﹐殺
害我兒子的兇手
我要妳償命﹗",,0,0,
,5c,4953,,HELEN,HELEN_1,done,,"安東⋯放開我﹗

安東受了重傷﹐
我要去救他﹗",,0,0,
,5c,497e,,BLANK,20,done,,"安東那傢伙﹐一
定和妳串通好了

頂著偉大科學
家後代的名號﹐

卻做這種見不得
人的勾當﹗",,0,0,
,5c,49d1,,HELEN,HELEN_0,done,,"你胡說﹗
他沒有﹗

他不曉得這件事
放開我～
我要去救安東﹗",,0,0,
,5c,4a08,,BLANK,20,done,,"你們就一起到地
獄相見吧﹗",,0,0,
,5c,4a25,,HELEN,HELEN_0,done,,"不～不要﹗
放開我﹗",,0,0,
,5c,4a3a,,HELEN,HELEN_3,done,,"這是⋯⋯海青﹗
海青﹗
妳⋯⋯﹗",,0,0,
,5c,4a5a,,BLANK,1E,done,,"媽媽﹗
人家好怕啊﹗",,0,0,
,5c,4a70,,BLANK,15,done,,"瓜⋯瓜瓜﹗
我的瓜瓜﹗﹗﹗",,0,0,
,5c,4a89,,BLANK,1E,done,,"是人魚姐姐救了
我的⚬

我看見了哦﹗
有一隻好大～
好大的章魚～
殺了很多小朋友
哦﹗",,0,0,
,5c,4ad6,,BLANK,20,done,,這是怎麼回事⋯,,0,0,
,5c,4ae6,,,,done,,"終於～
知道了嗎﹖
那又如何⋯⋯

海青～原諒我的
自私好嗎﹖

安東～我⋯我⋯
原諒我⋯⋯",,0,0,
,5c,4b2d,,HELEN,HELEN_2,done,,"這就是安東的動
力晶片⚬

安東一直說著﹐
要和你們一起探
險～

眼神是多麼的興
奮啊⋯⋯
安東⋯⋯",,0,0,
,5c,4b87,,BALLOT,BALLOT_5,done,,得到了晶片４﹗,,0,0,
,5c,4b96,,HELEN,HELEN_0,done,,"巴洛特﹐我會堅
強的話下去的⚬

為了海青～
也為了安東⋯
讓我也加入你好
嗎﹖
安東不能做的﹐
就由我來完成吧
﹗",,0,0,
,5c,4bf7,,BALLOT,BALLOT_5,done,,"海藍＆水精靈加
入??⚬",,0,0,
,5c,4c0e,,SYSTEM,VAST_FAME,done,,"如將海藍置於排
頭﹐將可化為人

魚﹐通過大海或
湖泊⚬",,0,0,
script_east_fishmarket_shop,5c,4105,,19,22,done,,"需要什麼服務嗎
﹖",,0,0,
script_east_fishmarket_undersea_0d_1,55,64aa,,3A,63,done,,⋯⋯⋯,...,0,0,
,55,64b2,,3B,64,done,,⋯⋯⋯,...,0,0,
,55,64ba,,3B,63,done,,⋯⋯⋯,...,0,0,
,55,64c2,,3C,65,done,,⋯⋯⋯,...,0,0,
,55,64ca,,3B,64,done,,⋯⋯⋯,...,0,0,
,55,64d2,,3C,65,done,,⋯⋯⋯,...,0,0,
,55,64da,,3A,63,done,,⋯⋯,...,0,0,
script_east_fishmarket_undersea_0d_2,55,64f9,,3A,63,done,,"這裡是人魚之家
⚬",This is the mermaids' home.,0,0,
,55,650e,,3B,64,done,,"你們就是海青救
起的人類嗎﹖
海青真是個好人
魚⋯","Are you the humans Haiqing rescued?

She's truly such a kind mermaid...",0,0,
,55,653d,,3A,63,done,,"海青的姐姐～
海藍～
喜歡上了
一個人⚬

於是便用她的魚
之魂﹐向海巫師

換取三個月當人
的時間⚬

三個月後如果沒
有回來她就會化
為泡沫⋯
真是個傻人魚⋯","Haiqing's sister, Helen, fell in love with a human.

So she exchanged her fish soul for 3 months of human form with the Sea Witch.

If she doesn't come back in 3 months, she'll turn into foam...

What a foolish mermaid...",0,0,
,55,65c6,,3C,65,done,,"往那邊一直游﹐
就可是海巫師的
地方了⚬

那海巫師很可怕
⋯
只要近接那個地
方﹐嗚哦～
身體就不知不覺
的捲起來了⚬","Beyond here is the territory of the Sea Witch.

The Sea Witch is really scary...

The simple thought of going over there... Ooh!

My body just curls up by itself.",0,0,
,55,6630,,3B,64,done,,"上面的人類老是
說海青吃掉他們
的小孩﹗

才沒有這種事咧
﹗
海青常常救起溺
水的小孩呢﹗","The humans above keep saying that Haiqing eats their kids!

She does no such thing!

In fact, Haiqing often saves children from drowning!",0,0,
,55,6684,,3A,63,done,,"你是住在上面的
人類嗎﹖

想要回去上面﹖
很抱歉～
現在不行～

我正在思考著﹐
到底是先有烏龜

呢﹐還是先有蛋
﹗等我想出來後

﹐就載你回陸地
上⚬","Are you a human from above?

You want to go back there?

Sorry... Not right now. I'm wondering, which came first, the turtle or the egg?

I'll take you back on land once I figure that out.",0,0,
,55,6704,,3C,65,done,,"海青現在到陸地
上找海藍了﹗
現在不在﹗","Haiqing went looking for Helen on the land above!

She isn't here right now!",0,0,
,55,672a,,3C,65,done,,人類最討厭了﹗,I hate humans!,0,0,
script_east_fishmarket_undersea_0e,55,6b4c,,HAIQING,66,done,,"這是海巫師設的
屏障氣泡～

我們人魚身上的
黏液﹐可以消除
這道屏障⚬","This is a bubble barrier set up by the Sea Witch...

We mermaids can remove it.",0,0,
,55,6b89,,HAIQING,66,done,,"三個月的時間﹐
就要到了﹗
姐姐﹗","The 3 months are almost up!

Sister!",0,0,
,55,6ba9,,HAIQING,66,done,,"海巫師呢﹖
海巫大人﹖
到哪裡去了呢﹖","Where...?

Lady Sea Witch?

Where has she gone?",0,0,
,55,6bce,,HAIQING,66,done,,"這個海洞﹖
莫非⋯﹖
海巫大人﹗","This cave?

Could it be...?

Lady Sea Witch!",0,0,
,55,6bec,,HAIQING,66,done,,"海巫大人⋯
那名小孩⋯
你⋯⋯","Lady Sea Witch...

This child...

You...",0,0,
,55,6c08,,3E,67,done,,"既然被發現了﹗
就沒有什麼好隱
瞞的⚬

沒錯﹐為了我們
的計劃﹐我正在
抽取著這可愛小
孩的生命能量⚬

再沒多久﹐偉大
的神靈就要誕生
了﹗","Now that it has been discovered, there is nothing to hide.

Yes... for our plan, I am extracting the life energy of this lovely child.

It won't be long before a great god will be born!",0,0,
,55,6c84,,BALLOT,BALLOT_3,done,,"可惡﹗
放了那小孩﹗","NO!

Let the child go!",0,0,
,55,6c9b,,3E,67,done,,"不要輕舉妄動﹐
你們不要那條笨

人魚的魚之魂了
嗎﹖","Don't act rashly, don't you want the fish soul of that stupid mermaid?",0,0,
,55,6ccc,,HAIQING,66,done,,"姐⋯姐姐﹗
求求您﹐海巫大
人﹐把姐姐的魚
之魂還給我﹐好
嗎﹖","Sister... Sister! Please, Lady Sea Witch, give me back my sister's fish soul, will you? ",0,0,
,55,6d04,,3E,67,done,,"要怎麼做﹐相信
妳很清楚⚬

妳如果『那麼』
做的話﹐我甚至

還可以把這小孩
還給你們唷﹗","I'm sure you know exactly what to do, but if you do it, I'll even give you the child back.",0,0,
,55,6d54,,HAIQING,66,done,,"只要能救姐姐和
小孩的話﹐我無
所謂⚬

海巫大人﹐我答
應你﹗

但你要
遵守諾言⚬","I don't care, as long as I can save my sister and this child.

Sea Witch, I agree!

But you have to keep your promise.",0,0,
,55,6d9e,,3E,67,done,,一定﹗,But of course!,0,0,
,55,6da7,,3E,67,done,,"哦哦哦哦﹗
真是充沛的生命
魚之魂的生命力
﹐可扺得上一百
個小孩啊﹗

哈哈哈哈～
又是一條笨人魚

海藍的那個魚之
魂﹐早就被吸收
了﹗笨～蛋﹗","Ohohohoho!

Truly, the abundance of life energy from a fish soul is worth that of a hundred children!

Ha ha ha ha!

Anyway, the fish soul of that other stupid mermaid, Helen, has been absorbed long ago!

Idiot!",0,0,
,55,6e1f,,BALLOT,BALLOT_3,done,,可惡﹗,Darn it!,0,0,
,55,6e29,,3E,67,done,,"還有一個笨蛋嗎
⚬
也一起跳進生命
爐裡吧﹗","So it looks that there's more idiots here.

You'll go with her into the life furnace!",0,0,
,55,6e53,,BLANK,1E,done,,"嘔～呃⋯⋯
管子裡的水﹐味
道真噁心⋯⋯

大哥哥﹐謝謝你
﹗

我有看到哦﹗
很多小朋友﹐都
死在那個生命爐
裡呦﹗","Urk...

The water in the pipe is so gross...

Mister, thank you!

I've seen it!

Many children died in this life furnace!",0,0,
,55,6eb9,,BALLOT,BALLOT_2,done,,"海青⋯⋯
妳真是個大傻瓜
⋯⋯","Haiqing...

You really were a fool...",0,0,
,55,6ed6,,BALLOT,BALLOT_5,done,,"這⋯這就是海青
的魚之魂嗎﹖

海青⋯
我不會讓妳白白
犧牲的﹗","This... Is this Haiqing's fish soul?

Haiqing...

I won't let your sacrifice be in vain!",0,0,
,55,6f0b,,BALLOT,BALLOT_5,done,,得到魚之魂⚬,Got Fish Soul.,0,0,
,55,6f19,,3F,75,done,,⋯⋯⋯,...,0,0,
,55,6f21,,40,69,done,,"什⋯什麼﹗
海巫師失敗了﹖

生命能源停止發
送﹖","Wh... What?

The Sea Witch has been defeated?

The flow of life energy has stopped?",0,0,
,55,6f4e,,40,69,done,,"混帳東西﹗
快去給我查出﹐
到底是怎麼回事
﹗

為了歡迎偉大的
『牠』來臨﹐千
萬不可以出錯﹗","Darn it all!

Hey, you go see what is going on and report back to me!

To welcome ""its"" grand return, absolutely no mistake must be made!",0,0,
,55,6fa0,,STAR_BEAST,6A,done,,恰可﹗可﹗,Right! Squee!,0,0,
script_east_fishmarket_undersea_11,55,6894,,HAIQING,66,done,,"啊﹗你醒了﹖
很是抱歉～潮流

異常的大﹐我只
能夠救到你⋯⋯","Ah! You're awake?

I'm so sorry... The tide was exceptionally strong, so I could only save you...",0,0,
,55,68c8,,HAIQING,66,done,,啊﹖,Huh?,0,0,
,55,68d1,,BALLOT,BALLOT_5,done,,"那小孩的失蹤﹐
真的只是意外的
落水嗎﹖",Are the kid disappearances all just accidental drownings?,0,0,
,55,68f6,,HAIQING,66,done,,"我也不清楚⋯⋯
不過我看到了延
伸的章魚腳⋯⋯
可能是⋯⋯
海巫師⋯⋯","I don't know either...

But I saw an outstretched octopus tentacle...

So maybe...

The Sea Witch...",0,0,
,55,6931,,BALLOT,BALLOT_5,done,,海巫師﹖,The Sea Witch?,0,0,
,55,693d,,HAIQING,66,done,,"是的⋯⋯
姐姐也用了她的
魚之魂﹐向海巫
師換來三個月當
人類的時間⚬","Yes...

My sister also gave her fish soul to her to get a human form for 3 months.",0,0,
,55,697d,,HAIQING,66,done,,"你見過我的姐姐
～海藍嗎﹖","Have you seen my sister, Helen?",0,0,
,55,6997,,BALLOT,BALLOT_5,done,,嗯～見過⚬,"Yeah, we've seen her.",0,0,
,55,69a5,,HAIQING,66,done,,"那她有說要回來
嗎﹖三個月的時
間快到了﹐再不
回來的話～

姐姐就會變成泡
沫了﹗","Has she said anything about coming back?

It's been almost 3 months... If she doesn't come back, she'll turn into foam!",0,0,
,55,69eb,,BALLOT,BALLOT_5,done,,"怎麼會這樣子呢
﹖
有什麼解決的辦
法嗎﹖","How can this be?

Is there anything that can be done?",0,0,
,55,6a12,,HAIQING,66,done,,"只好向海巫師懇
求﹐請他還回姐
姐的魚之魂了⚬",I will go beg the Sea Witch to return my sister's fish soul to her.,0,0,
,55,6a3e,,BALLOT,BALLOT_5,done,,"我知道了⚬
真的非常感謝你
的救命之恩⋯

我就幫你取回魚
之魂好了⚬","Got it.

Thank you so much for saving us...

I'll help you get the fish soul back.",0,0,
,55,6a75,,HAIQING,66,done,,"謝謝您～好心的
人類⚬

但是今天就滿三
個月了⋯

但是姐姐卻說﹐
既使如此﹐也要
在安東的懷裡化
為泡沫⚬

我不能看著姐姐
變成泡沫﹗

姐姐要是沒有魚
之魂的話⋯⋯
實在很著急⋯

我還是跟你去好
了﹗

我們就在海巫之
殿會合吧⚬","Thank you, kind human.

Today is the final day of the 3 months...

But my sister said that even so, she'll turn into foam in Anton's arms.

I can't just watch her turn into foam!

If she doesn't have a fish soul...

I'm so worried...

I better go with you! Let's meet at the Sea Witch's palace.",0,0,
,55,6b37,,BALLOT,BALLOT_5,done,,"海巫之殿嗎﹖
好的⚬","The Sea Witch's palace?

Alright.",0,0,
script_east_fishmarket_undersea_12_1,55,64e1,,3C,65,done,,⋯⋯⋯,...,0,0,
script_east_fishmarket_undersea_12_2,55,673a,,3C,65,done,,"你知道嗎﹖人魚
有二條靈魂⚬

一個是人﹐一個
是魚⚬人魚如果

失去了魚之魂的
話﹐那剩下的人
之魂就會很快速
的消失⚬

最後變成泡沫喲
﹗真是可怕﹗","Did you know? A mermaid has two souls.

One is that of a human, the other is that of a fish.

If a mermaid loses her fish soul, the remaining human soul will quickly disappear too.

And she'll end up turning into foam! How scary!",0,0,
script_east_fishmarket_undersea_13_1,55,53c5,,3A,63,getchoice String_1cc5,,"這裡是星獸膠囊
存放銀行⚬

需要服務嗎﹖","This is the Star Beast Storage Bank.

Do you need something?",0,0,
script_east_fishmarket_undersea_13_2,55,64e9,,3B,64,done,,⋯⋯⋯,...,0,0,
,55,64f1,,3C,65,done,,⋯⋯⋯,...,0,0,
script_east_fishmarket_undersea_13_3,55,67b7,,3B,64,getchoice String_1cc5,,"我是全比底斯海
醫術最高明的螃
蟹⚬
受傷了嗎﹖

雖然我沒有醫過
人類﹐但螃蟹是

最有靈性的動物
⚬把這個應用到

人類身上﹐應該
還是行得通吧﹗","I am the best crab doctor of Deepa Sea.

Are you hurt?

Although I have never healed humans before, crabs are smart animals. By doing this, this should work on humans as well!",0,0,
,55,683c,,3C,65,done,,"哎呀﹗真是有緣
啊～今兒個巡迴

來到比底斯海域
﹐來到貴寶地～

就做大優惠吧～
東西便宜賣喲﹗","Whoa! It had to be fate... I went 'round the Deepa Sea today, and came across treasure!

Time to discount everything! Everything's cheap!",0,0,
script_ending_epilogue,6e,4401,,53,60,done,,"嗚哇～
不～～﹗
不可能﹗﹗﹗",,0,0,
,6e,441b,,SAYA,11,done,,"不行﹗
弗烈茲星系就快
要爆炸了﹗
啟動空間跳躍系
統﹗",,0,0,
,6e,4451,,20,30,done,,"時空跳躍系統⋯
準備完成⚬

目標地⋯地球⋯
距離⋯
１９３２光年
跳躍⋯
啟動﹗﹗",,0,0,
,6e,449a,,4F,73,done,,"逃不了爆炸震波
的範圍嗎﹖",,0,0,
,6e,44b3,,4F,73,done,,"全速跳脫
震爆波﹗",,0,0,
,6e,44c5,,20,30,done,,"警告～警告～
核子動力一爐
過載﹗
過載警告﹗",,0,0,
,6e,44f1,,SAYA,11,done,,"所有引擎動力全
開﹗
全速脫離﹗",,0,0,
,6e,4510,,4F,73,done,,啊啊啊啊﹗﹗﹗,,0,0,
,6e,451d,,HAYATO,HAYATO,done,,"ＯＨ～
ＢＡＢＹ～


你們看﹐天空的
裂縫不見了﹗",,0,0,
,6e,454b,,FANGFANG,1A,done,,"真的耶﹗
要是巴洛特在就
好了⋯",,0,0,
,6e,456b,,HAYATO,HAYATO,done,,"ＯＨ～
ＢＡＢＹ～


巴洛特一定活著
的⚬",,0,0,
,6e,4591,,FANGFANG,1A,done,,"巴洛特一定會回
來的⋯⋯
一定的⋯⋯⋯",,0,0,
,6e,45b5,,HELEN,HELEN_0,done,,"安東～
你還在我的身邊
嗎﹖

我知道﹐你一直
都在～",,0,0,
,6e,45e4,,BLANK,14,done,,"啊啊﹗海藍～
妳在這裡啊﹗

和我們一起過生
活吧⚬

村子為了妳﹐舉
辦了一場慶祝會
呢⚬",,0,0,
,6e,4635,,HELEN,HELEN_0,done,,"不必了⋯⋯
先謝謝你們的好
意⚬

我不討厭你們﹐
但也不喜歡你們

回到海底﹐一直
是我妹妹的期望
我們不會再見面
了⚬
保重吧⚬",,0,0,
,6e,46a6,,BLANK,14,done,,"海藍﹗
糟了～

這下子要怎麼跟
大家交待⋯⋯

海藍﹐你還是為
了那件事生氣嗎
海藍⋯⋯",,0,0,
,6e,46f5,,43,50,done,,"啊啊啊啊﹗﹗
老⋯老鼠﹗﹗﹗",,0,0,
,6e,470c,,44,4D,done,,吱吱吱吱～﹗,,0,0,
,6e,4719,,43,50,done,,"啊啊啊啊啊﹗﹗
救命啊﹗",,0,0,
,6e,472f,,LANTE,LANTE_1,done,,"怎麼了﹖啊﹗
好可愛的老鼠﹗",,0,0,
,6e,474c,,44,4D,done,,吱吱﹗,,0,0,
,6e,4755,,43,50,done,,"可愛﹗
真不敢相信﹐你
會說出『可愛』
這種形容詞﹗",,0,0,
,6e,4788,,46,6E,done,,"只是隻老鼠嘛～
大驚小怪的⋯",,0,0,
,6e,47a5,,43,50,done,,"只是隻老鼠﹖
真不敢相信你會

說出這種話﹗
你知道一隻老鼠

身上有幾億隻細
菌嗎﹖",,0,0,
,6e,47f0,,43,50,done,,"都是你﹗
買了這一艘老鼠
船﹗

全世界的老鼠都
在這裡了啦﹗",,0,0,
,6e,482a,,LANTE,41,done,,老媽⋯⋯⋯,,0,0,
,6e,4836,,BLANK,1E,done,,"後來呢﹖
後來呢﹖",,0,0,
,6e,4847,,RANDT,06,done,,"後來啊～
那個懲罰者雙手
高舉﹐在頭上形
成了一個很大的
火球⚬

就這樣咻～
的一下﹐往我丟
來﹗",,0,0,
,6e,48a0,,BLANK,1A,done,,"有多大﹖
有多大﹖",,0,0,
,6e,48b5,,RANDT,46,done,,"嗯～大概有我們
村子的三倍⋯
不﹐五倍大﹗",,0,0,
,6e,48e0,,BLANK,1A,done,,哇哇哇﹗,,0,0,
,6e,48ea,,RANDT,06,done,,"不過並沒有嚇到
我⚬

只見我雙手一擋
將火球硬生生的
彈了回去﹗
那懲罰者就
『轟』的一聲﹐
被自己的火球
燒死了～",,0,0,
,6e,494e,,BLANK,1E,done,,"哇哇哇哇﹗
好厲害﹗",,0,0,
,6e,4960,,RANDT,06,done,,"呵呵呵～
不要露出這麼驚
訝的表情喲～

這種小事﹐對我
的能力而言﹐一
點都不困難喲⚬",,0,0,
,6e,49ad,,BLANK,1A,done,,"雷德好棒喲﹗﹗

我長大也要跟雷
德一樣﹗",,0,0,
,6e,49d6,,RANDT,06,done,,哈哈哈哈哈～～,,0,0,
,6e,49e3,,4F,73,done,,"真是麻煩⋯
這樣⋯那樣⋯",,0,0,
,6e,49fc,,4F,73,done,,"哦﹗﹗好痛﹗
巴克﹐不要怕～
我會修好她的⚬",,0,0,
,6e,4a27,,BUCK,BUCK,done,,"貝爾．醒．
過來了﹖",,0,0,
,6e,4a3c,,4D,6C,done,,"啊﹗﹖
是主人救了我嗎

對於主人的命令
貝爾違背了⋯⋯",,0,0,
,6e,4a6e,,4F,73,done,,"算了﹐又不全是
你的錯⚬

還是想要變成人
嗎﹖",,0,0,
,6e,4a98,,BUCK,BUCK,done,,貝爾⋯變成人﹖,,0,0,
,6e,4aa9,,4D,6C,done,,"不要了⋯⋯
巴克說過﹐當我
們會生氣﹐會感
傷﹐就已經有了
人類的心⚬

變不變成人﹐已
經不重要了⚬",,0,0,
,6e,4afe,,BUCK,BUCK,done,,貝爾小姐⋯⋯,,0,0,
,6e,4b0d,,4D,6C,done,,巴克﹐謝謝你⋯,,0,0,
,6e,4b1d,,4F,73,done,,"哈哈哈哈～
頭一次看見會談
戀愛的機器人﹗
真是好笑～
不過真叫人嫉妒",,0,0,
,6e,4b59,,38,61,done,,"喂～喂～
兒子呀～

你這些日子來都
在做什麼﹖

有沒有什麼進展
啊﹖",,0,0,
,6e,4b9b,,CLAUDE,CLAUDE_0,done,,"進展﹖
你是指懲罰者的
事﹖",,0,0,
,6e,4bb8,,38,61,done,,"如果只是這種無
聊的事的話﹐那

我就不會讓你出
去了⚬

我指的事﹐當然
是⋯⋯
呵呵～",,0,0,
,6e,4c06,,NINA,02,done,,"伯父為什麼一直
看著我﹖",,0,0,
,6e,4c1e,,CLAUDE,CLAUDE_3,done,,"做什麼﹗
老色鬼﹐

不看看自己多大
的年紀了﹗",,0,0,
,6e,4c49,,38,61,done,,"克勞德﹐你還不
明瞭爸爸的用心
嗎﹖",,0,0,
,6e,4c6a,,NINA,02,done,,⋯⋯⋯,,0,0,
,6e,4c72,,CLAUDE,CLAUDE_2,done,,"這．還．用．你
．說﹗

偷偷跟你說﹐妮
娜已經要跟我
『那個』了﹗",,0,0,
,6e,4cad,,38,61,done,,"哦哦﹗﹗
『那個』﹗﹗",,0,0,
,6e,4cc2,,NINA,NINA_3,done,,"亂說⋯⋯
妮娜只是⋯⋯

只是說⋯
可以做個好朋友",,0,0,
,6e,4cec,,CLAUDE,CLAUDE_2,done,,"聽到了吧～
妮娜說要～

做我的
女．朋．友﹗",,0,0,
,6e,4d15,,38,61,done,,哈哈哈哈哈～,,0,0,
,6e,4d21,,5A,18,done,,"少爺～
你回來了﹗

嗚嗚嗚嗚～嗚～
先生跟夫人要是
知道的話﹐一定
會很高與的⚬",,0,0,
,6e,4d68,,MITT,48,done,,"對不起﹐讓你擔
心了⋯⋯
我一定會努力的",,0,0,
,6e,4d90,,5A,18,done,,"嗚嗚～少爺～

我⋯我⋯
太感動了⋯⋯",,0,0,
,6e,4db0,,MITT,47,done,,"嘻嘻嘻～
剛回來就有好多
事要忙﹗

先別急著感動唷
星夢城的月亮軌
跡要重繪了⚬

我一定要成為﹐
比爸爸還傑出的
星空彩繪家﹗",,0,0,
,6e,4e1d,,5A,18,done,,"嗚～嗚～嗚～
少爺⋯⋯⋯",,0,0,
,6e,4e36,,MITT,07,done,,對不起⋯⋯⋯,,0,0,
script_ending_finale,6e,4e43,,BALLOT,BALLOT_5,done,,"終於⋯
落幕了嗎﹖",,0,0,
,6e,4e55,,SAYA,11,done,,"巴洛特⋯
對不起⋯",,0,0,
,6e,4e69,,BALLOT,BALLOT_5,done,,"爸⋯為什麼不說
什麼就離開了﹖",,0,0,
,6e,4e86,,SAYA,11,done,,"這是個危險的任
務﹐爸爸本來就
沒有抱著活下去
的把握⋯⋯

爸爸一直認為﹐
不要再給不快樂

的巴洛特﹐多餘
的牽掛⋯⋯",,0,0,
,6e,4eec,,BALLOT,BALLOT_3,done,,"哼﹗
爸爸大笨蛋﹗",,0,0,
,6e,4eff,,SAYA,11,done,,"哈哈哈～
記得很久前﹐巴
洛特也這麼罵過
我⚬",,0,0,
,6e,4f2a,,BALLOT,BALLOT_1,done,,"爸⋯⋯⋯
你看～
黃澄澄的月亮﹐
看起來多麼無瑕",,0,0,
,6e,4f52,,SAYA,11,done,,嗯⋯⋯⋯,,0,0,
,6e,4f5c,,LAKI,LAKI,done,,哦～呵呵呵呵～,,0,0,
,6e,4f6b,,KULU,KULU,done,,我們在哪裡﹖,,0,0,
,6e,4f7a,,LAKI,LAKI,done,,"你是指我們是誰
嗎﹖

既然你們問起了
那我就仁慈的
告訴你們吧﹗",,0,0,
,6e,4fb5,,KULU,KULU,done,,"來自銀河系裡的
正義使者﹗",,0,0,
,6e,4fd1,,LAKI,LAKI,done,,"穿梭於黑夜的浪
漫勇士﹗",,0,0,
,6e,4fe9,,KULU,KULU,done,,"貫徹愛．正義．
勇氣的真理﹗",,0,0,
,6e,5004,,LAKI,LAKI,done,,拉琪﹗,,0,0,
,6e,500d,,KULU,KULU,done,,庫魯﹗,,0,0,
,6e,5016,,LAKI,LAKI,done,,"閃．電．隊～～
誕生﹗﹗",,0,0,
,6e,502a,,LAKI,LAKI,done,,好冷⋯⋯,,0,0,
,6e,5033,,KULU,KULU,done,,"在下覺得我們好
像被遺忘了⋯",,0,0,
,6e,5050,,LAKI,LAKI,done,,"哇哇哇哇﹗
誰來救救我呀﹗",,0,0,
script_equipment_descriptions,1e,6197,,,,"line """"",,裝備後﹐即使死亡﹐也能奇蹟似的復活⚬,,0,0,
,1e,61b7,,,,"line """"",,所蘊藏的藥水﹐能使體力逐漸回復⚬,,0,0,
,1e,61d1,,,,"line """"",,可增加火屬性攻擊威力２５％⚬,,0,0,
,1e,61e8,,,,"line """"",,可增加水屬性攻擊威力２５％⚬,,0,0,
,1e,61ff,,,,"line """"",,可增加雷屬性攻擊威力２５％⚬,,0,0,
,1e,6216,,,,"line """"",,可增加土屬性攻擊威力２５％⚬,,0,0,
,1e,622d,,,,"line """"",,可增加風屬性攻擊威力２５％⚬,,0,0,
,1e,6244,,,,"line """"",,可增加木屬性攻擊威力２５％⚬,,0,0,
,1e,625b,,,,"line """"",,可增加一般攻擊威力２５％⚬,,0,0,
,1e,6271,,,,"line """"",,火龍加護﹐降低火屬性攻擊威力５０％⚬,,0,0,
,1e,6291,,,,"line """"",,人魚加護﹐降低水屬性攻擊威力５０％⚬,,0,0,
,1e,62b1,,,,"line """"",,雷淚加護﹐降低雷屬性攻擊威力５０％⚬,,0,0,
,1e,62d1,,,,"line """"",,石螯加護﹐降低土屬性攻擊威力５０％⚬,,0,0,
,1e,62f1,,,,"line """"",,風娘加護﹐降低風屬性攻擊威力５０％⚬,,0,0,
,1e,6311,,,,"line """"",,木靈加護﹐降低木屬性攻擊威力５０％⚬,,0,0,
,1e,6331,,,,"line """"",,陷入深眠時﹐會發出噪音吵醒擁有者⚬,,0,0,
,1e,6350,,,,"line """"",,帶著諸神守護的護符﹐可防止任何異常⚬,,0,0,
,1e,636e,,,,"line """"",,體力低落時便會破裂而回復２０點的體力,,0,0,
,1e,638b,,,,"line """"",,體力低落時便會破裂而回復６０點的體力,,0,0,
,1e,63a8,,,,"line """"",,體力低落時便會破裂而回復５０％的體力,,0,0,
,1e,63c5,,,,"line """"",,夢幻般的水晶﹐聖潔的力量可防止中毒⚬,,0,0,
script_fangfangs_house1_1,08,49db,,BLANK,15,done,,"你是來找芳芳的
嗎﹖

芳～芳～﹗

妳的朋友來找你
唷～

都這麼晚了﹐
留下來一起吃晚
餐好嗎﹖","Did you come to find Fangfang?

Oh, Fangfang!

Your friend came to visit~

Since it's so late, why not stay for dinner?",0,0,
,08,4a2e,,BLANK,18,done,,"賽亞是一個很棒
的天文科學家⚬

在我們天文科學
界﹐
他算是個天才吧
﹗

只是脾氣古怪了
一點⋯⋯","Saya is a great astronomer.

He's known as a prodigy in our little community! He's just a bit eccentric...

",0,0,
,08,4a87,,FANGFANG,1A,done,,"你是來找我一起
玩的嗎﹖

好～高～興～","Are you here to play with me? I'm so glad!

",0,0,
script_fangfangs_house1_2,08,4ef4,,BLANK,15,done,,"你是來找芳芳的
嗎﹖
芳芳上學去了唷
～",Are you here to see Fangfang? She went to school~,0,0,
script_fangfangs_house2,0e,51dd,,BLANK,15,done,,"你是來找芳芳的
嗎﹖

芳～芳～﹗
妳朋友來找你唷
～","Did you come to find Fangfang?

Oh, Fangfang!

Your friend came to visit~",0,0,
,0e,520e,,BLANK,18,done,,"賽亞是一個很棒
的天文科學家⚬

在我們天文科學
界﹐
他算是個天才吧
﹗

只是脾氣古怪了
一點⋯⋯","Saya is a great astronomer.

He's known as a prodigy in our little community! He's just a bit eccentric...

",0,0,
,0e,5267,,FANGFANG,1A,done,,"你是來找我一起
玩的嗎﹖

好～高～興～","Are you here to play with me? I'm so glad!

",0,0,
script_fashion_store,4f,5be3,,BLANK,25,done,,"抱歉～
本店的服飾全被
麗子給買下來了
真是抱歉⋯‥","I'm sorry...

The clothes in our shop were all bought by Lizzy, I'm truly sorry...

",0,0,
,4f,5c0f,,LAKI,LAKI,done,,"你這個可惡的女
人﹗

竟然搞這種可惡
的勾當﹗

把所有的衣服全
收購一空﹐真是
卑鄙﹗

你這種女人﹐一
．點．都．不．
可．愛﹗","You nasty woman!

To do something so evil!

To buy every single dress is truly despicable!

A woman like you... Isn't cute at all!",0,0,
,4f,5c7d,,KULU,KULU,done,,"和在下想的﹐一
點都沒有錯⚬

在下認為﹐你真
是個醜八怪﹗","And it looks like I wasn't mistaken.

In my humble opinion, you're really ugly!

",0,0,
,4f,5cb4,,35,5E,done,,"什麼﹗﹗
竟敢說我不可愛
你們又是誰啊﹖","What?!

How dare you say that I'm not cute! 

Who are you?",0,0,
,4f,5cdc,,LAKI,LAKI,done,,"你在問我們是誰
嗎﹖",You're asking who we are?,0,0,
,4f,5cf2,,LAKI,LAKI,done,,"既然你們問起了
﹐那我就仁慈的
告訴你們吧﹗","Since you've asked so nicely, we'll tell you, out of the kindness of our hearts!",0,0,
,4f,5d1c,,KULU,KULU,done,,"來自銀河系裡的
正義使者﹗","Messengers of justice, from the Milky Way!

",0,0,
,4f,5d38,,LAKI,LAKI,done,,"穿梭於黑夜的浪
漫勇士﹗","Dashing heroes, in both night and day!

",0,0,
,4f,5d50,,KULU,KULU,done,,"貫徹愛．正義．
勇氣的真理﹗","With truth, justice, courage and love!

",0,0,
,4f,5d6b,,LAKI,LAKI,done,,拉琪﹗,Laki!,0,0,
,4f,5d74,,KULU,KULU,done,,庫魯﹗,Kulu!,0,0,
,4f,5d7d,,LAKI,LAKI,done,,"閃．電．隊～～
誕生﹗﹗",Witness the birth of the Volts!,0,0,
,4f,5d91,,35,5E,done,,"一群神經病﹗
我就是不賣～

你們就穿那些破
舊的衣服﹐上台
讓人笑個夠吧﹗
哈哈哈哈～","What a bunch of nutcases!

You won't get anything from me, so just go wear these shabby clothes on-stage and give people a good laugh!

Ha ha ha ha ha!

",0,0,
,4f,5ddb,,KULU,KULU,done,,"你真是在下見過
最壞心眼的醜八
怪﹗","You really are the most evil, ugliest hag I've ever seen!",0,0,
,4f,5dfe,,LAKI,LAKI,done,,"哼﹗
沒什麼了不起的

我會讓你這個不
可愛的傢伙﹐見
識到～
什麼叫做女王的
風範﹗

哦哦哦哦～
呵呵呵呵﹗","Humph!

Never mind! My gracious self will let this uncute prick go this once - that's what's called a queenly demeanor!

Ohohohoho!

Ehehehehe!

",0,0,
,4f,5e5b,,35,5E,done,,"哼﹗
沒有人敢說麗子
不可愛﹗
氣死我了﹗﹗","Hmph!

No one dares to say that I'm uncute!

I'm so mad!",0,0,
,4f,5e85,,35,5E,done,,"什麼﹖
妳也想要參加

選秀會﹖","What?

You want to participate in the talent show too?

",0,0,
,4f,5ea5,,35,5E,done,,"哈哈哈哈～
不要笑死人了～

瞧妳那副寒酸樣
連衣服穿在妳身
上﹐都變得很可
憐⚬
哈哈哈～

妳還是放棄吧﹗
哈哈哈～","Ah ha ha ha ha!

Oh, I'm going to pass out... You look so shabby, and even your clothes look so pitiful...

Ha ha ha ha ha!

You should just give up!

Ha ha ha ha!",0,0,
,4f,5f09,,NINA,02,done,,"是⋯是的⋯
對不起⋯⋯","Y... Yes...

Sorry...

",0,0,
,4f,5f1f,,35,5E,done,,"真是傷腦筋～
衣服這麼多～

把剩下來的衣服
全都燒掉吧﹗
真是麻煩⋯","What a headache! There's so many clothes...

I'll just burn the ones I don't need!

How annoying...

",0,0,
,4f,5f5b,,NINA,02,done,,"巴洛特⋯妮娜⋯
不能比賽了⋯⋯

妮娜⋯
沒有衣服～
麗子小姐說﹐妮
娜不適合比賽⋯","Ballot... I...

I can't enter the competition... I...

I don't have any clothes, and miss Lizzy said that I'm not suitable for the talent show...

",0,0,
,4f,5fa7,,BALLOT,BALLOT_5,done,,"沒有那回事的﹗
妮娜一定是最漂
亮的女孩⚬

只要我們解決了
衣服的問題的話","Don't say that!

Nina, I'm sure you're the prettiest of them all.

We just need to solve this clothing problem...

",0,0,
,4f,5feb,,2C,55,done,,咦⋯﹖,Huh...?,0,0,
,4f,5ff5,,2C,55,done,,啊⋯﹖,"Hmm?

",0,0,
,4f,5fff,,2C,55,done,,妳⋯妳⋯,"You... you...

",0,0,
,4f,600b,,2C,55,done,,"這⋯這種心蹦蹦
跳的感覺是什麼
﹖

心臟好像被一百
隻大象踩過一樣
真是奇怪⋯⋯","Wh... What's this feeling?

My heart is pounding like a stampede of 100 elephants...

It feels so weird...

",0,0,
,4f,6051,,2C,55,done,,"這⋯這位小姐⋯
妳也是要參加選
秀會嗎﹖","This... Miss...

Are you also going to participate in the talent show?

",0,0,
,4f,6077,,NINA,02,done,,"妮娜不適合⋯⋯
妮娜只有這套破
舊的衣服⋯","I can't...

I only have these old clothes...

",0,0,
,4f,609f,,2C,55,done,,"臉好燙⋯⋯
我今天是怎麼回

事⋯⋯","My face feels so hot...

What's happening to me today...

",0,0,
,4f,60c0,,NINA,02,done,,面具先生﹖,"Mister?

",0,0,
,4f,60cd,,2C,55,done,,"哦﹗﹗﹗
這件事就包在我
身上﹐我幫你解
決衣服的問題⚬

我有個知名的裁
縫師朋友⚬

我們就在綠色樹
海碰面吧﹗

再見了～
一定要來喲﹗","Whoa!

Leave it to me, I'll help you out with the clothes.

I have a friend who's a famous tailor.

Let's meet in the Sea of Green!

See ya - please come!",0,0,
,4f,6146,,BALLOT,BALLOT_5,done,,真是奇怪的人⋯,What a weird guy...,0,0,
,4f,6154,,NINA,02,done,,"巴洛特﹐現在要
怎麼辦﹖","Ballot, what do we do now?

",0,0,
,4f,616c,,BALLOT,BALLOT_5,done,,"沒有辦法了～
城裡已經買不到
衣服⋯

只好到綠色樹海
與他碰面了⚬","We don't have a choice, there's no longer any clothes in the city...

We'll have to go meet him in the Sea of Green.

",0,0,
,4f,61aa,,BALLOT,BALLOT_5,done,,"這裡是綠色樹海
嗎﹖
怎麼到處都是石
頭做的樹﹖

石頭做的小動物
真是奇怪～","That's the Sea of Green?

Why are there stone trees everywhere?

These little stone animals... That's really weird!

",0,0,
script_g2_1f,12,41f1,,BLANK,1A,done,,嗯﹐找死﹗,"OK, I'll risk it!",0,0,
script_g3_17,4f,5093,,BLANK,17,done,,"我老婆就是世界
知名的糢特兒～
花露露⚬

我們家麗子就不
得了了﹗

她一定能在選秀
會上﹐大放明星
光彩的﹗

你說是嗎﹖
我的親親小蜜糖","You heard about the world-renowned model, Hua Lulu? That's my wife!

My Lizzy is absolutely amazing!

She will dazzle all the competition during the talent show! 

Ain't that right, my darling sweetie pie?",0,0,
,4f,5107,,BLANK,17,done,,"我老婆就是世界
知名的糢特兒～",My wife is a world-renowned model!,0,0,
,4f,5127,,BLANK,17,done,,"自從敗選後﹐

我老婆～

就⋯不知跑到
哪裡去了～

老婆啊～嗚～","Ever since she lost the contest, my wife...

I... I have no idea where she ran off to...

Darling... Waaah...",0,0,
,4f,5161,,35,5E,done,,"嗯～嗯～嗯～﹖
你是來要簽名的
嗎﹖

嗯～又是一個被
我所迷惑的小羔
羊⚬

女人的身體﹐是
最大的～武～器
嗯～～","Oh oh oh?

Are you here for an autograph?

Hm! Another little lamb, bewitched by my looks.

A woman's body is her best weapon!

Hmm-hmm!",0,0,
script_g3_19,4f,51ca,,BLANK,13,done,,"沒有問題的﹗
以我女兒的姿色
要奪下選秀會的
冠軍﹐絕對沒有
問題的⚬","No problem!

With my daughter's beauty, winning the talent show will be a non-issue.",0,0,
,4f,5208,,BLANK,13,done,,"抱歉～
今日掛號已滿﹗
明日請早﹗","Oh no, today's registrations are closed!

We'll have to apply early tomorrow!",0,0,
,4f,522b,,BLANK,25,done,,"真是緊張﹐選秀
會就要到了﹗

要是人家真的選
上了﹐該怎麼辦
一想到人家就要
成為世界明星﹐
就好緊張喲﹗","The talent show is coming up soon, I'm so nervous!

Just thinking of what I would do if I get picked and become a world-famous celebrity gets my stomach in a knot!

",0,0,
,4f,5284,,BLANK,25,done,,"要世界級明星的
我的簽名﹐

是要預約的喲～

媽﹗掛號了～","If you want an autograph from a famous celebrity such as me, you'll have to make an appointment!

Mom! Register!",0,0,
script_g3_1a_1,4f,52bc,,BLANK,16,done,,"在天之都的附近
有一座森林﹐名
叫綠色樹海⚬

但不曉得為什麼
突然間～
所有的樹都
變成了石頭⚬
真是奇怪啊⋯","There's a forest near Sky City called the Sea of Green.

But suddenly, for some unknown reason, all of the trees turned to stone.

This is really strange...",0,0,
,4f,531d,,BLANK,13,done,,"綠色樹海裡有很
多的小動物⋯
可是突然減少了
很多～
還有些被變成了
石頭⚬

到底是怎麼回事
呢﹖","There were a lot of small animals living in the Sea of Green...

But many of them suddenly disappeared, and some turned into stone.

Just what in the world happened? ",0,0,
script_g3_1a_2,4f,6bf9,,BLANK,16,done,,"綠色樹海又變成
一片綠油油了⚬

真是搞不懂怎麼
回事⚬","The trees in the Sea of Green have become green once more.

I really don't understand what's going on.",0,0,
,4f,6c29,,BLANK,1F,done,,"好噁心喔﹗
在綠色樹海看到
一隻沒有毛的小
白兔⋯

小白兔沒有毛﹐
變得好像是長耳
朵的老鼠﹗
好噁心喔﹗","Gross!

In the Sea of Green, I saw a furless little bunny...

Without fur, white rabbits look like long-eared rats!

How disgusting!

",0,0,
script_g3_1b,4f,5372,,BLANK,18,done,,"邦林企業總裁的
兒子～
克勞德﹐是個頑
皮的小孩⚬

不過他卻非常的
喜歡小動物⚬

常看見他對著小
動物自言自語⋯","Claude, the son of Bang Lin Entreprises' president, is a very naughty kid.

However, he is very fond of small animals.

I often see him talking to them...",0,0,
script_g3_1d_1,4f,407f,,14,25,getchoice String_1cc5,,"需要妮可治療嗎
﹖",,0,0,
script_g3_1d_2,4f,4097,,1A,25,getchoice String_1cc5,,"這裡是星獸膠囊
存放銀行⚬

需要艾娜的服務
嗎﹖",,0,0,
script_g3_1e,4f,406d,,19,22,done,,需要服務嗎﹖,,0,0,
script_g4_1e,58,63df,,STAR_BEAST,6A,done,,"嘰嘰～阻礙計劃
者⋯嘰嘰⋯殺﹗",,0,0,
,58,63fd,,BALLOT,BALLOT_5,done,,"阻礙計劃者﹖
這是什麼意思﹖
星獸有什麼計劃
嗎﹖

這種不安的感覺
到底是什麼呢﹖",,0,0,
script_g5_03_1,67,6f54,,2E,57,done,,⋯⋯⋯,,0,0,
,67,6f5d,,2D,56,done,,⋯⋯⋯,,0,0,
script_g5_03_2,67,6f6d,,2D,56,done,,"啊﹗是你啊﹗
這個送你⚬",,0,0,
,67,6f86,,BALLOT,BALLOT_5,done,,得到干擾電波⚬,,0,0,
,67,6f97,,2D,56,done,,路上小心﹗,,0,0,
,67,6fa5,,2E,57,getchoice String_1cc5,,需要治療嗎﹖,,0,0,
script_g5_04_1,67,6f65,,31,5A,done,,⋯⋯⋯,,0,0,
script_g5_04_2,67,6fdb,,2E,57,getchoice String_1cc5,,"這裡是怪獸膠囊
存放銀行⚬
需要服務嗎﹖",,0,0,
,67,7002,,31,5A,done,,"遇上你真好⚬
這就當做是
見面禮好了⚬",,0,0,
,67,7025,,BALLOT,BALLOT_5,done,,得到祕技１?⚬,,0,0,
,67,7036,,31,5A,done,,遇上你真好⚬,,0,0,
script_g5_05_1,67,6f4b,,2F,58,done,,⋯⋯⋯,,0,0,
script_g5_05_2,67,6fb7,,2F,58,getchoice String_1cc5,,需要治療嗎﹖,,0,0,
script_g5_06_1,67,6fc9,,31,5A,getchoice String_1cc5,,需要治療嗎﹖,,0,0,
script_g5_06_2,67,7044,,2F,58,done,,"終於有人聽懂我
的話了⚬
這個送你⚬",,0,0,
,67,7069,,BALLOT,BALLOT_5,done,,得到神奇果實⚬,,0,0,
,67,7079,,2F,58,done,,謝謝你﹗,,0,0,
script_g6_08_1,6c,405d,,14,25,getchoice String_1cc5,,"需要妮可治療嗎
﹖",,0,0,
,6c,4075,,1A,25,getchoice String_1cc5,,"這裡是星獸膠囊
存放銀行⚬

需要艾娜的服務
嗎﹖",,0,0,
,6c,40a4,,19,22,done,,"需要什麼服務嗎
﹖",,0,0,
script_g6_08_2,6c,748f,,51,$76,done,,"想要阻止懲罰者
嗎﹖

別不自量力了⚬
讓你見識三魔人
之～水魔人
的厲害﹗",,0,0,
script_g6_09,6c,74d2,,52,$77,done,,"懲罰者已經從那
該死的裂縫中出
現了⚬

哈哈～
等主人呤唱完終
極的淨化咒文後
月球就會化為巨
大的隕石⚬

到時候﹐地球就
會像地獄般的灼
熱﹗
哈哈哈哈～

用炙烈的火焰﹐
淨化所有不潔的
人類吧﹗",,0,0,
script_g6_0a,6c,757d,,50,75,done,,"你們還能夠來到
這裡﹐不由得讓

我打從心裡偑服
懲罰者正在呤唱
淨化人類的咒文
可不能讓你們阻
止⚬

地球這種地方﹐
讓你們人類居住

實在太浪費了現
在的我﹐力量應
該完全的回復了
吧﹗

既然如此﹐那就
提早進入死靈國
度吧﹗",,0,0,
,6c,7643,,50,75,done,,"不⋯不可能⋯⋯
不⋯甘心⋯",,0,0,
script_g6_0b_1,6c,765d,,53,$78,done,,"奉吾之名、奉吾
之力～

比太陽更灼熱～
比血液更炙紅～

召喚紅蓮之星﹐
化為焚風～",,0,0,
,6c,76a8,,BALLOT,BALLOT_4,done,,"糟了﹗
這就是終極的淨
化咒文嗎﹖
絕對不能讓他唱
完﹗",,0,0,
,6c,76db,,53,$78,done,,"嗚⋯⋯呃⋯⋯
阻礙者⋯⋯⋯

奉吾之名﹐奉吾
之力～

比黑夜更潻黑的
力量～
回歸吾身﹗",,0,0,
,6c,7725,,53,60,done,,"低等的人類⚬

吾囚於空間裂縫
中之苦﹐汝能體
會﹖

月亮既將成為火
蓮～

既將對你們伸出
炙熱的舌頭﹐吞
噬一切⚬

用它吹出的風蒸
發你們的血液～

用它憤怒的火灰
化你們的骨頭～

何??﹖

接受淨化不是很
好嗎﹖

在吾之面前﹐體
會恐懼吧﹗",,0,0,
,6c,77f4,,53,60,done,,"呃⋯吾之力量尚
未回復⋯⋯

執意要做最後的
掙扎嗎﹖

一切似乎都太遲
了?",,0,0,
,6c,7835,,53,60,done,,"奉吾之名、奉吾
之力～

比太陽更灼熱～
比血液更炙紅～

召喚紅蓮之星﹐
化為焚風～綻開
千萬度火舌～",,0,0,
,6c,788f,,BALLOT,BALLOT_3,done,,"可惡﹗
我不會讓你得懲
的﹗",,0,0,
,6c,78ab,,BALLOT,BALLOT_3,done,,可惡﹗﹗,,0,0,
,6c,78b6,,SAYA,11,done,,"巴洛特﹗
超．能源砲能源
已??

趕快回到白鳥號
上﹗
動作快﹗﹗",,0,0,
,6c,78ed,,BALLOT,BALLOT_5,done,,是的﹗,,0,0,
,6c,78f5,,53,60,done,,沒有這麼容易～,,0,0,
,6c,7906,,BALLOT,BALLOT_4,done,,啊啊啊﹗﹗﹗﹗,,0,0,
script_g6_0d,6c,61ec,,DR_LEO,DR_LEO,done,,"你們終於來了﹗
趕快上來吧⚬

路上再跟你們慢
慢解釋﹗",,0,0,
,6c,621e,,4F,73,done,,"怎麼會這樣﹖
晶片被拿走了嗎

可惡﹗﹗
大事不妙了﹗",,0,0,
,6c,624d,,DR_LEO,DR_LEO,done,,"哈哈哈～
很棒吧﹗

這可是我一生中
最偉大的成就﹗",,0,0,
,6c,627c,,DR_LEO,DR_LEO,done,,"一百二十年前﹐
八大科家就是用

設計圖上的太空
船﹐修補了星系

的裂縫﹐解除了
藍月現象⚬
而現在﹐就換我
們來拯救地球了
霧",,0,0,
,6c,62eb,,BALLOT,BALLOT_5,done,,"所以當時的八大
科學家﹐就留下

了那張設計圖﹖",,0,0,
,6c,6317,,DR_LEO,DR_LEO,done,,"是的⚬他們應該
是預測到﹐在不

久的將來﹐一定
會再度發生同樣
的事情吧⚬",,0,0,
,6c,635b,,DR_LEO,DR_LEO,done,,"好了﹐
時間不多了⚬

這就啟動時空跳
躍系統﹐飛往弗
烈茲星系吧﹗

在那之前﹐你們
八個人都要負責
好每個人的操作
部份⚬",,0,0,
,6c,63ca,,DR_LEO,DR_LEO,done,,"啟動時光跳躍系
統⚬

地點～
弗烈茲星系⚬",,0,0,
,6c,63f4,,20,30,done,,"時空跳躍⋯⋯
檢查終了﹗
弗烈茲星系⋯
地點確定⚬

距地球⋯
１９３２光年
啟動準備⋯⋯",,0,0,
,6c,6440,,20,30,done,,"警告～警告﹗
機身受損～

機身受損～
系統過載⋯⋯",,0,0,
,6c,6470,,DR_LEO,DR_LEO,done,,"怎麼回事﹖

啊﹗
機身偏離航道了

系統切換到人工
操作﹗",,0,0,
,6c,64a5,,20,30,done,,"人工操作⋯
切換完成⚬",,0,0,
,6c,64bc,,DR_LEO,DR_LEO,done,,"巴洛特﹐趕快找
出發生故障的原
因⚬

我設法穩住機身
快﹗",,0,0,
script_g6_10,6c,64f3,,DR_LEO,DR_LEO,done,,"巴洛特﹐趕快找
出發生故障的原
因⚬

我設法穩住機身
快﹗",,0,0,
script_g6_11,6c,6542,,NINA,NINA_4,done,,"怎麼會這樣﹖
妮娜也跟巴洛特
一起去﹗",,0,0,
script_g6_12,6c,659b,,HELEN,HELEN_0,done,,"原來如此⚬
一起找出問題的
根源吧⚬",,0,0,
script_g6_14,6c,652a,,BUCK,BUCK,done,,"巴克．一起去．
找問題﹗",,0,0,
script_g6_15,6c,6566,,CLAUDE,CLAUDE_4,done,,"在這種緊急時刻
還發生這種事⚬

雷歐博士真是不
可信任⚬",,0,0,
script_g6_16,6c,65bf,,LANTE,42,done,,"怎麼辦～
怎?辦～

太空船會不會就
這?墜毀了﹖

我這裡都很正常
呀﹗

有什麼我可以幫
忙的﹐就儘管開
口吧⚬",,0,0,
script_g6_17,6c,661f,,LANTE,43,done,,"少了我的幫助﹐
巴洛特會覺得沒
有安全感嗎﹖

呵呵呵～
那真是不好意思
呀﹗",,0,0,
,6c,6665,,BALLOT,BALLOT_3,done,,可惡⋯打不開﹗,,0,0,
,6c,6676,,BALLOT,BALLOT_4,done,,"米特﹖
這是怎麼回事﹖",,0,0,
,6c,668d,,MITT,49,done,,"哈哈哈哈～

這?﹐就連唯一
的阻礙都消除了

死心吧人類～
放棄你們的掙扎
吧﹗",,0,0,
,6c,66d2,,BALLOT,BALLOT_3,done,,"米特﹗
你在說什麼﹖",,0,0,
,6c,66e8,,MITT,49,done,,"裂縫的程度﹐就
快要讓懲罰者通
過了⚬

抱著榮幸的心情
接受紅蓮的洗淨
吧﹗

然後地球將會是
我們的了﹗",,0,0,
,6c,6745,,3F,75,done,,"我乃星獸三魔人
之～龍魔人⚬

這個宿主﹐對我
來說﹐再也沒有
用處了⚬",,0,0,
,6c,6781,,50,75,done,,"哈哈哈～
一百二十年前﹐
你破壞了我的計
劃⚬

而現在﹐你就要
嚐到可怕的後果
了?
哈哈哈哈～",,0,0,
,6c,67d2,,BALLOT,BALLOT_5,done,,"米特﹗﹗
支持住﹗",,0,0,
,6c,67e5,,MITT,07,done,,"巴⋯巴⋯
巴洛特⋯",,0,0,
,6c,67fa,,BALLOT,BALLOT_5,done,,"米特﹗
不要放手啊﹗",,0,0,
,6c,680f,,MITT,48,done,,"巴洛特⋯
對不起⋯
都是我的錯⋯",,0,0,
,6c,682f,,BALLOT,BALLOT_5,done,,"不要再說這種話
了﹗

用?力﹐就快要
上來了﹗",,0,0,
,6c,685a,,MITT,48,done,,"巴洛特⋯
謝謝你⋯⋯
好累⋯⋯
巴洛特⋯

你?到了嗎﹖
爸爸和媽媽就在
那邊﹐很高興向
我招著手⋯⋯",,0,0,
,6c,68a9,,BALLOT,BALLOT_4,done,,米特﹗﹗﹗,,0,0,
,6c,68b4,,MITT,07,done,,"巴洛特⋯
謝謝你⋯⋯

我?永遠記住你
的⋯⋯",,0,0,
,6c,68dc,,BALLOT,BALLOT_4,done,,米～特﹗﹗﹗﹗,,0,0,
,6c,68ea,,BALLOT,BALLOT_5,done,,"米特﹗﹗
支持住﹗",,0,0,
,6c,68fd,,MITT,07,done,,"巴⋯巴⋯
巴洛特⋯",,0,0,
,6c,6912,,BALLOT,BALLOT_4,done,,"米特﹗
不要放手啊﹗",,0,0,
,6c,6927,,MITT,48,done,,"巴洛特⋯
對不起⋯
都是我的錯⋯",,0,0,
,6c,6947,,BALLOT,BALLOT_5,done,,"不要再說這種話
了﹗

用?力﹐就快要
上來了﹗",,0,0,
,6c,6972,,MITT,07,done,,"巴洛特⋯
謝謝你⋯⋯",,0,0,
,6c,6986,,BALLOT,BALLOT_5,done,,"米特～
千萬不可以放棄

你不是答應過我
要做個超越父親
的星空彩繪家嗎",,0,0,
,6c,69c5,,MITT,07,done,,"爸爸⋯⋯
我??一定要活
下去才行⋯⋯",,0,0,
,6c,69e4,,BALLOT,BALLOT_5,done,,"對了⋯⋯
就是這樣⋯
再用點力⋯",,0,0,
,6c,6a04,,BALLOT,BALLOT_1,done,,"呼～呼呼～
太好了～米特⋯",,0,0,
,6c,6a1d,,MITT,48,done,,"巴洛特⋯
對不起⋯⋯",,0,0,
script_g6_18_1,6c,6aa6,,NINA,02,done,,"巴洛特⋯⋯
千萬不可以灰心
哦﹗
一定還有希望的",,0,0,
,6c,6ad5,,CLAUDE,CLAUDE_0,done,,"妮娜⋯⋯
發生了什事都不

要緊﹐只要妮娜
和我在一起﹐那
就?了⚬",,0,0,
,6c,6b13,,BUCK,BUCK,done,,"巴克．要．死了
．嗎﹖

巴克．下輩子．
要變成．人類⋯",,0,0,
,6c,6b44,,RANDT,44,done,,"唉⋯⋯⋯
還有什辦法可以
想嗎﹖

都是巴洛特的錯
要是巴洛特有著
像我一樣的精明
頭腦的話﹐就不
會發生這種事情
了﹗",,0,0,
script_g6_18_2,6c,6e62,,NINA,NINA_1,done,,"事情一定還有轉
機的⚬

不管如何﹐妮娜
一定支持巴洛特",,0,0,
,6c,6e97,,CLAUDE,CLAUDE_2,done,,"古代飛空兵器﹖
這怎麼可以少得
了我呢﹖",,0,0,
,6c,6ebb,,BUCK,BUCK,done,,"巴克．幫忙．巴
洛特﹗",,0,0,
,6c,6ed1,,RANDT,43,done,,"因為需要我的幫
助﹐才能讓事情

有轉機的餘地嗎
哈哈哈～

我的才能真是無
法掩藏⚬",,0,0,
script_g6_19_1,6c,6a32,,DR_LEO,DR_LEO,done,,"唉～～
沒有用了⋯

一切都沒有用了
好好的太空船⋯

現在只剩下八個
晶片所組成的
『核』了⋯

巴洛特啊～
做?接受世界末
日的心理準備吧",,0,0,
script_g6_19_2,6c,6c58,,DR_LEO,DR_LEO,done,,"唉～難道地球就
這?的完了嗎﹖",,0,0,
,6c,6c75,,4F,73,done,,"終於找到你們了
又是你這個敗事

有餘的雷歐老頭
把晶片交給貝爾

機器人保管﹐自
然有我的目的⚬",,0,0,
,6c,6ccd,,DR_LEO,DR_LEO,done,,"可惡﹗
雖然很不服氣﹐
但卻沒有辦法反
馭⋯⋯",,0,0,
,6c,6cf9,,4F,73,done,,"你們為什麼不等
我回來﹐就私自
行動﹗

有人找到了古代
的飛空兵器﹐緊
急委託我前往修
復⚬

才會暫時離開巴
爾之都﹐並把動
力晶片封住⚬

沒想到會發生這
種事⚬",,0,0,
,6c,6d89,,BALLOT,BALLOT_5,done,,古代飛空兵器﹖,,0,0,
,6c,6d99,,4F,73,done,,"是的⚬
沒有時間解釋了
再拖下去的話﹐
就快要來不及了

有一股極大的能
量正要從裂縫竄
出⚬

晶片組成的『核
』沒有受損吧﹖",,0,0,
,6c,6e0c,,DR_LEO,DR_LEO,done,,沒有⚬,,0,0,
,6c,6e15,,4F,73,done,,"這真是太好了⚬
那你就跟我走吧

巴洛特﹐把同伴
找齊後﹐我們在
綠州的地方會合
吧⚬",,0,0,
script_g6_1a_1,6c,6bad,,HELEN,HELEN_1,done,,"絕望⋯
就是如此的心情
嗎﹖

安東⋯
如果我也死了的
話﹐就能在一起
了嗎﹖",,0,0,
,6c,6bf2,,LANTE,41,done,,"不要碰我﹗
我什麼都不想聽
讓我一個人靜一
靜好嗎﹖",,0,0,
script_g6_1a_2,6c,6f1c,,HELEN,HELEN_0,done,,"安東⋯
現在還不是我們
見面的時候⚬",,0,0,
,6c,6f41,,LANTE,LANTE_0,done,,"剛才的任性﹐真
是對不起⋯⋯

巴洛特﹐我的性
命就交給你了﹗",,0,0,
script_g6_1b_1,6c,6c25,,MITT,48,done,,"巴洛特⋯
對不起⋯⋯
要是我沒有被
附身的話﹐就好
了⋯",,0,0,
script_g6_1b_2,6c,6f77,,MITT,07,done,,"為了彌補我的錯
誤﹐巴洛特～

無論如何都要讓
我盡一己之力﹗",,0,0,
,6c,6fb1,,BALLOT,BALLOT_5,done,,"不行～
同伴還沒有找齊",,0,0,
script_g6_1f,6c,6fc8,,4F,73,done,,"都到了嗎﹖
古代飛空兵器就
在水底﹗",,0,0,
,6c,6fea,,DR_LEO,DR_LEO,done,,"要⋯要跳下去嗎
不⋯不⋯

不要﹗﹗﹗
我不會游泳⋯⋯",,0,0,
,6c,7019,,4F,73,done,,囉唆﹗,,0,0,
,6c,7023,,4F,73,done,,跟我來吧﹗,,0,0,
,6c,702f,,SAYA,11,done,,都來了嗎﹖,,0,0,
,6c,703b,,BALLOT,BALLOT_4,done,,爸爸﹗﹗,,0,0,
,6c,7045,,SAYA,11,done,,"巴洛特﹐好久不
見了﹗",,0,0,
,6c,705c,,BALLOT,BALLOT_5,done,,這是怎麼回事﹖,,0,0,
,6c,706d,,SAYA,11,done,,"巴洛特﹐在一百
二十年前﹐地球

也?現過同樣的
問題⚬

當時我們的祖先
就是八大科學家
的召集人⚬

他們修補星系裂
縫所用的兵器﹐

就是這台白鳥號
藍月現象開始時
我便一直尋找白
鳥號的蹤跡⚬

匆匆的離開﹐爸
爸真是對不起你",,0,0,
,6c,712a,,BALLOT,BALLOT_2,done,,爸爸⋯⋯,,0,0,
,6c,7134,,SAYA,11,done,,"白鳥號當時墜於
這片沙漠之中﹐

形成巨大凹洞⚬
在經過長年的演

變﹐變成了一片
綠州⚬",,0,0,
,6c,717e,,BALLOT,BALLOT_5,done,,"爸⋯那麼設計圖
的作用是﹖",,0,0,
,6c,7197,,SAYA,11,done,,"當時白鳥號的結
構被描繪出來﹐

畫成這份設計圖
但這其中還是存
在著無法理解的
謎?

所以我才放棄設
計圖﹐尋找真正
的白鳥號⚬",,0,0,
,6c,7204,,DR_LEO,DR_LEO,done,,嗯嗯嗯⋯⋯⋯,,0,0,
,6c,7210,,SAYA,11,done,,"時間不多了﹐大
家進入白鳥號⚬

解?地球危機﹐
修補弗烈茲星系
裂縫吧﹗",,0,0,
,6c,7251,,4F,73,done,,"啟動時空跳躍系
統﹗",,0,0,
,6c,7267,,20,30,done,,"時空跳躍系統⋯
準備完成⚬

目標地⋯
弗烈茲星系⋯
距離⋯
１９３２光年⋯
跳躍⋯啟動﹗﹗",,0,0,
,6c,72b9,,SAYA,11,done,,"糟糕⋯
懲罰者已經從裂
縫中鑽出了﹗",,0,0,
,6c,72da,,4F,73,done,,"啟動
超．能源砲﹗",,0,0,
,6c,72ee,,20,30,done,,"超．能源砲能源
填充⋯１５％⋯
能源填充中⋯⋯",,0,0,
,6c,7318,,4F,73,done,,"可惡﹗
臭電腦⋯
快一點啦﹗",,0,0,
,6c,7335,,SAYA,11,done,,"可惡⋯⋯
來不及了嗎﹖",,0,0,
,6c,734b,,BALLOT,BALLOT_5,done,,"爸﹐我去拖延懲
罰者的行動﹐爭

取超．能源砲的
填充時間吧﹗",,0,0,
,6c,7385,,SAYA,11,done,,"巴洛特﹐不行﹗

我不能讓你做這
麼??的事情﹗",,0,0,
,6c,73b0,,BALLOT,BALLOT_5,done,,"那爸爸還有更好
的方法嗎﹖",,0,0,
,6c,73c9,,SAYA,11,done,,"巴洛特成長了不
少⚬

好吧﹐在能源填
充完前﹐一定要
趕回來才行﹗

巴洛特﹐一切要
小心﹗",,0,0,
script_g6_21,6c,741a,,4F,73,done,,"可惡⋯
臭電腦﹗

給我快一點﹗
可惡﹗",,0,0,
,6c,743e,,SAYA,11,done,,"在能源填充完前
一定要趕回來
才行﹗

巴洛特﹐
一切要小心﹗",,0,0,
,6c,7476,,DR_LEO,DR_LEO,done,,"巴洛特﹐
一切要小心呀﹗",,0,0,
script_gall_enterprise_0e_1,12,579d,,1B,4C,done,,"巴洛特﹐是你呀
⚬上次提到的動
力晶片﹐果然董
事長身上也有⚬

本來應該要為你
引見的﹐但現在
恐怕不行了⋯","Ballot, it's you. The chairman indeed has that power chip I mentioned last time. I was supposed to introduce you, but I'm afraid I can't do that now...",0,0,
,12,57fa,,BALLOT,BALLOT_4,done,,"發生了什麼事嗎
﹖","Is something wrong?

",0,0,
,12,580d,,1B,4C,done,,"是這樣的⚬十六
年前﹐董事長千
金與一名牧羊人
發生戀情﹐並有
了一名小孩⚬

董事長相當憤怒
﹐拆散了二人﹐
並且把小孩子托
管家送走⚬

但董事長年紀大
了﹐後繼無人﹐
便想找回失散的
小孫子⚬

但當年送走小孩
子的管家已經去
逝﹐沒有人知道
他的下落了⋯","Here's the story. Sixteen years ago, the president's daughter fell in love with a shepherd and had a child. The chairman was furious, so he broke up the couple and sent the child away to a trustee. Now that he's old and has no one to take after him, he wants to find his lost grandson. But the housekeeper who sent the child away has passed away, so no one knows where he is anymore.

",0,0,
,12,58ef,,BALLOT,BALLOT_2,done,,這真是遺憾⋯,"What a shame...

",0,0,
,12,58fd,,1B,4C,done,,"董事長的身體為
了這件事情﹐而
操勞過度﹗

現正休養中﹐不
方便接見客人⚬

關於動力晶片的
事情～如果巴洛

特可以找到失散
的小孫子的話﹐

或許可以向董事
長要求動力晶片
吧⚬","The Chairman overworked himself for this! He is now recuperating and is not available to receive guests. About the power chip ~ if you can find his lost grandson, maybe he can ask the chairman for the power chip.

",0,0,
,12,599a,,1B,4C,done,,"糟糕～都這麼晚
了呀﹗

身為加爾企業採
購部經理的我﹐
必須要趕上這場
重要的會議才行
﹗巴洛特﹐詳細
的細節﹐你可以
看看加爾企業前
的告示版⚬

上頭有著尋人
的線索⚬
加油了﹗","Oh dear, look at the time! I have to catch an important meeting as purchasing department manager!

Ballot, if you need more details, you can read the notice in front of the GaleCorp building.

Good luck!

",0,0,
,12,5a30,,BLANK,BALLOT_0,done,,"加爾企業公告：
加爾企業尋人啟
示

尋找哈爾遜董事
長十六年前失散
的小孫子身上佩
戴著一條弦月型
、發出幽光的項
鍊名為月琉璃⚬

如尋獲者﹐加爾
企業將重金禮謝","GaleCorp Notice: GaleCorp is looking for the grandson of Chairman Harrison who was lost 16 years ago. He was wearing a moon-shaped, glowing necklace known as the Moon Glaze. A reward will be provided to anyone who finds him.",0,0,
,12,5abd,,BALLOT,BALLOT_5,done,,"這就是基多所說
的線索﹖
月型項鍊﹖

月琉璃這就是基
多所說的線索﹖

只要找到月琉璃
的主人﹐就可以
得到動力晶片了
﹗","The Moon Glaze?

Is this the clue that the manager was talking about? 

If I can find who has the Moon Glaze, I'll be able to get the power chip!

",0,0,
script_gall_enterprise_0e_2,12,75f9,,BALLOT,BALLOT_5,done,,"奇怪﹖典禮不是
今天舉行嗎﹖

怎麼一點都沒有
舉行的跡像﹖
這是怎麼回事﹖","Huh? Isn't the ceremony supposed to be today?

Why is there no sign of it happening?

What's going on?",0,0,
,12,763c,,1B,4C,done,,"是巴洛特啊﹗
什麼﹖
交接典禮﹖
還早啊﹗你看看
時間﹐天都還沒
暗呢﹗呵呵呵～

巴洛特真是熱心
啊⚬","Oh, Ballot!

What?

The handover ceremony?

It's still early for that! Look at the time, it's not even dark yet! Ha ha ha... 

You're really enthusiastic about this, aren't you, Ballot.",0,0,
,12,7696,,BALLOT,BALLOT_5,done,,"這是怎麼回事﹖
明明睡了一覺﹐
現在不是『明天
』嗎﹖

這到底是怎麼回
事﹖","What does that mean?

I'm sure I had a full night of sleep, but we're not 'tomorrow'? 

What in the world is going on?",0,0,
script_gall_enterprise_0e_3,12,78bd,,1B,4C,done,,"真是累人呀～
還是白天﹐為什
麼我覺得這麼累
呢﹖
是我的錯覺嗎﹖
總覺得今天特別
的漫長⚬

巴洛特﹐快去房
間休息吧﹗
明天要準時參加
交接典禮唷﹗","I feel exhausted...

It's still daytime, so why do I feel so tired?

Is it just me? It feels like this has been an extremely long day.

Ballot, go to your room and get some rest!

You'll have to be on time for the ceremony tomorrow!",0,0,
,12,7945,,NINA,02,done,,"巴洛特﹐明天也
要一起參加哥哥
的交接典禮唷﹗","Ballot, let's attend my brother's handover ceremony tomorrow!",0,0,
,12,7970,,BALLOT,BALLOT_5,done,,嗯⚬,Yeah.,0,0,
,12,7977,,NINA,02,done,,"巴洛特參加完交
接典禮後﹐就要
離開了嗎﹖",Are you... going to leave once the handover ceremony is over?,0,0,
,12,799d,,BALLOT,BALLOT_5,done,,"是的⚬
為了尋找爸爸及
動力晶片﹐我必
須要走了⚬","Yes. 

I must find dad and the power chips, so I have to go.",0,0,
,12,79cc,,NINA,02,done,,"⋯⋯⋯
那麼⋯我們就⋯
明天見囉﹗","...

Then... we... 

See you tomorrow!",0,0,
,12,79ea,,,,done,,"昱日
加爾企業舉行了
盛大的董可交接
儀式⚬

妮娜為此﹐還頻
頻的在會場中落
淚。

儀式很順利的舉
行完畢了⚬

加爾企業﹐由新
一代的董事～
馬克接任⚬

新聞、報紙上滿
滿的都是馬克就
職的消息⚬","The next day, GaleCorp held a lavish director handover ceremony.



Because of this, Nina was constantly crying in the audience.



The ceremony went off without a hitch, and a new generation of directors began for GaleCorp, with Mark taking the reins.



The newspapers were filled with reports on Mark's inaguration.",0,0,
,12,7a96,,25,4F,done,,"巴洛特﹐你要走
了嗎﹖","Ballot, are you leaving?",0,0,
,12,7aac,,BALLOT,BALLOT_5,done,,"是的⚬
必須要動身﹐尋
找其他的動力晶
片⚬","Yes. 

I have to keep going and find the other Power Chips.",0,0,
,12,7ad7,,28,4E,done,,"動力晶片﹖
唉～實在是不想
要說出來⋯

但巴洛特算是我
的大恩人⋯⋯

加爾企業的對手
～邦林企業
﹐它的總裁手中
握中其中之一的
晶片⚬

因為他的祖先﹐
也曾是偉大的八
大科學家之一⚬","Power Chips?

Ah... I hate having to say this...

But since you helped me so much...

The president of GaleCorp's rival entreprise, Bang Lin, has another chip.

That's because his ancestor was also one of the eight great scientists...",0,0,
,12,7b78,,BALLOT,BALLOT_5,done,,邦林企業﹖,Bang Lin Enterprises?,0,0,
,12,7b83,,28,4E,done,,"是的⚬
位於天之都裡
的邦林企業⚬

是本公司最大的
商業對手⚬","Yes. It is located in Sky City, and is our biggest business rival.",0,0,
,12,7bbb,,BALLOT,BALLOT_5,done,,"但是多魯市﹐並
沒有對外連結的
道路啊﹗",But there's no way to get there from Dorington!,0,0,
,12,7be4,,28,4E,done,,"呵呵呵～
這個一點都不是
個難題⚬

加爾企業是個世
界聞名的跨國企
業⚬

對於這種小事﹐
是必須要克服的
⚬這個給你﹗","Heheheh!

This isn't a problem at all.

GaleCorp is a world-renowned global company, after all.

Such an insignificant issue isn't going to stop us.

This is for you!",0,0,
,12,7c4b,,BALLOT,BALLOT_1,done,,得到金鑰匙﹗,Got a Golden Key!,0,0,
,12,7c5a,,28,4E,done,,"鐘塔內有扇密閉
的鐵門﹐就是通
往達瑪之都
的通道⚬

這就是加爾企業
對外流通的祕密","There's an iron door inside the Clock Tower, leading to Dama's capital.

This is the secret to Gale Corp's worldwide distribution circuit!",0,0,
,12,7ca6,,BALLOT,BALLOT_5,done,,"謝謝你～董事長
﹗","Thank you, Mr. Chairman!",0,0,
,12,7cb9,,28,4E,done,,"我也要感謝你～
巴洛特﹗
祝你任務順利﹗","Thank you too, Ballot!

Good luck with your mission!",0,0,
,12,7cdd,,NINA,02,done,,"巴洛特⋯⋯⋯
⋯⋯⋯",Ballot...,0,0,
,12,7cf0,,BUCK,02,done,,"巴洛特～等一等
﹗","Ballot, wait!",0,0,
,12,7d04,,BALLOT,BALLOT_5,done,,妮娜﹖,"Nina?

",0,0,
,12,7d0e,,NINA,02,done,,"我⋯我想了很久
⋯⋯
哥哥已經成為加
爾企業的董事了
⋯妮娜也可以放
心了⋯妮娜⋯
要和巴洛特一起
解開古代太空船
的祕密﹗","I... I've been thinking about it for a while...

Now that my brother has become the director of Gale Corp... I can rest easy... And I...

I want to uncover the secrets of the spaceship with you, Ballot!",0,0,
,12,7d79,,28,4E,done,,"妮⋯妮娜﹗
那怎麼可以﹗","Ni... Nina! 

How can that be!",0,0,
,12,7d90,,25,4F,done,,"妮娜～從很久
之前﹐妳就對
爸爸留下來的
研究﹐充滿了
興趣⚬

尋找妳的興趣
吧﹐哥哥也贊
成妳去﹗","Nina... You've been interested in the research that our father left behind for a while now.

Follow your interests, you have your brother's full support!",0,0,
,12,7de7,,28,4E,done,,馬⋯馬克﹗,"Ma...Mark!

",0,0,
,12,7df5,,NINA,02,done,,巴洛特⋯⋯,Ballot...,0,0,
,12,7e02,,BALLOT,BALLOT_5,done,,"這⋯⋯好﹗
大家出發吧﹗","This... Alright! 

Let's go, everyone!",0,0,
,12,7e1a,,NINA,02,done,,"巴洛特﹐謝謝
你﹗","Ballot, thank you!",0,0,
,12,7e2d,,28,4E,done,,"用金鑰匙打開鐘
塔關閉的鐵門⚬

就可以通到達瑪
之都了⚬

祝你任務順利⚬","Use the Golden Key to open the door in the Clock Tower.

You'll be able to get to Dama's capital.

Good luck with your mission!",0,0,
,12,7e6d,,25,4F,done,,"巴洛特﹗
要好好的照顧妮
娜⚬

要是你欺負她的
話﹐我可是不會
放過你﹗","Ballot!

Take good care of Nina.

Otherwise, I won't let you off the hook!

",0,0,
,12,7eac,,,,line,,"嗨ＯＨＢＡＢＹ

嗨ＮＯ",,0,0,
script_geothermal_city_14_1,58,4a88,,BALLOT,BALLOT_4,done,,"哇～
好大的地震﹗",,0,0,
,58,4a9c,,BLANK,23,done,,"啊﹗怎麼會這樣
昨天晚上在生之
谷的火山能源站
值班⚬

誰知道早上一回
來﹐城裡的所有

人都不見了﹗
這是怎麼回事﹖",,0,0,
,58,4b04,,BLANK,24,done,,"不見了﹗
真的不見了嗎﹖

啊～﹗
真的不見了﹗
這是夢～
這是夢～
回家睡覺吧⋯⋯",,0,0,
script_geothermal_city_14_2,58,4f15,,BLANK,23,done,,"什麼﹖
城裡的人都在死
之谷﹖

我這就把他們找
回來⚬
什麼﹖
你說什麼﹖

死之谷裡有詭異
的笛聲﹖",,0,0,
,58,4f70,,BLANK,23,done,,"真是氣死人了﹗
該怎麼辦﹖",,0,0,
,58,4f88,,BLANK,23,done,,"對了﹗這附近的
海域常出現一艘
旅行船⚬

裡頭住了一個地
理科學家⚬

聽說他們的小孩
很喜歡音樂﹗
或許會有辦法﹗",,0,0,
,58,4ff1,,BLANK,23,done,,"這附近的海域常
出現一艘旅行船

裡頭住了一個地
理科學家⚬

聽說他們的小孩
很喜歡音樂﹗
或許會有辦法﹗",,0,0,
script_geothermal_city_14_3,58,5ea9,,BLANK,23,done,,"巴洛特呀～
真是感謝你﹗

要不是你的話﹐
他們就回不來了
這個就給你了﹐
千萬不要推辭喲",,0,0,
,58,5ef8,,BALLOT,BALLOT_1,done,,"得到了
營養大餐",,0,0,
,58,5f09,,BLANK,23,done,,"巴洛特呀～
真是感謝你﹗
要不是你的話﹐
他們就回不來了",,0,0,
,58,5f40,,BLANK,24,done,,"生之谷的火山﹐
好像又回復平靜
了⚬

又可以安心的工
作了⚬",,0,0,
,58,5f77,,BLANK,14,done,,"藍特之前還因為
火山的事情﹐跑
來警告我們⚬

我還罵他是騙人
的壞小孩⋯
真是對不起⋯⋯",,0,0,
,58,5fc7,,BLANK,13,done,,"哼﹗雖然藍特把
我們關起來﹐是
出於好意﹗
但我還是很生氣
哼哼哼﹗",,0,0,
,58,6003,,BLANK,1A,done,,"藍特哥哥好棒唷
他的笛聲會讓人
跳舞唷﹗",,0,0,
,58,602b,,BLANK,16,done,,"真是可怕⋯⋯
剛才看見一大群
老鼠﹐一起游向
了那艘旅行船⚬

遠遠的看﹐就像
在底比斯海上拖
著一條黑色的線",,0,0,
script_geothermal_city_34,58,608c,,BLANK,14,done,,"唉呀～
被關了好多天﹐
會不會被老闆認
為是無故曠工啊
要是被扣薪水的
話﹐就不妙了⋯",,0,0,
,58,60db,,BLANK,17,done,,"這幾天被關在死
之谷﹐才發現那

裡還不錯唷﹗
趁現在那裡地價
低⋯⋯

好好的將地皮炒
一炒的話⋯

嘿嘿～
就．發．了﹗",,0,0,
script_geothermal_city_35,58,6144,,BLANK,1F,done,,"聽姐夫說﹐神木
村那裡﹐好像漸
漸的沙漠化了⋯

真是個奇怪的現
象﹗",,0,0,
,58,6182,,BLANK,19,done,,"剛剛在城外發現
一些可怕的星獸
鬼鬼崇崇東張西
望⋯
真叫人不安⋯",,0,0,
script_geothermal_city_36_1,58,4b4a,,BLANK,1A,done,,"ｚＺｚｚＺ～
ＺｚｚＺ～",,0,0,
,58,4b5e,,BLANK,1A,done,,"啊﹗早上了﹗
救命啊～
救命啊﹗",,0,0,
,58,4b7f,,BLANK,1A,done,,"快⋯快救我⋯
我⋯卡住了﹗",,0,0,
,58,4b99,,BLANK,1A,done,,"真是謝謝你﹗
剛才有一瞬間﹐
我還真以為會在
這床底下過一輩
子呢﹗",,0,0,
,58,4bd6,,BALLOT,BALLOT_5,done,,這是怎麼回事﹖,,0,0,
,58,4be7,,BLANK,1A,done,,"真是恐怖﹗
昨天晚上﹐我一
陣奇怪的笛聲﹐
聽了之後﹐就會
迷迷糊糊的﹗

於是我就躲在床
底下⚬

記得在迷迷糊糊
之中～
就看見所有的人
﹐都沿著笛聲的
方向走出去了﹗

幸好我卡在床底
下﹐不然也不見
了﹗",,0,0,
,58,4c97,,BALLOT,BALLOT_5,done,,"笛聲﹖
城裡的人﹐往哪
個方向去了﹖",,0,0,
,58,4cbc,,BLANK,1A,done,,"好像往死之谷的
方向去了⋯⋯

聽了笛聲後﹐就
整個人迷迷糊糊

的～
所以記得不太清
楚⋯⋯",,0,0,
,58,4d0c,,BLANK,1A,done,,"城裡的人﹐好像
往死之谷的方向

去了⋯⋯
聽了笛聲後﹐就
整個人迷迷糊糊
的～

所以記得不太清
楚⋯⋯
真是可怕﹗

為了防止這種事
情再發生﹐我還
是睡在床底下吧",,0,0,
,58,4d98,,BLANK,1A,done,,"地熱城旁有座雙
子山﹐一邊是生

之谷﹐另一邊則
是死之谷⚬

生之谷還有著穩
定的火山活動﹐

是一個很重要的
地熱能源點⚬

而另一邊的死之
谷﹐那裡的火亡

已經死亡⚬
景色也比較荒涼
喲﹗",,0,0,
,58,4e39,,BLANK,1A,done,,"最近的地震多了
點﹗

而前天有一位老
伯居然警告大家
說什麼火山要爆
發了﹗
真是好笑～

在地熱城﹐地震
是很正常的事呢

不過最近地震真
的是多了點⋯",,0,0,
,58,4ebc,,BALLOT,BALLOT_5,done,,"笛聲⋯⋯
突然有種濃濃的
睡意⋯",,0,0,
,58,4edb,,BALLOT,BALLOT_4,done,,"真是危險～
再這麼下去﹐一
定會失去意識的
⋯⋯
先退出去
再說吧﹗",,0,0,
script_geothermal_city_36_2,58,61bc,,BLANK,1A,done,,"哈哈哈～
村人終於回來了
真是一件喜事﹗
但是又發生了另
一件事情～

其實也不算是什
麼大事啦～

我一直在考慮一
個人生的大問題

我要怎麼從床底
下出來呢﹖",,0,0,
script_geothermal_city_37,58,6246,,BLANK,15,done,,"我們家琳琳﹐一
天到晚迷那個做

喇叭英雄的﹗
真不像個女生﹗",,0,0,
,58,6277,,BLANK,1A,done,,"是叭拉叭拉超人
啦﹗

發現大屁屁老妖
怪﹗

叭拉．必殺．光
波﹗﹗

嗶嗶嗶～嗶～
碰﹗",,0,0,
,58,62c1,,BLANK,1A,done,,"人家要寄這個模
型給東漁市的表

哥﹐要怎麼寄呢
你能幫我把這個
交給表哥嗎﹖
謝謝你﹗",,0,0,
,58,6310,,BALLOT,BALLOT_5,done,,得到超人模型﹗,,0,0,
,58,6321,,BLANK,1A,done,,"要把模型交給東
漁市的表哥唷﹗

這個是最流行的
叭拉叭拉超人唷

叭拉．必殺．光
波﹗﹗﹗
嗶嗶嗶～嗶～
碰﹗",,0,0,
,58,6381,,LANTE,LANTE_0,done,,"巴洛特﹐你來了
嗎﹖
所有村人都已經
被放回來了⚬

一起尋找剩下的
晶片吧﹗",,0,0,
,58,63c6,,BALLOT,BALLOT_5,done,,"藍特＆音樂靈加
入隊伍⚬",,0,0,
script_geothermal_healing_center,58,405e,,14,25,getchoice String_1cc5,,"需要妮可治療嗎
﹖",,0,0,
,58,4076,,1A,25,getchoice String_1cc5,,"這裡是星獸膠囊
存放銀行⚬

需要艾娜的服務
嗎﹖",,0,0,
script_geothermal_shop,58,40a5,,19,22,done,,"需要什麼服務嗎
﹖",,0,0,
script_green_forest_20,4f,6746,,33,5C,done,,"轟隆～轟隆～
還有醜陋的活人
嗎﹖

變成優美的石像
不是件很幸福的
事嗎﹖","Rumble rumble...

More ugly living?

Isn't becoming a beautiful stone statue a blessing for you?

",0,0,
,4f,6787,,2C,55,done,,"啊﹗
我的面具﹗","Ah!

My mask!

",0,0,
,4f,6799,,CLAUDE,CLAUDE_0,done,,"我⋯我叫克勞德
我們⋯我們⋯
我們快回去找兔
先生吧﹗","My... My name's Claude...

W-we... We should hurry back to see Mr. Rabbit!

",0,0,
script_green_forest_21,4f,67cc,,2F,58,done,,謝謝你﹗,"Thank you!

",0,0,
,4f,67d7,,2F,58,done,,⋯⋯,"...

",0,0,
,4f,67de,,2D,56,done,,謝謝你﹗,"Thank you!

",0,0,
,4f,67e9,,2D,56,done,,拱拱～拱～,"Oink!

",0,0,
,4f,67f6,,2E,57,done,,謝謝你﹗,"Thank you!

",0,0,
,4f,6801,,2E,57,done,,咕咕～咕咕～,"Coo!

",0,0,
,4f,680f,,2E,57,done,,"咕～太棒咕～
火山怪消失了⚬
咕～～
大家都正常了⚬
咕～～","Oh joy, coo! The volcano monster has been defeated, coo.

Everyone's alright. Coo!

",0,0,
,4f,6843,,34,5D,done,,"啊﹖兔先生為了
我﹐傷心的吃不
下紅蘿蔔﹖
真是感動啊⋯","Huh? Mr. Rabbit was so distressed because of me that he stopped eating carrots?

How touching...

",0,0,
,4f,6878,,31,31,done,,"我是旅行的人～
偶爾來到這裡﹐
沒想到居然碰到
這種事⚬

雖覺得很恐怖﹐
但還是要做買賣

想要買些什麼呢
﹖","I'm a traveller and often come by here, I didn't expect to end up in such a situation.

I know these are scary times, but do you want to buy something?

",0,0,
,4f,68db,,2E,57,done,,"咕咕～
我是名醫～咕咕⚬

除了變成石頭之
外﹐其他的我都
能治⚬
需要我的服務嗎","Coo!

I'm a famous doctor, coo.

Besides petrification, I can cure anything.

Can I help you?

",0,0,
script_green_forest_22_1,4f,6243,,31,5A,done,,喵喵～咪噢嗚～,"Meow... Miaow!

",0,0,
,4f,6254,,2E,57,done,,"咕咕～咕咕～
咕～","Coo, coo...

",0,0,
script_green_forest_22_2,4f,6594,,31,5A,"db $e7, $e2",,"我是旅行的人～
偶爾來到這裡﹐
沒想到居然碰到
這種事⚬

雖覺得很恐怖﹐
但還是要做買賣

想要買些什麼
﹖","I'm a traveller and often come by here, I didn't expect to end up in such a situation.

I know these are scary times, but do you want to buy something?",0,0,
,4f,65f8,,2E,57,getchoice String_1cc5,,"咕咕～
我是名醫～咕咕

除了變成石頭之
外﹐其他的我都
能治⚬

需要服務嗎﹖","Coo!

I'm a famous doctor, coo.

Besides petrification, I can cure anything.

Can I help you?",0,0,
script_green_forest_23_1,4f,6267,,2D,56,done,,拱拱～拱～,"Oink oink...

",0,0,
,4f,6274,,2D,56,done,,拱拱～拱～,"Oink oink...

",0,0,
script_green_forest_23_2,4f,6922,,2D,56,done,,"老婆～拱嗚～
拱嗚～
我們的小孩⋯
終於正常了﹗","Darling! Woink woink...

Our child... Is finally back to normal!

",0,0,
,4f,6950,,2D,56,done,,"老公～嗚嗚～
拱拱～
我們的小孩又正
常了﹗
我真是太高與了
⋯⋯

用你那性感的獠
牙撞一撞我﹐表
示慶祝吧﹗","Dear... Woink oink...

Our child is back to normal!

I'm so relieved...

Ram into me with these sexy tusks of yours to celebrate!",0,0,
,4f,69af,,2D,56,done,,"拱～嗚啊～
睡得好飽啊～","Yaaawn... Oink!

That was a good nap.",0,0,
,4f,69c8,,2F,58,done,,"感謝你們﹗
我又可以和性感
美麗的兔小姐﹐
一起看森林的日
出⚬

為了感謝你們﹐
我就做出一件超
性感華麗的禮服
吧﹗

你們等我一下下
⚬","Thank you so much!

I can once more watch the sunrise from the forest with my beloved Ms. Rabbit.

As thanks, I'll make you the sexiest, most beautiful dress ever made!

Wait here for a moment.",0,0,
,4f,6a43,,2F,58,done,,"完成了﹗
我用了全身的毛
做了一件媲美兔
小姐的超超性感
禮服⚬

你們穿上後﹐一
定會超～性感的

就跟兔小姐一樣
⚬","It's done!

I used all of my fur to make a dress as gorgeous as Ms. Rabbit herself.

If you wear it, I can assure you that you'll be just as sexy as her.",0,0,
,4f,6aa8,,CLAUDE,CLAUDE_0,done,,得到性感禮服⚬,"Got Sexy Dress.

",0,0,
,4f,6ab8,,CLAUDE,CLAUDE_1,done,,"糟了～
時間快來不及了

我要先趕回去了
﹗","Oh no!

We're almost out of time... I have to hurry back!

",0,0,
,4f,6ae3,,NINA,02,done,,"克勞德先生﹐謝
謝你⚬","Mr. Claude, thank you.

",0,0,
,4f,6afa,,CLAUDE,CLAUDE_0,done,,"不⋯不客氣⋯
妮娜～
選秀會就快要開
始了⚬

不要遲到了喲～
我會等你的⚬
再見～","N-no, you're welcome...

Nina. 

The talent show is about to start.

Don't be late... I'll be waiting for you.

Bye!

",0,0,
script_green_forest_4356,4f,4356,,BALLOT,BALLOT_3,done,,"嗚～好痛﹗
被這種草刺到﹐
就像被針刺到一
樣﹗",,0,0,
script_green_forest_p13_1,4f,61ed,,2D,56,done,,拱拱～拱～,"Oink oink!

",0,0,
script_green_forest_p13_2,4f,66cb,,2D,56,done,,"是你呀﹗
為了你好﹐還是
不要過去好了⚬

前面就是可怕的
火山怪了⚬","It's you!

For your own good, you should't go over there.

There's a scary volcano monster ahead.

",0,0,
,4f,6707,,2D,56,done,,"既使這樣﹐你都
還是要過去嗎﹖
唉～祝福你了⋯","You want to go through anyway?

Oh... Take care, then...

",0,0,
,4f,6734,,2D,56,done,,唉～祝福你了⋯,Oh... Take care...,0,0,
script_green_forest_p32,4f,61fa,,2C,55,done,,"啊﹖
你們來了啊﹗
就在這裡～","Huh?

There you are!

It's right here.

",0,0,
,4f,621a,,2C,55,done,,跟我來﹗,"Follow me!

",0,0,
script_green_forest_p4_1,4f,6225,,2E,57,done,,咕咕咕～咕～,"Coo!

",0,0,
,4f,6233,,2F,58,done,,⋯⋯⋯,"...

",0,0,
,4f,623b,,30,58,done,,⋯⋯⋯,"...

",0,0,
script_green_forest_p4_2,4f,6288,,2C,55,done,,"咦﹖
妮娜怎麼還沒有
來﹖","Hm?

Why isn't Nina here yet?",0,0,
,4f,62a1,,2C,55,done,,"這裡就是我朋友
的家⚬","This is my friend's house.

",0,0,
,4f,62b9,,NINA,02,done,,朋友﹖,"Your friend?

",0,0,
,4f,62c2,,2C,55,done,,嗯⚬,"Yeah.

",0,0,
,4f,62c9,,2C,55,done,,"那位兔先生﹐就
是動物界裡最有
名的裁師哦﹗

但是流星雨事件
中﹐擊中了綠色
樹海的火山岩⚬

火山岩變成了火
山怪﹐並把森林
裡的所有東西變
成石頭⚬","Mr. Rabbit here is the animal kingdom's most famous tailor!

But the meteor shower hit the volcanic rock in the Sea of Green...

The rock transformed into a volcano monster, which turned everything in the forest to stone.",0,0,
,4f,634a,,NINA,NINA_2,done,,真是可憐⚬,"That's truly terrible...

",0,0,
,4f,6356,,2C,55,done,,"森林的動物﹐有
些閃避不及﹐都
變成了石頭⚬

連兔先生最鐘愛
的兔小姐﹐也被
變成了石頭⋯

所以牠很傷心﹐
沒有心情做衣服
了⋯⋯","Some of the forest animals couldn't dodge its attacks and were turned to stone as well.

Even Mr. Rabbit's beloved Ms. Rabbit was petrified...

Because of this, it is very sad and doesn't have the heart to make clothes...",0,0,
,4f,63c8,,NINA,02,done,,"兔先生真是深情
⋯","Poor Mr. Rabbit...

",0,0,
,4f,63db,,2C,55,done,,"我們只要打倒了
森林裡的火山怪
﹐應該就可以解
救森林裡被石化
的動物們了⚬","If we defeat the volcano monster in the forest, we should be able to rescue the petrified animals.

",0,0,
,4f,6422,,NINA,02,done,,"好的﹐妮娜會努
力的⚬","Alright, I'll do my best.",0,0,
,4f,6438,,2C,55,done,,"只有妳一個人去
的話⋯

我⋯我不能放心
我也要跟妳去﹗","If you're going in alone...

I... I won't be at ease! I'm going with you!

",0,0,
,4f,646c,,NINA,02,done,,"面具男鸚鵡怪
加入隊伍﹗","Masked Man & Charrot joined the party!

",0,0,
,4f,6483,,SYSTEM,VAST_FAME,done,,"如果將面具男置
於排頭﹐鸚鵡怪
便會發揮溝通力

了解動物的語言
⚬","If the Masked Man leads the party, Charrot can use its communication skills to understand what animals say.",0,0,
,4f,64bf,,2E,57,done,,"真是可怕咕～
火山怪把森林變
成石頭了咕⚬

連裁縫大師兔先
生的偶像～兔小
姐都變成石頭了
咕⚬

誰來救救我們咕
﹖","How scary, coo...

The volcano monster turned the forest to stone.

Even Mr. Rabbit's muse, Ms. Rabbit, was transformed into stone...

Who is going to save us, coo?",0,0,
,4f,6527,,2F,58,done,,"傷心呀～
我的性感女神～
兔小姐啊～

妳是為了救我而
變成石頭的嗎﹖
傷心呀～
什麼衣服的﹐現
在都沒有心情做
了⋯","Sob...

Ms. Rabbit, my goddess of love...

Did you try to protect me from being turned into stone?

Waaah...

What clothes? I'm not in the mood to do that right now...",0,0,
,4f,658c,,30,58,done,,⋯⋯⋯,...,0,0,
script_green_forest_p6_1,4f,6281,,32,56,done,,⋯⋯,"...

",0,0,
script_green_forest_p6_2,4f,663f,,2D,56,done,,"老婆～拱嗚～
拱嗚～
我們的小孩⋯
變成石頭了﹗","Darling... Woink woink...

Our child... Turned into stone!

",0,0,
,4f,666c,,2D,56,done,,"老公～嗚嗚～
拱拱～
如果我們的小孩
永遠變成這樣﹐
那我也不要活了
⋯⋯

用你那性感的獠
牙撞死我吧﹗","Dear... Sniff, oink...

If our child is to remain like this forever, I have no wish to live anymore...

Run me down with these sexy tusks of yours!

",0,0,
,4f,66c4,,32,56,done,,⋯⋯,"...

",0,0,
script_hayatos_house1_1,08,48d0,,BLANK,22,done,,"啊﹗﹖
隼人說突然想打
網球嗎﹖

沒～有問題﹗

爸爸馬上去買一
個網球場﹗","What? Hayato said he suddenly wanted to play tennis?

No~ problem!

I'm going to buy a tennis court!",0,0,
,08,4911,,HAYATO,HAYATO,done,,"ＯＨ～
ＢＡＢＹ～

我今天到朋友家
﹐
看到了很多的發
明品喲﹗

他可是個天才的
機械科學家⚬

比你爸爸還厲害
的科學家喲﹗","Oh, baby~



I went to my friend's house today. I saw many inventions there!



He's such a genius roboticist, looks like your dad can learn a thing or two from him~",0,0,
script_hayatos_house1_2,08,4eb0,,BLANK,22,done,,"是巴洛特呀﹗
隼人去上學了⚬","Hi, Ballot! Hayato's gone to school.",0,0,
script_hayatos_house2,0e,4fa5,,BLANK,22,done,,"糟糕了﹗

聽說被流星擊中
的動物都變成了
星獸⚬

某些星獸還在當
地造成破壞⚬

這可怎麼辦⋯⋯

為了隼人的安全
著想﹐
我還是買下一個
防衛軍團好了﹗","It's a disaster! The animals hit by the meteors have become Star Beasts!

Some of them are still rampaging about nearby.

What should I do? I'd better hire a team of bodyguards for Hayato!",0,0,
,0e,5023,,HAYATO,HAYATO,done,,"ＯＨ～
ＢＡＢＹ～


巴洛特有什麼事
情呢﹖

咦﹖
天才機械發明家
﹖

他叫雷歐博士﹐
住在隔壁的
科技城啊﹗

巴洛特想和我一
起去嗎﹖

什麼﹖
你說不用麻煩了
﹖

ＯＨ～
ＢＡＢＹ～


你還是這麼害羞
⚬

我雖然高貴﹐
但很樂意照顧像
你這種孤兒唷﹗","Oh, baby~ What's up?

Huh? You want to know about a genius mechanical inventor?

I know one, his name is Dr. Leo! He lives in the next city over, Tech City~

Do you want to go there with me?

No? You don't need me to?

Oh, baby~

You're still so shy. I may be noble, but I'm happy to take care of an orphan like you!",0,0,
,0e,50f6,,HAYATO,HAYATO,done,,"ＯＨ～
ＢＡＢＹ～


巴洛特有什麼事
情呢﹖

咦﹖
天才機械發明家
﹖

他叫雷歐博士﹐
住在隔壁的科技
城啊﹗","Oh, baby~ What's up?

Huh? You want to know about a genius mechanical inventor?

I know one, his name is Dr. Leo! He lives in the next city over, Tech City~",0,0,
script_healing_center,12,7ebe,,14,25,getchoice String_1cc5,,"需要妮可治療嗎
﹖",Do you need my treatment?,0,0,
,12,7ed6,,1A,25,getchoice String_1cc5,,"這裡是星獸膠囊
存放銀行⚬

需要艾娜的服務
嗎﹖",This is the Star Beast Storage Bank. Do you need my help?,0,0,
script_item_descriptions,1e,5aa0,,,,line,1,可收服怪獸的高科技膠囊⚬,A high-tech capsule for capturing Star Beasts.,0,0,
,1e,5ab2,,,,line,1,以很高的速度﹐收服怪獸的膠囊⚬,Capsule that captures Star Beasts quickly and efficiently.,0,0,
,1e,5ac6,,,,line,1,能以很高的機率收服怪獸⚬,Highly-efficient capsule for capturing Star Beasts.,0,0,
,1e,5ad7,,,,line,1,一定可以收服怪獸的強力膠囊⚬,A powerful capsule that captures Star Beasts without fail.,0,0,
,1e,5aec,,,,line,1,巴利樹的果實﹐可回復體力３０點⚬,Berry from a Peary tree. It restores 30 HP when used.,0,0,
,1e,5b04,,,,line,1,方便的隨身包﹐可回復體力５０點⚬,Convenient carry-on bag. It restores 50 HP when used.,0,0,
,1e,5b1b,,,,line,1,有強力的回復效果﹐回復體力１００點⚬,It has a powerful curative effect and restores 100 HP when used.,0,0,
,1e,5b34,,,,line,1,超高濃縮而成的藥劑﹐回復體力２００點,A highly-concentrated medicine. It restores 200 HP when used.,0,0,
,1e,5b4d,,,,line,1,以百種藥草所提煉的﹐回復體力２０％⚬,Extracts from hundreds of medicinal herbs. It restores HP by 20%.,0,0,
,1e,5b66,,,,line,1,內含強力療效的針劑﹐回復體力５０％,An injection with powerful curative effects. It restores HP by 50%.,0,0,
,1e,5b7e,,,,line,1,傳說中的幻之藥﹐回復所有的體力⚬,A legendary cure. It fully restores HP when used.,0,0,
,1e,5b97,,,,line,1,解除中毒狀態⚬,Heals poisoning.,0,0,
,1e,5ba2,,,,line,1,解除麻痺狀態⚬,Heals paralysis.,0,0,
,1e,5bad,,,,line,1,解除睡眠狀態⚬,Recovers from sleep.,0,0,
,1e,5bb8,,,,line,1,解除燒傷狀態⚬,Relieves burns.,0,0,
,1e,5bc3,,,,line,1,解除涷傷狀態⚬,Cures frostbite.,0,0,
,1e,5bce,,,,line,1,解除所有狀態⚬,Heals all status ailments.,0,0,
,1e,5bd7,,,,line,1,使怪獸復活﹐並回復２０％的體力⚬,Revives a Star Beast and recovers 20% of its HP.,0,0,
,1e,5bee,,,,line,1,使怪獸復活﹐並回復５０％的體力⚬,Revives a Star Beast and recovers 50% of its HP.,0,0,
,1e,5c05,,,,line,1,使怪獸復活﹐並回復所有體力⚬,Revives a Star Beast to full health.,0,0,
,1e,5c1a,,,,line,1,回復單項技能點數１０點⚬,Restores 10 SP for one skill.,0,0,
,1e,5c2c,,,,line,1,全數回復單項技能點數⚬,Restores all SP for a single skill.,0,0,
,1e,5c3f,,,,"line """"",1,回復所有的技巧點數?,Restore all Skill Points?,1,0,
,1e,5c4d,,,,"line """"",1,戰鬥中使用﹐可提昇怪獸的功擊力⚬,Use in battle to increase the monster's Attack Power.,1,0,
,1e,5c65,,,,"line """"",1,戰鬥中使用﹐可提昇怪獸的防禦力⚬,Use in battle to increase the monster's Defense.,1,0,
,1e,5c7d,,,,"line """"",1,戰鬥中使用﹐可提昇怪獸的閃避率⚬,Use in battle to increase the monster's Evasion Rate.,1,0,
,1e,5c95,,,,"line """"",1,戰鬥中使用﹐可提昇怪獸的命中率⚬,Use in battle to increase the monster's Hit Rate.,1,0,
,1e,5cad,,,,"line """"",1,戰鬥中使用﹐可提昇怪獸的速度⚬,Use in battle to increase your monster's speed.,1,0,
,1e,5cc2,,,,"line """"",1,戰鬥中使用﹐可降低對手的防禦力⚬,Use in battle to lower the opponent's defense.,1,0,
,1e,5cdc,,,,"line """"",1,戰鬥中使用﹐可降低對手的攻擊力⚬,Use in battle to lower the opponent's attack.,1,0,
,1e,5cf6,,,,"line """"",1,戰鬥中使用﹐可降低對手的閃避率⚬,Use in battle to lower the opponent's evasion rate.,1,0,
,1e,5d10,,,,"line """"",1,戰鬥中使用﹐可降低對手的命中率⚬,Use in battle to lower the opponent's accuracy.,1,0,
,1e,5d2a,,,,"line """"",1,戰鬥中使用﹐可降低對手的速度⚬,Use in battle to lower the opponent's Speed.,1,0,
,1e,5d41,,,,"line """"",1,戰鬥中使用﹐一定可從戰鬥中逃脫⚬,Use in battle to guarantee escape from battle.,1,0,
,1e,5d5c,,,,"line """"",1,放出干擾的電波﹐避開一百步內的敵物⚬,Emits jamming signals to avoid enemies within 100 steps.,1,0,
,1e,5d7a,,,,"line """"",1,可以隱身的設備﹐二百步內可避開敵物⚬,"A device that grants invisibility, allowing you to avoid enemies within 200 steps.",1,0,
,1e,5d95,,,,"line """"",1,偵測敵物位置﹐二百步內敵物絕對迴避⚬,Detects enemy locations; enemies within 200 steps will definitely avoid you.,1,0,
,1e,5db1,,,,"line """"",1,相當苦澀的神奇果實﹐可使等級提昇⚬,A very bitter Miracle Berry that allows you to level up.,1,0,
,1e,5dcc,,,,"line """"",1,射出的光線﹐可以一瞬間脫離迷宮⚬,Fires a beam that lets you escape the maze in an instant.,1,0,
,1e,5de6,,,,"line """"",1,記載著祕密技巧～詛咒,Contains Secret Techniques: Curse,1,0,
,1e,5df6,,,,"line """"",1,記載著祕密技巧～鬥氣．嵐,Contains Secret Techniques: Battle Qi: Storm,1,0,
,1e,5e08,,,,"line """"",1,記載著祕密技巧～冰凍光束,Contains Secret Techniques: Freezing Beam,1,0,
,1e,5e1a,,,,"line """"",1,記載著祕密技巧～邪惡侵蝕,Contains secret techniques—Evil Corrosion,1,0,
,1e,5e2c,,,,"line """"",1,記載著祕密技巧～靈劍,Contains secret techniques—Spirit Sword,1,0,
,1e,5e3c,,,,"line """"",1,記載著祕密技巧～突擊,Contains secret techniques—Assault,1,0,
,1e,5e4c,,,,"line """"",1,記載著祕密技巧～同歸於盡,Contains secret techniques—Mutual Destruction,1,0,
,1e,5e5e,,,,"line """"",1,記載著祕密技巧～電光一閃,Contains secret techniques—Flash of Lightning,1,0,
,1e,5e70,,,,"line """"",1,記載著祕密技巧～強力旋渦,Contains secret techniques—Powerful Vortex,1,0,
,1e,5e83,,,,"line """"",1,記載著祕密技巧～狼嚎,Contains secret techniques—Wolf Howl,1,0,
,1e,5e93,,,,"line """"",1,記載著祕密技巧～寒冰雨,Contains Secret Techniques: ~Icy Rain,1,0,
,1e,5ea4,,,,"line """"",1,記載著祕密技巧～致命刺殺,Contains Secret Techniques: ~Lethal Assassination,1,0,
,1e,5eb6,,,,"line """"",1,記載著祕密技巧～催眠術,Contains Secret Techniques: ~Hypnosis,1,0,
,1e,5ec7,,,,"line """"",1,記載著祕密技巧～必殺神弓,Contains Secret Techniques: ~Fatal Divine Bow,1,0,
,1e,5eda,,,,"line """"",1,記載著祕密技巧～正拳,Contains Secret Techniques: ~Straight Punch,1,0,
,1e,5eea,,,,"line """"",1,記載著祕密技巧～火炎彈,Contains Secret Techniques: ~Fireball,1,0,
,1e,5efb,,,,"line """"",1,記載著祕密技巧～淬毒,Contains Secret Techniques: ~Poisoning,1,0,
,1e,5f0c,,,,"line """"",1,記載著祕密技巧～替身,Contains Secret Techniques: ~Substitute,1,0,
,1e,5f1d,,,,"line """"",1,記載著祕密技巧～吸星大法,Contains secret techniques—Star-Sucking Technique,1,0,
,1e,5f2f,,,,"line """"",1,記載著祕密技巧～防禦破碎,Contains secret techniques—Defense Shatter,1,0,
,1e,5f41,,,,"line """"",1,記載著祕密技巧～拍打翅膀,Contains secret techniques—Wing Flap,1,0,
,1e,5f53,,,,"line """"",1,記載著祕密技巧～黑暗地獄,Contains secret techniques—Dark Hell,1,0,
,1e,5f65,,,,"line """"",1,記載著祕密技巧～沙漠風暴,Contains secret techniques—Desert Storm,1,0,
,1e,5f78,,,,"line """"",1,記載著祕密技巧～全力一擊,Contains secret techniques—Full-Power Strike,1,0,
,1e,5f8a,,,,"line """"",1,記載著祕密技巧～劍氣,Contains secret techniques—Sword Qi,1,0,
,1e,5f9a,,,,"line """"",1,記載著祕密技巧～太陽光束,Contains secret techniques—Sunbeam,1,0,
,1e,5fac,,,,"line """"",1,記載著祕密技巧～天電拳,Contains Secret Techniques: Heavenly Lightning Fist,1,0,
,1e,5fbd,,,,"line """"",1,記載著祕密技巧～手刀,Contains Secret Techniques: Hand Blade,1,0,
,1e,5fcd,,,,"line """"",1,記載著祕密技巧～怨恨,Contains Secret Techniques: Resentment,1,0,
,1e,5fdd,,,,"line """"",1,記載著祕密技巧～變身,Contains Secret Techniques: Transformation,1,0,
,1e,5fee,,,,"line """"",1,記載著祕密技巧～謎,Contains Secret Techniques: Mystery,1,0,
,1e,5ffd,,,,"line """"",1,記載著祕密技巧～闇雷,Contains Secret Techniques: Dark Thunder,1,0,
,1e,600d,,,,"line """"",1,記載著祕密技巧～寒冰拳,Contains Secret Techniques: Icy Fist,1,0,
,1e,601e,,,,"line """"",1,記載著祕密技巧～天雷障壁,Contains Secret Techniques: Heavenly Thunder Barrier,1,0,
,1e,6032,,,,"line """"",1,記載著祕密技巧～雨飄紅,Contains Secret Techniques: ~Rain of Red,1,0,
,1e,6043,,,,"line """"",1,記載著祕密技巧～猛毒孢子,Contains Secret Techniques: ~Venomous Spores,1,0,
,1e,6055,,,,"line """"",1,記載著祕密技巧～火鳥之翼,Contains Secret Techniques: ~Wings of the Firebird,1,0,
,1e,6067,,,,"line """"",1,記載著祕密技巧～大地震,Contains Secret Techniques: ~Great Earthquake,1,0,
,1e,6078,,,,"line """"",1,記載著祕密技巧～沈睡,Contains Secret Techniques: ~Sleep,1,0,
,1e,6089,,,,"line """"",1,記載著祕密技巧～飛砂走石,Contains secret techniques—Flying Sand and Rolling Stones,1,0,
,1e,609b,,,,"line """"",1,記載著祕密技巧～水華三昧,Contains secret techniques—Water Blossom Samadhi,1,0,
,1e,60ae,,,,"line """"",1,記載著祕密技巧～浴火重生,Contains secret techniques—Rebirth from the Flames,1,0,
,1e,60c2,,,,"line """"",1,記載著祕密技巧～地獄車,Contains secret techniques—Hell Chariot,1,0,
,1e,60d3,,,,"line """"",1,記載著祕密技巧～天國之鳥,Contains secret techniques—Bird of Heaven,1,0,
,1e,60e7,,,,"line """"",1,記載著祕密技巧～烈焰拳,Contains secret techniques—Fiery Fist,1,0,
,1e,60f8,,,,"line """"",1,記載著祕密技巧～瞬間攻擊,Contains secret techniques—Instant Attack,1,0,
,1e,610a,,,,"line """"",1,記載著祕密技巧～先發制人,Contains secret techniques—Strike First,1,0,
,1e,611c,,,,"line """"",1,記載著祕密技巧～天雷殛頂,Contains secret techniques—Heavenly Thunder Strikes the Summit,1,0,
,1e,612e,,,,"line """"",1,記載著祕密技巧～偷竊,Contains secret techniques—Steal,1,0,
,1e,613f,,,,"line """"",1,記載著祕密技巧～模仿,Contains secret techniques—Imitation,1,0,
script_item_effects,1e,6635,,,,"line """"",1,可收服怪獸的高科技膠囊⚬,Captures Star Beasts.,0,0,
,1e,6646,,,,"line """"",1,以很高的速度﹐收服怪獸的膠囊⚬,Captures Star Beasts faster.,0,0,
,1e,6659,,,,"line """"",1,能以很高的機率收服怪獸⚬,Better chance of capturing Beasts.,0,0,
,1e,6669,,,,"line """"",1,１００﹪收服怪獸的強力膠囊⚬,100% chance of capturing Beasts.,0,0,
,1e,667e,,,,"line """"",1,回復體力３０點,Restores 30 HP.,0,0,
,1e,6689,,,,"line """"",1,回復體力５０點,Restores 50 HP.,0,0,
,1e,6694,,,,"line """"",1,回復體力１００點,Restores 100 HP.,0,0,
,1e,66a0,,,,"line """"",1,回復體力２００點,Restores 200 HP.,0,0,
,1e,66ac,,,,"line """"",1,回復體力２０﹪,Restores 20% HP.,0,0,
,1e,66b8,,,,"line """"",1,回復體力５０﹪,Restores 50% HP.,0,0,
,1e,66c4,,,,"line """"",1,回復體力１００﹪,Restores 100% HP.,0,0,
,1e,66d1,,,,"line """"",1,解除中毒狀態,Cures Poison.,0,0,
,1e,66db,,,,"line """"",1,解除麻痺狀態,Cures Paralysis.,0,0,
,1e,66e5,,,,"line """"",1,解除催眠狀態,Awakens the Beast.,0,0,
,1e,66ef,,,,"line """"",1,解除燒傷狀態,Cures Burn.,0,0,
,1e,66f9,,,,"line """"",1,解除凍傷狀態,Cures Frostbite.,0,0,
,1e,6703,,,,"line """"",1,解除所有異常狀態,Cures all status effects.,0,0,
,1e,670f,,,,"line """"",1,復活﹐且回復體力２０﹪,Revives with 20% HP.,0,0,
,1e,6721,,,,"line """"",1,復活﹐且回復體力５０﹪,Revives with 50% HP.,0,0,
,1e,6733,,,,"line """"",1,復活﹐且回復所有狀態,Revives and cures all effects.,0,0,
,1e,6741,,,,"line """"",1,回復技巧點數１０點,Restores 10 SP.,0,0,
,1e,674e,,,,"line """"",1,回復技巧全部點數,Restores all SP.,0,0,
,1e,675c,,,,"line """"",1,回復所有技巧全部點數,Restores SP for every move.,0,0,
,1e,676c,,,,"line """"",1,提昇攻擊力,Increase Attack,1,0,
,1e,6775,,,,"line """"",1,提昇防禦力,Increase Defense,1,0,
,1e,677e,,,,"line """"",1,提昇閃避率,Increase Evasion Rate,1,0,
,1e,6788,,,,"line """"",1,提昇命中率,Increase Hit Rate,1,0,
,1e,6792,,,,"line """"",1,提昇速度,Increase Speed,1,0,
,1e,679a,,,,"line """"",1,降低敵人防禦力,Decrease enemy Defense,1,0,
,1e,67a4,,,,"line """"",1,降低敵人攻擊力,Decrease enemy Attack,1,0,
,1e,67ae,,,,"line """"",1,降低敵人閃避率,Decrease enemy Evasion Rate,1,0,
,1e,67b9,,,,"line """"",1,降低敵人命中率,Decrease enemy Hit Rate,1,0,
,1e,67c4,,,,"line """"",1,降低敵人速度,Reduce enemy speed,1,0,
,1e,67ce,,,,"line """"",1,１００﹪從非重要的戰鬥中逃脫,100% chance to escape from non-essential battles,1,0,
,1e,67e4,,,,"line """"",1,１００步內不會遇到等級比自己弱的怪獸,Will not encounter monsters of a lower level than yourself within 100 steps,1,0,
,1e,67ff,,,,"line """"",1,２００步內不會遇到等級比自己弱的怪獸,Will not encounter monsters of a lower level than yourself within 200 steps,1,0,
,1e,681a,,,,"line """"",1,２００步內完全不會碰到怪獸,Will not encounter any monsters at all within 200 steps,1,0,
,1e,682f,,,,"line """"",1,等級提昇,Level up,1,0,
,1e,6837,,,,"line """"",1,離開迷宮,Leave the dungeon,1,0,
,1e,683d,,,,"line """"",1,學習到詛咒技能⚬,Learned the Curse skill.,1,0,
,1e,6847,,,,"line """"",1,學習到鬥氣．嵐技能⚬,Learned the Fighting Spirit: Storm skill.,1,0,
,1e,6855,,,,"line """"",1,學習到冰凍光束技能⚬,Learned the Frozen Beam skill.,1,0,
,1e,6863,,,,"line """"",1,學習到邪惡侵蝕技能⚬,Learned the Evil Corrosion skill.,1,0,
,1e,6871,,,,"line """"",1,學習到靈劍技能⚬,Learned the Spirit Sword skill.,1,0,
,1e,687d,,,,"line """"",1,學習到突擊技能⚬,Learned the Assault skill.,1,0,
,1e,6889,,,,"line """"",1,學習到同歸於盡技能⚬,Learned the Mutual Destruction skill.,1,0,
,1e,6897,,,,"line """"",1,學習到電光一閃技能⚬,Learned the Flash of Lightning skill.,1,0,
,1e,68a5,,,,"line """"",1,學習到強力旋渦技能⚬,Learned the Powerful Vortex skill.,1,0,
,1e,68b3,,,,"line """"",1,學習到狼嚎技能⚬,Learned the Wolf Howl skill.,1,0,
,1e,68bf,,,,"line """"",1,學習到寒冰雨技能⚬,"Learned the ""Frost Rain"" skill.",1,0,
,1e,68cc,,,,"line """"",1,學習到致命刺殺技能⚬,"Learned the ""Lethal Assassination"" skill.",1,0,
,1e,68da,,,,"line """"",1,學習到催眠術技能⚬,"Learned the ""Hypnotism"" skill.",1,0,
,1e,68e7,,,,"line """"",1,學習到必殺神弓技能⚬,"Learned the ""Divine Bow"" skill.",1,0,
,1e,68f5,,,,"line """"",1,學習到正拳技能⚬,"Learned the ""Straight Punch"" skill.",1,0,
,1e,6901,,,,"line """"",1,學習到火炎彈技能⚬,"Learned the ""Fireball"" skill.",1,0,
,1e,690e,,,,"line """"",1,學習到淬毒技能⚬,"Learned the ""Poisoning"" skill.",1,0,
,1e,691a,,,,"line """"",1,學習到替身技能,"Learned the ""Decoy"" skill",1,0,
,1e,6925,,,,"line """"",1,學習到吸星大法技能⚬,"Learned the ""Star-Sucking Technique"" skill.",1,0,
,1e,6933,,,,"line """"",1,學習到防禦破碎技能⚬,"Learned the ""Defense Shatter"" skill.",1,0,
,1e,6941,,,,"line """"",1,學習到拍打翅膀技能⚬,Learned the Flapping Wings skill.,1,0,
,1e,694f,,,,"line """"",1,學習到黑暗地獄技能⚬,Learned the Dark Hell skill.,1,0,
,1e,695d,,,,"line """"",1,學習到沙漠風暴技能⚬,Learned the Desert Storm skill.,1,0,
,1e,696b,,,,"line """"",1,學習到全力一擊技能⚬,Learned the All-Out Attack skill.,1,0,
,1e,6979,,,,"line """"",1,學習到劍氣技能⚬,Learned the Sword Qi skill.,1,0,
,1e,6985,,,,"line """"",1,學習到太陽光束技能⚬,Learned the Sunbeam skill.,1,0,
,1e,6993,,,,"line """"",1,學習到天電拳技能⚬,Learned Heavenly Lightning Fist.,1,0,
,1e,69a0,,,,"line """"",1,學習到手刀技能⚬,Learned Hand Blade.,1,0,
,1e,69ac,,,,"line """"",1,學習到怨恨技能⚬,Learned Resentment.,1,0,
,1e,69b8,,,,"line """"",1,學習到變身技能⚬,Learned Transformation.,1,0,
,1e,69c4,,,,"line """"",1,學習到謎技能⚬,Learned Mystery.,1,0,
,1e,69cd,,,,"line """"",1,學習到闇雷技能⚬,Learned Dark Thunder.,1,0,
,1e,69d9,,,,"line """"",1,學習到寒冰拳技能⚬,Learned Ice Fist.,1,0,
,1e,69e6,,,,"line """"",1,學習到天雷障壁技能⚬,Learned Heavenly Thunder Barrier.,1,0,
,1e,69f6,,,,"line """"",1,學習到雨飄紅技能⚬,Learned Rain of Red.,1,0,
,1e,6a03,,,,"line """"",1,學習到猛毒孢子技能⚬,Learned Venomous Spores.,1,0,
,1e,6a11,,,,"line """"",1,學習到火鳥之翼技能⚬,Learned Phoenix Wings.,1,0,
,1e,6a1f,,,,"line """"",1,學習到大地震技能⚬,Learned Earthquake.,1,0,
,1e,6a2c,,,,"line """"",1,學習到沈睡技能⚬,Learned Sleep.,1,0,
,1e,6a39,,,,"line """"",1,學習到飛砂走石技能⚬,Learned Whirling Sand and Stones.,1,0,
,1e,6a47,,,,"line """"",1,學習到水華三昧技能⚬,Learned Water Blossom Samadhi.,1,0,
,1e,6a55,,,,"line """"",1,學習到浴火重生技能⚬,"Learned the ""Phoenix Rising"" skill.",1,0,
,1e,6a63,,,,"line """"",1,學習到地獄車技能⚬,"Learned the ""Hell Chariot"" skill.",1,0,
,1e,6a70,,,,"line """"",1,學習到天國之鳥技能⚬,"Learned the ""Bird of Heaven"" skill.",1,0,
,1e,6a80,,,,"line """"",1,學習到烈焰拳技能⚬,"Learned the ""Blazing Fist"" skill.",1,0,
,1e,6a8d,,,,"line """"",1,學習到瞬間攻擊技能⚬,"Learned the ""Instant Attack"" skill.",1,0,
,1e,6a9b,,,,"line """"",1,學習到先發制人技能⚬,"Learned the ""Preemptive Strike"" skill.",1,0,
,1e,6aa9,,,,"line """"",1,學習到天雷殛頂技能⚬,"Learned the ""Heavenly Thunder Strike"" skill.",1,0,
,1e,6ab7,,,,"line """"",1,學習到偷竊技能⚬,"Learned the ""Steal"" skill.",1,0,
,1e,6ac3,,,,"line """"",1,學習到模仿技能⚬,"Learned the ""Mimic"" skill.",1,0,
script_item_found,1e,6e44,,BALLOT,BALLOT_1,done,,發現,"Found a
<itemname2>!",1,0,
script_item_get_4212,1e,4212,,BALLOT,BALLOT_0,done,,獲得,"Obtained
<itemname>!",1,0,
script_item_get_6ddb,1e,6ddb,,MITT,47,done,,獲得?,Obtained?,1,0,
script_item_names,1e,6437,,,,"line """"",,機械構造圖,Blueprints,0,0,
,1e,6442,,,,"line """"",,彩虹水晶,RainbowCrystal,0,0,
,1e,644b,,,,"line """"",,真．黃金鳳凰號,Phx. Car,0,0,
,1e,6458,,,,"line """"",,發條,Spring,0,0,
,1e,645d,,,,"line """"",,發條老鼠,Windup Rat,0,0,
,1e,6466,,,,"line """"",,追蹤器,Chip Tracker,0,0,
,1e,646c,,,,"line """"",,ＰＤＡ,PDA,0,0,
,1e,6471,,,,"line """"",,天使之葉,Angel Leaf,0,0,
,1e,6479,,,,"line """"",,晶片２,Chip 2,0,0,
,1e,6480,,,,"line """"",,金鑰匙,Gold Key,0,0,
,1e,6486,,,,"line """"",,性感禮服,Sexy Dress,0,0,
,1e,648e,,,,"line """"",,復古項鍊,Old Necklace,0,0,
,1e,6497,,,,"line """"",,晶片３,Chip 3,0,0,
,1e,649e,,,,"line """"",,珍珠項鍊,Pearl Necklace,0,0,
,1e,64a6,,,,"line """"",,魚之魂,Fish Soul,0,0,
,1e,64ac,,,,"line """"",,晶片４,Chip 4,0,0,
,1e,64b3,,,,"line """"",,絕緣耳機,Earphones,0,0,
,1e,64bb,,,,"line """"",,晶片５,Chip 5,0,0,
,1e,64c2,,,,"line """"",,叭拉叭拉超人,Hero Figurine,0,0,
,1e,64cf,,,,"line """"",,繩勾,Rope Hook,0,0,
,1e,64d4,,,,"line """"",,奇蹟泉水,Miracle Water,0,0,
,1e,64dc,,,,"line """"",,傳家懷錶,Pocket Watch,0,0,
,1e,64e4,,,,"line """"",,程式磁片,Program Disk,0,0,
,1e,64ec,,,,"line """"",,晶片６,Chip 6,0,0,
,1e,64f3,,,,"line """"",,雪熊爪,Freedzy's Claw,0,0,
,1e,64fa,,,,"line """"",,父親之帽,Dad's Hat,0,0,
,1e,6502,,,,"line """"",,紫羅蘭,Violet,0,0,
,1e,6509,,,,"line """"",,彩繪筆,Color Pencil,0,0,
,1e,650f,,,,"line """"",,地契,Land Deed,0,0,
,1e,6514,,,,"line """"",,音樂盒,Music Box,0,0,
,1e,651a,,,,"line """"",,星槌,Star Mallet,0,0,
,1e,651f,,,,"line """"",,米特日記,Mitt's Diary,0,0,
,1e,6528,,,,"line """"",,全家福照,Family Photo,0,0,
,1e,6531,,,,"line """"",,?燉兔肉,Rabbit Stew,0,0,
,1e,6539,,,,"line """"",,妮妮娃娃,Nini Doll,0,0,
,1e,6540,,,,"line """"",,布蘭特熊,Brandt Bear,0,0,
,1e,6549,,,,"line """"",,晶片７,Chip 7,0,0,
,1e,6550,,,,"line """"",,金鋼鑽,Drill,0,0,
,1e,6557,,,,"line """"",,金鋼鑽頭,Drill Head,0,0,
,1e,6560,,,,"line """"",,晶片８,Chip 8,0,0,
script_kingkong_mountain,6c,5f63,,STAR_BEAST,6A,done,,"呼嚕～呼嚕～
嚕嚕﹗",,0,0,
,6c,5f78,,BALLOT,BALLOT_5,done,,得到金鋼鑽⚬,,0,0,
script_life_valley,58,5a0c,,BLANK,20,done,,"小朋友～
能源站現在很不
安全﹗

裡面的岩漿快要
溢出來了﹗
你們快點回去﹗",,0,0,
,58,5a50,,BLANK,20,done,,"小朋友～
裡面很⋯很⋯
危險⋯⋯

真是⋯奇⋯奇怪
﹖",,0,0,
,58,5a7d,,BLANK,20,done,,"眼⋯眼皮⋯好重
ｚＺｚ～ＺｚＺ",,0,0,
script_life_valley_rescue,58,5a99,,45,6D,done,,"嘿嘿嘿嘿～
嘿轟轟～",,0,0,
,58,5aac,,46,6E,done,,"藍特﹗
救⋯救命哪﹗",,0,0,
,58,5ac1,,LANTE,41,done,,"爸爸﹗
可惡的星獸﹗",,0,0,
,58,5ad6,,45,6D,done,,"嘿嘿嘿嘿～
嘿轟轟～",,0,0,
,58,5ae9,,46,6E,done,,"真是危險﹗
這個星獸在生之
谷裡﹐裝設了能
源抽取器⚬

把所抽取的大地
能源送到南邊的
衛星雷達站裡⚬

不曉得正進行著
什麼樣的計劃﹗

真叫人感到不解
⋯⋯",,0,0,
,58,5b70,,LANTE,LANTE_0,done,,"老爹﹗
你知道他是誰嗎
他就是巴洛特唷
﹗",,0,0,
,58,5b9a,,46,6E,done,,"哦﹗是巴洛特呀
你爸爸前陣子還
來找過我呢﹗
拿到動力晶片了
嗎﹖",,0,0,
,58,5bd5,,BALLOT,BALLOT_5,done,,"拿到了﹗
謝謝您～",,0,0,
,58,5be6,,BALLOT,BALLOT_5,done,,"爸爸曾經找過您
是為了什麼事呢",,0,0,
,58,5c02,,46,6E,done,,"他正在尋找﹐古
代科學與星獸間
的祕密～
真不愧是父子﹐
個性都一模一樣",,0,0,
,58,5c45,,LANTE,LANTE_0,done,,"老爹﹗
我也要跟巴洛特
一起旅行⚬",,0,0,
,58,5c68,,46,6E,done,,"藍藍藍特﹗
這太⋯危險了﹗",,0,0,
,58,5c7f,,LANTE,LANTE_0,done,,"老爹不同意嗎﹖
真是叫人感到傷
心⋯⋯
真是叫人傷心的
想要吹笛子啊～",,0,0,
,58,5cbb,,46,6E,done,,"慢⋯慢著﹗
你這是在威脅我
嗎﹖﹖
我⋯我知道了﹗",,0,0,
,58,5ce6,,LANTE,LANTE_1,done,,萬歲﹗,,0,0,
,58,5cf0,,46,6E,done,,"真是⋯⋯
我一定會被你老
媽給罵死的⋯⋯",,0,0,
,58,5d14,,LANTE,42,done,,"糟了﹗
我忘了地熱城的
人﹐還被我關在
死之谷⋯

就用我的笛聲～
讓他們回去﹗

巴洛特﹐
把耳機戴好喔﹗",,0,0,
script_mark_grandson_cutscene,12,6898,,NINA,02,done,,"哥～這是天使之
葉﹐趕快吃下﹗
對～就是這樣⋯","Brother... This is an Angel Leaf, hurry, eat it!

Yes... Like this...",0,0,
,12,68c4,,25,4F,done,,妮娜﹖,"Nina?

",0,0,
,12,68ce,,NINA,02,done,,"哥﹗沒事就好～
沒事就好⋯⋯","Brother! You're okay...!

You're okay...

",0,0,
,12,68e4,,25,4F,done,,妮娜～謝謝妳⋯,"Nina, thank you...

",0,0,
,12,68f5,,NINA,NINA_4,done,,"哥～你胸前的月
型項鍊﹐真的就
是月琉璃嗎﹖","Brother, is the moon-shaped necklace around your neck really the Moon Glaze?

",0,0,
,12,691e,,25,4F,done,,月⋯⋯,"The Moon...

",0,0,
,12,6927,,25,4F,done,,"不⋯⋯不是的﹗
這不是月琉璃﹐
這只是⋯只是⋯","N... No!

This isn't the Moon Glaze, it's only... only a...",0,0,
,12,6953,,BALLOT,BALLOT_3,done,,"加業企業的董事
長﹐為了尋找他
失散的孫子﹐己
經病倒了﹐你還
忍心瞧他這樣下
去嗎﹖",Gale Corp's chairman has gotten sick trying to find his lost grandson! Can you bear to see him like this?,0,0,
,12,69a3,,NINA,02,done,,哥⋯⋯,"Brother...

",0,0,
,12,69ac,,25,4F,done,,"不﹗我不是那個
泠血動物的孫子
﹗當我為了想活
下去﹐而努力的
工作時﹐他在哪
裡﹖
這樣的生活﹐難
道不是他賜予的
嗎﹖

而當他有需要時
﹐才想起還有我
這樣的一個人﹗

這樣難道一點都
不自私嗎﹖","No! I am not this cold-blooded monster's grandson! Where was he, when I was working so hard to survive?!

It's because of him that I have this life, don't I?

And now that he's in need, he suddenly remembers me!

How selfish is that?",0,0,
,12,6a58,,NINA,NINA_2,done,,"哥⋯
我記得哥哥曾對
我說﹐要包容別
人的錯誤⚬

抱著遺憾的人生
﹐才是最可憐的","Brother... 

I remember you once told me to forgive the mistakes of others.

A life filled with regret is the most pitiful.",0,0,
,12,6aa0,,25,4F,done,,"遺憾⋯⋯不﹐不
會的﹗

再怎麼樣﹐我也
不會跟『他』有
任何關係的﹗","Regret... No, I refuse!

No matter what happens, I don't want to have anything to do with him!

",0,0,
,12,6adb,,BALLOT,BALLOT_3,done,,"糟糕﹗
馬克的身體才復
原﹐禁不起這樣
的劇烈的活動⚬","Oh no!

Mark has just recovered, his body won't be able to take this amount of strain.

",0,0,
,12,6b0f,,NINA,02,done,,"哥哥會不會做出
傻事情﹖

真是擔心～","Is he going to do something stupid?

I'm so worried...

",0,0,
,12,6b30,,BALLOT,BALLOT_5,done,,"如果是這樣的話
﹐就糟了﹗妮娜
﹐你知道馬克可
能去的地點嗎﹖","If that's the case, that's not good!

Nina, do you know where Mark might go?",0,0,
,12,6b6a,,NINA,02,done,,"馬克哥哥最喜歡
到天之岩頂端呆
望著遠方⋯","Mark loves to go to the top of the Sky Rock and stare into the distance...

",0,0,
,12,6b93,,BALLOT,BALLOT_5,done,,"天之岩嗎﹖得儘
快找到馬克才行
﹗","The Sky Rock? 

We have to hurry and find Mark as fast as possible!

",0,0,
,12,6bb4,,NINA,02,done,,我也一起去～,"I'll go with you!

",0,0,
,12,6bc1,,25,4F,done,,"為什麼﹖妮娜﹐

我們兄妹二人﹐
這樣的生活下去
﹐不是很好嗎﹖

為什麼要逼我呢
﹖","Why? 

Nina, wouldn't it be nice for us to keep living like this, as siblings? 

Why are you forcing me to do this?

",0,0,
,12,6c0b,,25,4F,done,,"當我看到加爾企
業的告示時﹐才
恍然知道自己的
身世⚬

然而﹐我一點都
不高興⋯","Only when I saw the notice from Gale Corp. did it dawn on me who I really was.

Yet, this brings me no joy...",0,0,
,12,6c54,,25,4F,done,,"『他』為了維持
自己的尊嚴﹐放
逐了我的父親﹐
更間接的逼死了
媽媽⋯⋯

我⋯恨『他』﹗","To save his own reputation, this man drove my father away, and indirectly caused mom's death...

I... I hate him!",0,0,
,12,6ca6,,NINA,02,done,,"哥～但無論如何
﹐身上流的血﹐
是揮不斷的⚬","Brother... But no matter what, the blood that flows through our veins cannot be changed.

",0,0,
,12,6cd1,,25,4F,done,,"血緣﹖
這種血緣﹐我不
要﹗﹗","Our blood?

This kind of bloodline... I don't want any part of it!

",0,0,
,12,6cee,,25,4F,done,,"這⋯這是⋯媽⋯
媽媽的信﹖","This is... a letter... from m-mom?

",0,0,
,12,6d08,,BLANK,BALLOT_0,done,,"給我那還不知道
名字的兒子：

對不起～我想我
見不到你了⋯
我的愛～

人生充滿了無奈
﹐從與你父親相
遇的那一刻開始⚬

儘管是場悲劇﹐
但心中的果實仍
然甜美⚬
怨恨嗎﹖
傷心嗎﹖
難過嗎﹖

我那不知名的兒
啊～我的愛～
千萬不要如此﹐
因為人總要學著
體諒⚬

我就要消失了﹐
我的愛～
希望你也能體諒
我的心情⋯

儘管你可能看不
到⋯對不起～

我想我見不到你
了⋯我的愛⋯
我那不知名的兒
子⋯桑妮絲絕筆～","To my son, whose name I do not know as yet:

I am sorry.

It appears as if I will not be able to meet you...

My love...



From the moment I first met your father, our lifes have been filled with inevitabilities. 

Even though this may have been a tragedy, the fruits of our relationship remain sweet.



Are you feeling resent? Grief? Sadness?

My unnamed son... My love...

Do not feel this way, as people must all learn to show empathy.



I do not have long for this world...

My son...

I hope that you can still feel my love...

Even if it may be hard...



I'm sorry...

I don't think I will be able to meet you...

My love...

My yet-unnamed son...



Love,

 Sang Ni-Lin",0,0,
,12,6e65,,25,4F,done,,"媽⋯媽媽⋯⋯
嗚～嗚⋯⋯","M... Mom...

Waaah...

",0,0,
,12,6e7d,,NINA,02,done,,"哥⋯不管如何﹐
馬克永遠是我最
愛的哥哥﹗","Mark... No matter what, you'll always be my dearest brother!

",0,0,
,12,6ea8,,25,4F,done,,"妮娜⋯謝謝你⋯
人要學著體諒⋯
是嗎﹖我會儘力
的⋯⋯媽媽⋯

我會找『他』﹐
把話說清楚的﹗","Nina... Thank you... People must learn to show empathy... right?

I'll do my best... Mom...

I'll find him and clear everything up!

",0,0,
,12,6ef7,,NINA,02,done,,"哥⋯你永遠是我
的哥哥⋯永遠⋯","Mark... You'll always be my brother... 

Forever and ever...

",0,0,
,12,6f16,,25,4F,done,,⋯⋯⋯,"...

",0,0,
,12,6f1e,,28,4E,done,,哦⋯我的孫子⋯,"Oh... My grandson...

",0,0,
,12,6f2f,,1B,4C,done,,"巴洛特啊﹐真是
多虧了你﹐才能
找回董事長的孫
子﹗加爾企業後
繼有人了﹗

身為採購部經理
的我﹐實在是相
當的高興⚬","Thanks to you, Ballot, the chairman's grandson has been found!

Gale Corp. has a successor!

As the manager of the procurement department, I couldn't be happier.",0,0,
,12,6f96,,25,4F,done,,"巴洛特⋯謝謝你
﹗","Ballot... Thank you!

",0,0,
,12,6faa,,28,4E,done,,"馬克⋯你還是不
肯叫我嗎﹖","Mark... You still won't talk to me?

",0,0,
,12,6fc4,,25,4F,done,,⋯⋯⋯,"...

",0,0,
,12,6fcc,,28,4E,done,,"也難怪你會如此
這全要怪我⋯⋯",I can't blame you... This is all my fault...,0,0,
,12,6fe9,,28,4E,done,,"巴洛特﹐事情我
全聽基多說了﹗
這個動力晶片﹐
就送給你了⚬

我想妮娜不會介
意的⚬","Ballot, Quito told me everything!

This Power Chip is for you.

I don't think Nina will mind.",0,0,
,12,7033,,BALLOT,BALLOT_1,done,,得到了晶片２﹗,"Got Chip 2!

",0,0,
,12,7042,,28,4E,done,,"在馬克重傷的時
候﹐妮娜將這塊
晶片賣給了我⋯
只是為了要醫治
我的孫兒⋯

我真是⋯不配做
人家的⋯爺爺⋯","When Mark was seriously injured, Nina sold me this chip... 

Just to heal my grandson... 

I truly am... Unworthy to be... your grandpa...",0,0,
,12,70a2,,NINA,02,done,,董事長⋯⋯,"Mr. Chairman...

",0,0,
,12,70af,,25,4F,done,,"我不是來了嗎﹖
媽媽曾說過﹐人
要學著體諒⋯⋯

不是嗎﹖⋯⋯
爺．爺﹗","I came here, didn't I?

Mom once said that people must learn to show empathy... Didn't she? ...

Grandpa!",0,0,
,12,70ec,,28,4E,done,,"馬⋯馬⋯馬克﹖
你肯叫我了﹖
這真是太好了
你們聽到了嗎﹖","M... Ma... Mark?

Did you just speak to me?

This is great!

Did you all hear that?",0,0,
,12,7122,,28,4E,done,,"聽到了嗎﹖還有
～妮娜﹗你是馬

克的妹妹﹐那妳
也該改口了﹗","Did you hear that? And, Nina! You're Mark's sister, so you can call me that too!

",0,0,
,12,7159,,NINA,02,done,,⋯爺⋯⋯爺爺﹖,"...Gr... Grandpa?

",0,0,
,12,7169,,28,4E,done,,"決定了﹗就是明
天﹐明天就舉行
董事交接典禮﹗

妮娜、巴洛特﹐
你們一定要來參
加﹗

我替你們準備了
貴賓房﹐你們就
在此過夜吧﹗明
天一早﹐就在大
廳舉行交接典禮","It's decided then! Tomorrow, we'll hold the handover ceremony tomorrow!

Nina, Ballot, you have to come too!

I have prepared a VIP room for you, you can stay there for the night! We'll hold the ceremony tomorrow morning, in the lobby.",0,0,
,12,71f8,,BALLOT,BALLOT_5,done,,謝謝您⚬,"Thank you.

",0,0,
,12,7203,,28,4E,done,,"馬克﹗爺爺還有
好多話要跟你說
﹗到爺爺的房間
聊聊吧﹗哈哈～","Mark! I have a lot to say to you! 

Let's go chat in my room! Ha ha ha!",0,0,
script_mark_nina_intro,12,6159,,25,4F,done,,⋯呃⋯⋯,"...Uh...

",0,0,
,12,6164,,26,0B,done,,咩～咩咩～,"Baa! Baa!

",0,0,
,12,6171,,NINA,NINA_2,done,,"哥～哥～怎麼辦
連爸爸留下來的
那個﹐都賣掉了

⋯已經沒有買藥
的錢了⋯⋯
要怎麼辦﹖","Brother... What am I going to do?

I sold all of father's possessions... But it's still not enough money to buy medicine...

What should I do?",0,0,
,12,61be,,BALLOT,BALLOT_5,done,,怎麼回事﹖,What happened?,0,0,
,12,61cb,,NINA,NINA_2,done,,"嗚～嗚～哥哥在
放羊的時候﹐羊

突然聞到了咖啡
怪的味道⚬

全都變得非常的
瘋狂﹐哥哥也受

了重傷﹗我試過
很多的藥﹐但哥
哥的傷還是愈來
愈嚴重⋯
怎麼辦﹖","Sniff... While my brother was herding sheep, they suddenly smelled the scent of coffee from the coffee monster.

They all went completely crazy and my brother was seriously injured! I tried so many cures, but his injuries are only getting worse...

What should I do?",0,0,
,12,6253,,BALLOT,BALLOT_4,done,,"這弦月型的項鍊
好別緻﹗
項鍊﹖月琉璃﹖

這不就是月琉璃
嗎﹖難道他就是
⋯⋯","That crescent moon necklace looks very peculiar!

Wait... a necklace? A moon necklace...

Isn't this the Moon Glaze? That would mean that he's...",0,0,
,12,629b,,NINA,NINA_2,done,,"哥哥的項鍊﹐我
也是在他受傷時
﹐才發現的⚬但
是哥哥的狀況﹐
如果沒有天使之
葉的話⋯嗚嗚嗚
～","I only found my brother's necklace when he was injuried.

But his condition... Without an Angel Leaf... Sniff...",0,0,
,12,62f3,,BALLOT,BALLOT_5,done,,天使之葉﹖,"An Angel Leaf?

",0,0,
,12,6300,,NINA,NINA_3,done,,"咖啡林的最深處
﹐有顆天使樹⚬

它的葉子具有強
烈的治傷療效⚬

但是咖啡林被咖
啡怪佔據了﹐沒

有人敢到裡面採
取天使之葉⚬","In the deepest part of Coffee Forest is an Angel Tree. Its leaves have strong healing properties.

But a coffee monster lurks there, so no one dares to go in to harvest Angel Leaves.",0,0,
,12,636e,,BALLOT,BALLOT_5,done,,"咖啡林﹖
我一定會將天使
之葉採回來的﹗","Coffee Forest?

Alright, I'll make sure to bring back an Angel Leaf!",0,0,
,12,6394,,NINA,NINA_1,done,,"真的﹖謝謝你～
謝謝你﹗妮娜和
你一起去﹗

咖啡林裡有許多
阻擋的刺刺草﹗

如果沒有小綿羊
的話﹐會很麻煩
的﹗","Really? Thank you, thank you so much! I'll go with you!

Coffee Forest has a lot of thorn grass blocking the path! Without Electreep, you'd have trouble getting through!",0,0,
,12,63f5,,BALLOT,BALLOT_5,done,,"妮娜＆小綿羊加
入隊伍﹗","Nina & Electreep join the team!

",0,0,
,12,640c,,SYSTEM,VAST_FAME,done,,"如果將妮娜置於
隊伍前頭﹐小線

羊可以清除阻擋
道路之刺刺草⚬","If Nina leads the party, Electreep can clear the thorn grass blocking the path.",0,0,
,12,6443,,BALLOT,BALLOT_3,done,,"嗚～好痛﹗
被這種草刺到﹐
就像被針刺到一
樣﹗",Ouch! Being pricked by this grass is like being pricked by a needle!,0,0,
script_menu_system,1e,5829,,,,line,,請選擇道具種類⚬,Please select the item type.,0,0,
,1e,5836,,,,line,,此處無法使用⚬,This cannot be used here.,1,0,
,1e,5841,,,,line,,此怪獸無法使用⚬,Cannot use on this monster.,0,0,
,1e,584f,,,,line,,技巧已滿﹐要忘記舊的技巧嗎﹖,"Skill slots are full, discard an old skill?",0,0,
,1e,585f,,,,line,,要忘記哪一項技巧﹖,Discard which skill?,0,0,
,1e,586c,,,,line,,確定要忘記嗎﹖,Really discard this skill?,0,0,
,1e,5875,,,,line,,裝備完成,Equipment set!,0,0,
,1e,587d,,,,line,,你的錢不夠,You don't have enough money.,1,0,
,1e,5888,,,,line,,買幾個呢﹖,Buy how many?,0,0,
,1e,5890,,,,line,,賣幾個呢﹖,Sell how many?,0,0,
,1e,5898,,,,line,,請選擇服務項目～,Please select a service.,1,0,
,1e,58a5,,,,line,,選擇要查看的怪獸,Select the monster you want to view,1,0,
,1e,58b1,,,,line,,確定要存放這隻怪獸嗎﹖,Really store this monster?,0,0,
,1e,58c1,,,,done,,已成功的存放在盒子裡了⚬,Successfully stored in the box.,0,0,
,1e,58d4,,,,done,,對不起﹗你這個盒子已經裝不下了﹗,I'm sorry! This box is full!,1,0,
,1e,58f0,,,,line,,確定要領出嗎﹖,Really withdraw it?,0,0,
,1e,58fb,,,,done,,已成功的領出了﹗,Withdrawn successfully!,0,0,
,1e,5907,,,,done,,對不起﹗你身上的隊伍已滿﹗,I'm sorry! Your party is full!,0,0,
,1e,591f,,,,line,,確定要換盒子嗎﹖,Really switch boxes?,0,0,
,1e,592c,,,,line,,更換盒子後會自動存檔﹐確定要更換嗎﹖,The game will be saved. Really switch boxes?,0,0,
,1e,5947,,,,done,,成功的換了盒子﹐並且存檔完成⚬,Switched boxes and saved successfully.,0,0,
,1e,595f,,,,line,,確定要將這隻怪獸放生嗎﹖,Really release this monster?,0,0,
,1e,5971,,,,done,,被放生了﹗,Monster released!,0,0,
,1e,597a,,,,done,,此怪獸不能放生﹗﹗,This monster cannot be released!,0,0,
,1e,598b,,,,done,,盒子裡沒有怪獸﹗,There is no monster in the box!,0,0,
,1e,599b,,,,line,,請選擇要領出的怪獸⚬,Select the monster to withdraw.,0,0,
,1e,59a9,,,,line,,請選擇要換的盒子⚬,Select the box to switch to.,0,0,
,1e,59b7,,,,line,,選擇要放生的怪獸⚬,Select the monster to release.,0,0,
,1e,59c4,,,,done,,無法寄放﹗,This monster cannot be stored!,0,0,
script_permafrost_garden,66,5f05,,4C,5F,done,,嗚～吼吼﹗,,0,0,
,66,5f11,,BALLOT,BALLOT_5,done,,得到雪熊爪﹗,,0,0,
,66,5f21,,BALLOT,BALLOT_4,done,,"這帽子⋯
上面還染有一絲
的血跡⚬

這是⋯卡迪拉的
帽子嗎﹖",,0,0,
,66,5f5b,,BALLOT,BALLOT_5,done,,得到父親之帽⚬,,0,0,
script_power_plant2_f,0f,4ab7,,23,17,done,,嗚哦嗚～嗚～,Waaah...,0,0,
,0f,4ac7,,BALLOT,BALLOT_0,done,,大叔﹖怎麼了﹖,Eh? What's happened to you?,0,0,
,0f,4ad7,,23,17,done,,"真是感謝⚬

科技城停電後﹐
我就趕來詢視情
況⚬

沒想到被閃電隊
給綁了起來﹗

真是感謝你﹗","Oh, thank you! After the outage in Tech City, I rushed over to investigate the cause.

I didn't expect that I would be tied up by Team Volt!

Thank you for rescuing me!",0,0,
,0f,4b28,,LAKI,LAKI,done,,"哦～呵呵呵﹗

有了三千萬﹐
我們的夢想就⋯","Eheheheh~!

With these 30 million yen, our dream can finally...",0,0,
,0f,4b4c,,KULU,KULU,done,,"跟在下想的﹐
一點都沒錯⚬

這樣一來⋯⋯",Just so! Now we can....,0,0,
,0f,4b71,,LAKI,LAKI,done,,"你你⋯你⋯你
⋯你怎麼來的﹖","Y-y-yo-you?!

How did you get here?!",0,0,
,0f,4b86,,KULU,KULU,done,,"可惡﹗

你是來破壞在下
的夢想的嗎﹖

就讓你們來點愛
的教育吧﹗",You- Are you here to ruin our dreams again? I think it's time to teach you a lesson!,0,0,
,0f,4bc3,,LAKI,LAKI,done,,"可可⋯可
⋯可惡﹗

你⋯你你⋯們給
我⋯記⋯記住﹗",Y-you! You'd better remember this!,0,0,
,0f,4bf0,,KULU,KULU,done,,"這次在下就放了
你﹗
要記住在下的恩
惠﹗

在下是代表了～
愛、正義、勇氣
的閃電隊﹗","We'll let you go this time!

You'd better remember this mercy!

Truth, justice and courage: Team Volt, out!",0,0,
,0f,4c3c,,BALLOT,BALLOT_2,done,,真是⋯⋯⋯,These guys...,0,0,
,0f,4c47,,BALLOT,BALLOT_0,done,,這個開關是⋯⋯,If I flip this...,0,0,
script_power_plant_outside_1,0f,4691,,21,31,done,,"喵嗚～嗚⚬

ｚＺ～ｚＺ～",Miao~ Zzzz~,0,0,
,0f,46aa,,BALLOT,BALLOT_2,done,,"不行﹗

整個入口都被貓
怪擋住了﹗

得回去向博士報
告才行﹗","Oh no! The entrance has been blocked by this monstrous cat!

I'd better go report back to Dr. Leo.",0,0,
,0f,46e3,,DR_LEO,DR_LEO,done,,"什麼﹖貓怪﹖

該怎麼辦才好⋯","What?

A monster cat?

What shall we do..?",0,0,
,0f,46fe,,DR_LEO,DR_LEO,done,,"有了﹗

使用老鼠來吸引
牠的注意力﹗

但是沒有電力﹐
該怎麼製作呢⋯","I've got it! We can use a robot rat to distract him!

But how can we make one while the power is out..?",0,0,
,0f,473b,,DR_LEO,DR_LEO,done,,"真叫人生氣﹗

在不得已的情況
下﹐
只好使用發條的
製品了⚬

雖然那會非～常
的丟臉⋯⋯

你等一下～
我找一下零件⋯","How frustrating!

As a last resort, I'll have to make it spring- powered.

Even though it would be embarrasing for me to make clockwork rats..

Give me a bit, and I'll find the parts I need..",0,0,
,0f,479e,,DR_LEO,DR_LEO,done,,"糟糕～

我一直認為﹐
製做發條的機械
製品﹐
是可恥的行為⚬

所以把它們全丟
了﹗

巴洛特﹐抱歉了
⚬
得找到發條才行
﹗","Darn it!

I used to think that making clockworks was below me, so I threw all those parts out.

Sorry, Ballot, but I need some springs!",0,0,
,0f,4808,,BALLOT,BALLOT_0,done,,我知道了﹗,Got it!,0,0,
,0f,4813,,DR_LEO,DR_LEO,done,,"要做成機械老鼠
﹐
得找到發條才行
⚬","To make the robot rat, we need a spring.",0,0,
,0f,4838,,BLANK,16,done,,"發條﹖

雷歐博士要的嗎
﹖

沒想到他也會要
這種東西⋯

發條放在⋯在⋯

在⋯⋯

在哪裡﹖

哦～今天的天氣
真是好呀﹗
只是烏雲多了點
⚬","Springs? I never thought Dr. Leo would need such a thing...

Where did I put it...?

Ah, today's weather sure is nice, but dark clouds are gathering...",0,0,
,0f,48ae,,BLANK,16,done,,"對了﹗
就是發條嘛﹗

我忘了放哪裡了
⋯⋯

就在這些寶貝堆
裡﹐
自已找吧﹗","Ah, right!

The spring!

I forgot where I put it, so feel free to search in these piles of treasure!",0,0,
script_power_plant_outside_2,0f,48f3,unkText_00f_48f3,BLANK,16,done,,"發條﹖

我忘了放哪裡了
⋯⋯

就在這些寶貝堆
裡﹐自已找吧﹗","The spring? I forgot where I put it, so feel free to search in these piles of treasure!",0,0,
,0f,492c,,BALLOT,BALLOT_1,done,,得到了發條﹗,Got the Spring!,0,0,
,0f,493b,,DR_LEO,DR_LEO,done,,"沒有錯﹗

這就是我想要的
發條⋯

實在是很丟臉⋯

唉～
蒙著臉做就不會
這麼覺得吧﹗

等我一下下～","It's not wrong! This is what I want to do with my hair... it's really embarrassing... ugh... if you do it with your face covered, you won't feel that way! I'll be back in a minute.

",1,0,
,0f,498f,,DR_LEO,DR_LEO,done,,"這就是發條老鼠
⚬沒想到蒙著臉﹐
還是覺得一樣的
丟臉～

喂～巴洛特﹗
千萬不可以說出
去唷⚬","Here's the clockwork rat.

I still feel ashamed of resorting to such simple tech...

Ballot! You'd better not tell anyone I made it!",0,0,
,0f,49e7,,BALLOT,BALLOT_1,done,,"得到了發條老鼠
﹗",Got the Clockwork Rat!,0,0,
,0f,49fb,,DR_LEO,DR_LEO,done,,"有了發條老鼠﹐
應該就可以引開
發電塔的貓怪了
吧⚬

哎呀～

想到就覺得丟臉
⋯⋯","With the clockwork rat, you should be able to distract that monster cat. Ah, I feel embarrassed just thinking about it...",0,0,
,0f,4a46,,21,31,done,,"喵嗚～喵～

嗚嗚～",Miao~ Miao~,0,0,
,0f,4a5a,,BALLOT,BALLOT_0,done,,"乖貓咪～

快點走開唷～","Good kitty! Just hurry up, and leave..",0,0,
,0f,4a72,,BALLOT,BALLOT_4,done,,"啊﹗

發條的動力用完
了⋯",Ah! The spring's unwound!,0,0,
,0f,4a8e,,21,31,done,,"嗚～喵吼喵吼吼
﹗

（可惡﹗）
（上當了）","Miao~ Miao!!!

(Damn it! I've been tricked!)",0,0,
script_presale_house_1a_1,66,6655,,LAKI,LAKI,done,,"哦～呵呵呵呵﹗
閃電隊一向是個
愛好和平的正義
使者⚬

才不會做出打架
這種粗魯的事﹗

如果想要回音樂
盒﹐除非幫我們
買下這棟夢幻之
屋吧﹗",,0,0,
,66,66d4,,KULU,KULU,done,,"嗯﹐和在下想的
一點都沒有錯﹗",,0,0,
script_presale_house_1a_2,66,6b54,,LAKI,LAKI,done,,這⋯⋯這不是﹗,,0,0,
,66,6b63,,KULU,KULU,done,,"這這這這這這這
這??﹗﹗

巴洛特先生﹐
原來你⋯⋯

在下真是錯怪你
了﹗

原來你也能了解
在下這男子漢的
夢想是多麼的偉
大啊﹗",,0,0,
,66,6bc8,,LAKI,LAKI,done,,"哦哦哦～
呵呵呵呵﹗

這真是太棒了﹗
我終於擁有自己
的房子了﹗

它就像皇宮一樣
漂亮﹗
哦～呵呵呵呵﹗",,0,0,
,66,6c21,,KULU,KULU,done,,"總算你也能了解
閃電隊的可怕⚬

在下就原諒你以
前的冒失行為⚬

這個是我們的約
定⚬",,0,0,
,66,6c6a,,BALLOT,BALLOT_5,done,,得到音樂盒﹗,,0,0,
,66,6c79,,LAKI,LAKI,done,,"哦～呵呵呵呵﹗
我的皇宮﹗",,0,0,
,66,6c93,,LAKI,LAKI,done,,"這⋯⋯這真是美
倫美煥呀﹗

我就好像是住在
王宮中的白雪公
主一樣﹗
哦～呵呵呵呵﹗",,0,0,
,66,6cdd,,KULU,KULU,done,,"嗚～嗚～在下真
是感動⚬

你聽聽～
腳一踏在地板上
還???發出如
天籟般的聲響﹗

在下真是⋯
非．常．的．感
動﹗",,0,0,
script_presale_house_1f_1,66,5407,,$5b,20,done,,"你看過城外的預
售屋了嗎﹖

地點好﹐環境佳
格局棒～
只要
３????喲﹗",,0,0,
,66,5447,,BLANK,19,done,,"啊﹖你是誰﹖
老伴呀﹐你怎麼
變年輕了﹖",,0,0,
,66,546d,,$5b,20,done,,"原諒我媽﹐他得
了老年痴呆症⚬
媽～他不是啦﹗",,0,0,
,66,549d,,BLANK,19,done,,"啊﹖
那你又是誰﹖
我怎麼會在這裡
你要綁架我嗎﹖",,0,0,
,66,54cb,,$5b,20,done,,⋯⋯⋯,,0,0,
script_presale_house_1f_2,66,66f2,,$5b,20,done,,"你們要問預售屋
的事﹖

很抱歉﹐我現在
沒有這個心情⚬

我老媽剛才趁我
不注意的時候﹐
跑?出去⚬

她得了老年痴呆
﹐什麼事都記不
住﹗
怎麼回得來﹖

年輕人呀﹐求求
你幫忙尋找我老
媽好嗎﹖

事後我一定重重
的禮謝你們﹗",,0,0,
,66,67b0,,BALLOT,BALLOT_4,done,,"糟糕﹗
有人落水了﹗",,0,0,
,66,67c3,,BALLOT,BALLOT_5,done,,"這名婆婆還有一
點心跳﹐
但是沒呼吸了﹗
得快點急救才行
﹗",,0,0,
,66,67f8,,BALLOT,BALLOT_5,done,,"爸爸曾經教過我
緊急狀況的心肺
復甦術⋯⋯

但是一到對方是
個滿臉皺紋的老
奶奶⋯⋯
就不免猶豫了
起來?

不管了～
救人第一﹗",,0,0,
,66,6866,,BALLOT,BALLOT_5,done,,"呀～嘔嘔﹗﹗
整個嘴巴上都是
老婆婆假牙的味
道⋯⋯

不行～
老婆婆的心跳快
要停止了﹗
救人第一﹗",,0,0,
,66,68c0,,BLANK,19,done,,"這裡是哪裡﹖
你是誰﹖

是來綁架我的嗎
﹖",,0,0,
,66,68e9,,BLANK,19,done,,"好可怕呀﹗⋯
怎?辦⋯

雖然想要逃走﹐
但腳卻像海棉一
樣軟⋯",,0,0,
,66,6924,,BALLOT,BALLOT_5,done,,"老婆婆～
我送你回去吧﹗",,0,0,
,66,693d,,BLANK,19,done,,"啊啊啊﹗
你要假裝乖小孩

然後綁架我嗎﹖
沒辦法了～

請你告訴我的老
伴﹐說我被你這
個乖小孩綁架了
我老伴就在那邊
的海底喲﹗",,0,0,
,66,69ae,,$5b,20,done,,"老⋯老媽﹗﹗﹗
你沒有事吧﹗",,0,0,
,66,69c7,,BLANK,19,done,,"你⋯你又是誰﹖
你是那位乖小孩

綁架集團的人嗎
你們呀都是壞東
西﹐我要去找我
的老伴﹗",,0,0,
,66,6a18,,$5b,20,done,,"年輕人﹐
不要介意⚬

我老媽一向都是
這樣的⚬

真不曉得要怎麼
感謝你﹗

就這樣好了﹐城
外那間預售屋就
給?們使用吧﹗

這是地契﹐非常
感謝你們﹗",,0,0,
,66,6a9c,,BALLOT,BALLOT_5,done,,得到了地契﹗,,0,0,
,66,6aab,,$5b,20,done,,"非常感謝你們﹗
老媽﹐你不要再
亂跑了﹗
我會擔心死的⚬",,0,0,
,66,6ade,,BLANK,19,done,,"你這個綁架我的
人﹐怎麼叫我老
媽了﹖",,0,0,
,66,6b01,,$5b,20,done,,⋯⋯⋯,,0,0,
,66,6b09,,BLANK,19,done,,"嘻嘻～
他們想要綁架我
等?腳不像蛋糕
一樣軟的時候﹐
我就跑去找我老
伴﹗
嘻嘻嘻﹗",,0,0,
script_presale_house_26_2_6240,66,6240,,LAKI,LAKI,done,,"哦～呵呵呵呵﹗
這個音樂盒﹐
一定可以賣不少
錢﹗",,0,0,
,66,626c,,KULU,KULU,done,,"是的⚬
雖然不無小補﹐
但在下認為﹐還
是朝我們的夢想
前進了一大步⚬",,0,0,
,66,62aa,,BALLOT,BALLOT_5,done,,"啊﹗
果然又是你們﹗
搶走了音樂盒﹐
到底有什麼目的
﹖",,0,0,
,66,62df,,LAKI,LAKI,done,,"我們﹖
既然你們問起了
那我就仁慈的告
訴你們吧﹗",,0,0,
,66,630f,,KULU,KULU,done,,"來自銀河系裡的
正義使者﹗",,0,0,
,66,632b,,LAKI,LAKI,done,,"穿梭於黑夜的浪
漫?士﹗",,0,0,
,66,6343,,KULU,KULU,done,,"貫徹愛．正義．
勇氣的真理﹗",,0,0,
,66,635e,,LAKI,LAKI,done,,拉琪﹗,,0,0,
,66,6367,,KULU,KULU,done,,庫魯﹗,,0,0,
,66,6370,,LAKI,LAKI,done,,"閃．電．隊～～
誕生﹗﹗",,0,0,
,66,6384,,KULU,KULU,done,,"在下為了能實現
夢想﹐什麼事都
做得出來﹗
想要從在下的手
中搶走音樂盒﹖
看來前幾次的教
訓﹐對你來說還
不夠﹗",,0,0,
,66,63e7,,KULU,KULU,done,,"哼﹗知道在下的
厲害了吧﹗

這只是在下千萬
分之一的力量﹗",,0,0,
,66,641f,,BALLOT,BALLOT_5,done,,"是嗎﹖
那就拿出你全部
的力量再戰吧﹗",,0,0,
,66,6440,,LAKI,LAKI,done,,"慢⋯慢⋯
慢慢著﹗

不⋯不要再打了
嗚～～

我們為了實現夢
想﹐一定要籌到
３?????",,0,0,
,66,648d,,BALLOT,BALLOT_5,done,,"夢想﹖
３?????",,0,0,
,66,649e,,KULU,KULU,done,,"是的﹗眼前這棟
豪華的別宅﹐正

是在下和拉琪的
夢想﹗",,0,0,
,66,64cf,,LAKI,LAKI,done,,"哦～呵呵呵呵﹗
沒．有．錯﹗

瞧瞧它獨樹一格
的?古風﹐幽靜
的佇立在海島的
一隅⚬

不覺得這是很棒
的一個夢想嗎﹖",,0,0,
,66,6534,,KULU,KULU,done,,"是的⚬

所?在下要籌出
３０００萬
買下這
棟夢幻之屋﹗
這個音樂盒﹐只
是計劃的一部份
怎麼﹖

你要破壞在下男
子漢的夢想﹖",,0,0,
,66,659f,,BALLOT,BALLOT_3,done,,"看來你們還沒有
學乖﹗",,0,0,
,66,65b5,,LAKI,LAKI,done,,"哦～呵呵呵呵﹗
閃電隊一向是個
愛好和平的正義
使者⚬

才不會做出打架
這種粗魯的事﹗

如果想要回音樂
盒﹐除非幫我們
買下這棟夢幻之
屋吧﹗",,0,0,
,66,6634,,KULU,KULU,done,,"嗯﹐和在下想的
﹐一點都沒有錯
﹗",,0,0,
script_presale_house_outside,66,4e55,,BLANK,12,done,,"唉～機體已嚴重
的損毀﹐看樣子

是沒有辦法再飛
了﹗
連絡公司裡的航
空部門﹐前來修
理吧﹗",,0,0,
,66,4eab,,,,done,,"吉屋出售⚬
環境清幽﹐
格局棒﹐
裝潢佳⚬

售價３０００萬
意者洽～
星夢城 艾斯",,0,0,
script_radar_station_28_3_72b0,5a,72b0,,BALLOT,BALLOT_5,done,,"糟糕～
要怎麼突破門口
的守衛﹖",,0,0,
,5a,72ce,,LANTE,LANTE_0,done,,"擋路的傢伙
真是麻煩～

看我的～",,0,0,
,5a,72ed,,2A,17,done,,ｚＺｚ～Ｚｚ～,,0,0,
,5a,72fc,,BALLOT,BALLOT_5,done,,"有道力場擋住了
道路﹗",,0,0,
,5a,7314,,RANDT,06,done,,"這種程度的黑洞
力場﹐真是小兒
科﹗
時空怪～
看你的了﹗",,0,0,
,5a,7345,,0F,0F,done,,畢達～畢達畢～,,0,0,
,5a,7357,,40,69,done,,"你就是巴洛特嗎
居然有人能夠進
來這裡﹐真是叫
我感到意外⚬

我真是恨不得將
你的骨頭一根一

根的拆開﹗
破壞我的能源抽
取計劃﹐真是可
惡的人﹗

只要一點﹐再一
點的話﹐裂縫的
程度﹐就可以讓
『牠』誕生了﹗

真是可惡啊﹗
地球這個地方﹐
給你們低等的人
類居住﹐實在太
浪費了﹗",,0,0,
,5a,7443,,BALLOT,BALLOT_5,done,,"星獸們處心積慮
的想擴大星系的

裂縫﹖
難道有什麼值得
他們等待的東西
嗎﹖",,0,0,
,5a,7488,,LANTE,LANTE_0,done,,"對了﹗巴洛特﹗

他們的旅行船曾
到過一個極涷的

海域⚬
在那裡﹐爸爸有
位星空彩繪家的
朋友⚬

也是八大科學家
的後代⚬

他們就住在星夢
城﹗",,0,0,
,5a,7505,,CLAUDE,CLAUDE_0,done,,"星夢城﹖哇～
那裡可是個相當
遙遠的地方﹗
這怎麼到得了﹗

得請出爸爸才行
了﹗",,0,0,
,5a,754b,,CLAUDE,CLAUDE_0,done,,"喂～邦林企業﹖
找總裁﹗
我克勞德⚬

爸﹗受不了～
你不要這麼大聲
的說話嘛⚬
我們現在正要前
往星夢城﹐要經
過長～遠的跋涉
喲﹗

聽說會經過一段
危險、充滿暗潮
的海域⚬

什麼﹖
你要出動專機﹖
在東漁市機場等
好吧﹐那就這麼
說定了﹗
ＢＹＥ～並",,0,0,
,5a,7621,,CLAUDE,CLAUDE_0,done,,"搞定﹗
我們就到東漁市
機場等爸爸的專
機吧﹗
出發前往星夢城
尋找星空彩繪家",,0,0,
,5a,7669,,3F,75,done,,"他是﹖
我還記得⋯
在１２０態迴⋯
的那個人嗎﹖
哼～無知的人⚬
星夢城﹖

星空彩繪家﹖
哈哈哈哈哈～",,0,0,
,5a,76bd,,BLANK,12,done,,"少爺您好﹗
專機等侯已久～
請你上飛機吧﹗",,0,0,
script_radar_station_4f_5d71,58,5d71,,40,69,done,,"什⋯什麼﹖
連大地能源都被
切斷了﹖

是那個叫做巴洛
特的少年嗎﹖",,0,0,
,58,5dac,,40,69,done,,給我殺殺殺﹗﹗,,0,0,
,58,5dba,,STAR_BEAST,6A,done,,嘰～嘰嘰﹗,,0,0,
,58,5dc7,,40,69,done,,你⋯你是﹖,,0,0,
,58,5dd2,,40,69,done,,"你⋯你﹗﹗﹗
是您～
恭⋯恭⋯恭喜您
您終於⋯能離開
『那個地方』了",,0,0,
,58,5e0f,,3F,75,done,,"我是該感謝您呢
還是該怪你辦事
不力呢﹖
是該獎賞你呢﹖

還是該懲罰你呢
你說﹖",,0,0,
,58,5e56,,40,69,done,,"殿⋯殿下⋯⋯
請⋯請饒命呀﹗",,0,0,
,58,5e73,,3F,75,done,,⋯⋯⋯⋯,,0,0,
,58,5e7c,,BLANK,20,done,,"啊﹗﹗
怎麼回事﹖
怎麼打起盹來了
真是該死啊﹗",,0,0,
script_radar_station_63,5a,6663,,3F,75,done,,"愚蠢的人類﹐闖
進這裡﹐是因為

你的勇氣﹖
還是無知呢﹖

偉大的神將化為
可以焚毀一切的
紅蓮﹐降臨到這
個世界⚬

呵呵呵～
不過﹐我想你沒
有辦法親眼目睹
了﹗",,0,0,
,5a,66f0,,3F,75,done,,"嗚⋯⋯
力量還沒有完全
復甦嗎﹖
我會記住你的⚬

灼熱的紅蓮﹐就
要降臨了﹗
哈哈哈哈～",,0,0,
,5a,673a,,BALLOT,BALLOT_5,done,,"得到了
程式磁片⚬",,0,0,
,5a,674d,,BALLOT,BALLOT_5,done,,"灼熱的紅蓮⋯⋯

星獸似乎正期待
著某件事的發生

在我的時代也是
如此⋯⋯

到底是什麼呢﹖
那種不安的感覺
﹐愈來愈濃了⋯",,0,0,
script_sacredtree_healing_center_40,59,4062,,14,25,getchoice String_1cc5,,"需要妮可治療嗎
﹖",,0,0,
,59,407a,,1A,25,getchoice String_1cc5,,"這裡是星獸膠囊
存放銀行⚬

需要艾娜的服務
嗎﹖",,0,0,
script_sacredtree_healing_center_5c,5a,405e,,14,25,getchoice String_1cc5,,"需要妮可治療嗎
﹖",,0,0,
,5a,4076,,1A,25,getchoice String_1cc5,,"這裡是星獸膠囊
存放銀行⚬

需要艾娜的服務
嗎﹖",,0,0,
script_sacredtree_shop_41,59,40a9,,19,22,done,,"需要什麼服務嗎
﹖",,0,0,
script_sacredtree_shop_5d,5a,40a5,,19,22,done,,"需要什麼服務嗎
﹖",,0,0,
script_sacredtree_stardream_departure,59,772c,,40,69,done,,"你就是巴洛特嗎
居然有人能夠進
來這裡﹐真是叫
我感到意外⚬

我真是恨不得將
你的骨頭一根一

根的拆開﹗
破壞我的能源抽
取計劃﹐真是可
惡的人﹗

只要一點﹐再一
點的話﹐裂縫的
程度﹐就可以讓
『牠』誕生了﹗

真是可惡啊﹗
地球這個地方﹐
給你們低等的人
類居住﹐實在太
浪費了﹗",,0,0,
,59,7818,,BALLOT,BALLOT_5,done,,"星獸們處心積慮
的想擴大星系的

裂縫﹖
難道有什麼值得
他們等待的東西
嗎﹖",,0,0,
,59,785d,,LANTE,LANTE_0,done,,"對了﹗巴洛特﹗

他們的旅行船曾
到過一個極涷的

海域⚬
在那裡﹐爸爸有
位星空彩繪家的
朋友⚬

也是八大科學家
的後代⚬

他們就住在星夢
城﹗",,0,0,
,59,78da,,CLAUDE,CLAUDE_0,done,,"星夢城﹖

哇～
那裡可是個相當
遙遠的地方﹗
這怎麼到得了﹗

我打電話﹐
得請出爸爸才行
了﹗",,0,0,
,59,792c,,CLAUDE,CLAUDE_0,done,,"喂～邦林企業﹖
找總裁﹗
我克勞德⚬

爸﹗受不了～
你不要這麼大聲
的說話嘛⚬
我們現在正要前
往星夢城﹐要經
過長～遠的跋涉
喲﹗

聽說會經過一段
危險、充滿暗潮
的海域⚬

什麼﹖
你要出動專機﹖
在東漁市機場等
好吧﹐那就這麼
說定了﹗
ＢＹＥ～",,0,0,
,59,7a01,,CLAUDE,CLAUDE_0,done,,"搞定﹗
我們就到東漁市
機場等爸爸的專
機吧﹗
出發前往星夢城
尋找星空彩繪家",,0,0,
,59,7a49,,3F,75,done,,"他是﹖
我還記得⋯
在１２０年前⋯
的那個人嗎﹖
哼～無知的人⚬
星夢城﹖

星空彩繪家﹖
哈哈哈哈哈～",,0,0,
,59,7a9e,,BLANK,12,done,,"少爺您好﹗
專機等侯已久～
請你上飛機吧﹗",,0,0,
script_sacredtree_time_travel,59,55b1,,47,6F,done,,"人類⋯
又來了嗎﹖

發現者⋯⋯死﹗",,0,0,
,59,55d1,,BALLOT,BALLOT_5,done,,"看樣子﹐星獸正
在抽取神木的能
量⚬神木也才因此而
枯萎⚬

到底星獸抽取能
量的目的何在呢",,0,0,
,59,5625,,40,69,done,,"什麼﹗﹗
連自然能源都停
止抽取了﹖

是那個叫做巴洛
特的傢伙嗎﹖

氣死我了﹗",,0,0,
,59,5668,,40,69,done,,給我殺﹗﹗﹗,,0,0,
,59,5675,,RANDT,46,done,,"完成了﹗
真是了不起呀﹗
時光．實試１號
完成了﹗",,0,0,
,59,56a1,,LANTE,45,done,,"什麼﹖
星獸從神木的內
部抽取能量﹖
難怪會造成神木
的枯萎﹗

為什麼要抽取神
木的能源呢﹖",,0,0,
,59,56f4,,LANTE,06,done,,"不過目前最要緊
的﹐就是回復奇
蹟之泉了﹗",,0,0,
,59,5719,,BALLOT,BALLOT_5,done,,"這就是能產生泉
水的機器嗎﹖",,0,0,
,59,5732,,LANTE,06,done,,"錯﹗就相對論來
說﹐無中生有是
不可能的﹗

既然『現在』沒
有泉水了﹐我們

就到『過去』拿

對﹗
就是如此﹐真是
只有我才想得出
來⚬",,0,0,
,59,57a0,,LANTE,46,done,,"我這就到過去取
來奇蹟泉水﹗",,0,0,
,59,57bb,,LANTE,43,done,,"一個人做這種事
的話﹐真是沒有
安全感啊﹗

巴洛特啊﹐讓我
們一起來見證這
偉大的發明吧﹗",,0,0,
,59,5810,,BALLOT,BALLOT_5,done,,"啊﹗
是⋯⋯是的⚬",,0,0,
,59,5822,,LANTE,06,done,,"出發了﹗
時光．實驗１號
到十年前的神木
村﹗",,0,0,
,59,584c,,20,30,done,,"回溯⋯⋯７年～
⋯⋯８年～⋯",,0,0,
,59,5868,,LANTE,06,done,,"見到這種歷史性
的革新發明﹐真

是叫人心曠神宜
～",,0,0,
,59,5899,,20,30,done,,"回溯⋯１０年～
⋯⋯１３年～⋯",,0,0,
,59,58b6,,LANTE,46,done,,"慢慢慢著﹗
不是１０年嗎﹖",,0,0,
,59,58cf,,BALLOT,BALLOT_5,done,,⋯⋯⋯,,0,0,
,59,58d7,,20,30,done,,"回溯⋯３５年～
⋯⋯４３年～",,0,0,
,59,58f3,,LANTE,45,done,,"爛機器﹗
快給我停下來﹗",,0,0,
,59,590a,,20,30,done,,"警告～警告﹗
系統過載～
過載～",,0,0,
,59,5928,,LANTE,45,done,,"難道⋯⋯
我就要消失在這
個時空的夾縫中
了嗎﹖

還好～
我就說嘛～
一個人太沒有安
全感了﹗

巴洛特﹐你不會
孤獨的﹗
真應該要感謝我
的體貼⚬",,0,0,
,59,59a3,,BALLOT,BALLOT_3,done,,"現在⋯
不是說這種話的
時候吧﹗
快想想辦法吧﹗",,0,0,
,59,59d1,,BALLOT,BALLOT_5,done,,"這裡是哪裡﹖
平安降落了嗎﹖",,0,0,
,59,59ec,,BALLOT,BALLOT_5,done,,"這裡是哪裡﹖
得詳細的問清楚",,0,0,
,59,5a08,,48,70,done,,"哎呀﹗醒了嗎﹖

嗯～在神木前發
現了你們二個人

另外那個人叫做
雷德嗎﹖
雖然比起我的發
明﹐還略為那麼
遜色了一點⚬

但還是個很了不
起的發明喲﹗",,0,0,
,59,5a8c,,BALLOT,BALLOT_5,done,,"真是謝謝你⚬
這種語氣聽來真
是熟悉⋯",,0,0,
,59,5ab1,,48,70,done,,"不用客氣⚬
我是時空科學家
卡爾⚬",,0,0,
,59,5ad3,,48,70,done,,"星系產生了破洞
﹐地球就要出現

危機⚬
我們八名頂尖的
科學家為了挽救
這個危機﹐齊聚
在一起⋯

唉～所有的步驟
都完成了﹐就只

剩我的修補時空
方程式尚未解出

不過從雷德的時
光機裡﹐給了我
一個靈感喲﹗

你的朋友正在神
木那裡⚬

不要再吵我了﹐
這種源源不斷的

靈感﹐我要好好
的把握﹗",,0,0,
,59,5bcf,,48,70,done,,"先是這樣⋯
再切入點時混入
那個⋯哎呀﹗
吵死人了﹗

你的朋友正在神
木那裡⚬

不要再吵我了﹐
這種源源不斷的

靈感﹐我要好好
的把握﹗

為了修補星系的
裂縫﹐得儘快完
成方程式才行⚬",,0,0,
,59,5c71,,BLANK,13,done,,這裡是神木村⚬,,0,0,
,59,5c83,,BLANK,15,done,,"天空出現了好大
的裂縫﹗

世界也出現了好
多的星獸⚬

那些星獸愈來愈
兇猛﹐加上天災
異變～

世界就快要滅亡
了嗎﹖",,0,0,
,59,5cec,,BLANK,14,done,,"什麼﹖雕像﹖
這裡哪有什麼雕
像⚬
年輕人的記性真
不好⚬",,0,0,
,59,5d23,,BLANK,17,done,,"卡爾說﹐星系的
裂縫導致了地球
的危機⚬

所以從世界各地
聚集了八名頂尖

的科學家﹐一起
共同解決時空裂
縫的問題⚬

卡爾也是其中的
一位﹐神木村有

了他﹐真是光榮",,0,0,
,59,5db7,,BLANK,16,done,,"昨天我們家仔仔
吃壞肚子了﹐我

就讓他吃了一點
奇蹟之水⚬

果然就好了﹗",,0,0,
,59,5df8,,BLANK,19,done,,"最近的月亮﹐變
得好藍好藍﹗
藍的好可怕﹗
這⋯到底是怎麼
回事﹖",,0,0,
,59,5e34,,BLANK,25,done,,"帕達的父母﹐在
一次空難事件中

﹐全部都去逝了
帕達的家境本來
就不好了﹐這下
子又⋯⋯
唉～",,0,0,
,59,5e8a,,BLANK,18,done,,"怎麼辦⋯
怎麼辦⋯
爸爸留下來的懷
錶⋯不見了﹖

我已經什麼都沒
有了﹐如今又遺

失了爸爸遺留的
懷錶⋯⋯

那是爸媽飛機失
事前﹐給帕達最
後的遺物⋯⋯
我什麼都沒有了
再活下去⋯
有什麼意義呢﹖",,0,0,
,59,5f31,,BLANK,20,done,,"咭咭咭咭～
到手了﹗

終於到手了﹗
你鬼鬼崇崇的看
什麼東西﹖
這些都是我珍貴
的收藏﹗",,0,0,
,59,5f7f,,BLANK,1E,done,,"卡爾大哥～
你好棒喲﹗

嘻嘻～
姐姐在睡覺時﹐
常常這樣講喲﹗
姐姐好奇怪～

睡覺還會講話﹗
嘻嘻～",,0,0,
,59,5fd5,,BLANK,21,done,,"卡爾最近為了什
麼方程式的﹐一

定把身體累壞了
要趕快燉一鍋超
級的補湯﹐給我
的小爾爾喝～",,0,0,
,59,602a,,BLANK,21,done,,"啊﹗你聽到了﹖
人家⋯

人家沒有說出什
麼奇怪的稱呼啦
真是討厭﹗
人家最討厭卡爾
大哥了﹗",,0,0,
,59,6079,,BLANK,1B,done,,"唉～還是⋯
拿回來⋯⋯
可是⋯⋯

昨天做了一件事
情﹐拿到了不少
的酬勞⚬

但是今天看到那
個人⋯⋯
我真的好後悔⋯",,0,0,
,59,60e0,,BALLOT,BALLOT_5,done,,"這裡到底是哪裡
到底是哪裡的時
空﹖
天空⋯
為什麼也有道裂
縫﹖

月亮也泛著藍光
這裡到底是哪裡",,0,0,
,59,6138,,LANTE,06,done,,"巴洛特﹐你醒了
呀﹗

哈哈哈～
在那種危機下﹐

我們還能平安的
活下來⚬

真是要感謝我那
體貼的安全設計",,0,0,
,59,6195,,BALLOT,BALLOT_5,done,,"這裡到底是哪裡
﹗",,0,0,
,59,61a9,,LANTE,06,done,,"這才是了不起的
地方﹗

你知道嗎﹖
我們居然來到了
１２０年前的神
木村﹗

而且更了不起的
是﹐就我在腦中
搜尋的結果﹐發
現到～

卡爾就是我的曾
祖父喲﹗",,0,0,
,59,622e,,BALLOT,BALLOT_4,done,,"真⋯真是驚人﹗

但為什麼年
前﹐星系也同樣
的出現裂縫呢﹖

世界也同樣的出
現星獸﹖",,0,0,
,59,627d,,LANTE,06,done,,"嗯～我也是這麼
想的⚬

記得八大科學家
拯救地球的事情
嗎﹖

或許﹐想的就是
這件事﹗",,0,0,
,59,62c9,,BALLOT,BALLOT_3,done,,"這麼說來﹐爸爸
一直尋找的﹐也

就是修補星系裂
縫的方法了﹖",,0,0,
,59,62ff,,LANTE,06,done,,"真是糟糕﹗
我的時光．實驗
一號﹐變得亂七
八糟了﹗

奇蹟之水就在那
邊﹐真是如我所
料﹐這裡的神木
還是正常的﹗

等我一修好﹐我
們就馬上回去⚬",,0,0,
,59,637f,,LANTE,06,done,,"真是糟糕﹗
我的時光．實驗
一號﹐變得亂七
八糟了﹗

奇蹟之水就在那
邊﹐真是如我所
料﹐這裡的神木
還是正常的﹗

等我一修好﹐我
們就馬上回去⚬",,0,0,
,59,63ff,,0F,0F,done,,"嗶達嗶～達達～
嗶～",,0,0,
,59,6415,,BALLOT,BALLOT_5,done,,得到奇蹟之水﹗,,0,0,
,59,6425,,BALLOT,BALLOT_4,done,,"爆炸聲是從神木
村傳來的﹗

發生了什麼事﹖",,0,0,
,59,644d,,BLANK,14,done,,"嚇了一大跳﹗
卡爾的家﹐剛才
發生了大爆炸﹐
接著就跑出了好
多的星獸﹗
真是可怕﹗",,0,0,
,59,6498,,BLANK,16,done,,"卡爾的家就這麼
磅～的一聲﹐被
炸掉了﹗

不過幸好卡爾平
安無事﹐真是上
帝保佑﹗",,0,0,
,59,64e4,,BLANK,1B,done,,"我受不了了﹐我
一定要講出來﹗

姆斯看上了帕達
的傳懷錶﹐要我
將它偷了出來⋯

但是一見到帕達
那種失落的表情

﹐就為我的行為
感到懊悔⚬

於是我把錢退還
給姆斯﹐但他還

是不肯歸還懷錶
我⋯我對不起帕
達⋯
我不曉得⋯

這懷錶對他的意
義如此的重大⋯",,0,0,
,59,65c0,,BLANK,1B,done,,"這不是⋯帕達的
懷錶嗎﹖
真是謝謝你﹗

如此一來﹐帕達
一定可以重新再
振作起來的﹗",,0,0,
,59,6607,,BLANK,1B,done,,"真是謝謝你﹗
如此一來﹐帕達
一定可以重新再
振作起來的﹗",,0,0,
,59,6639,,BLANK,20,done,,"什麼﹖那傢伙想
拿回懷錶﹖
做夢﹗
這可是我的收藏
﹗",,0,0,
,59,666b,,BLANK,20,done,,"無論如何﹐都想
拿回懷錶嗎﹖

哼﹗看來那傢伙
沒有告訴你﹐惹
火我的下場﹗",,0,0,
,59,66ae,,BLANK,20,done,,"可⋯可惡﹗
不⋯不要再打了
我知道錯了⋯",,0,0,
,59,66d7,,BALLOT,BALLOT_5,done,,得到傳家懷錶﹗,,0,0,
,59,66e7,,BLANK,20,done,,"可⋯可惡﹗
不⋯不要再打了
我知道錯了⋯",,0,0,
,59,6710,,BLANK,18,done,,"我終於找到我的
懷錶了﹗
爸爸～媽媽﹗
我一定會振作的",,0,0,
,59,6742,,48,70,done,,"完蛋了﹗
修補時空裂縫的
方程式﹐終於完
成了﹗

但是﹐就在剛才
一群星獸闖了進

來﹐搶走了方程
式﹗

還將我的設備﹐
全部搗毀⚬",,0,0,
,59,67b4,,48,70,done,,"方程式就像是雙
面刃一樣﹐除了

可以修補裂縫之
外～
如果以逆向執行
的話﹐就可以⋯
就可以⋯

唉～這就是我能
力的可怕之處⋯",,0,0,
,59,6824,,BALLOT,BALLOT_5,done,,就可以怎麼樣﹖,,0,0,
,59,6834,,48,70,done,,"如果逆向執行的
話﹐就可以將星
系的裂縫擴大﹗

以現在的狀況﹐
如果裂縫如果再

擴大的話﹐將會
影響到星體相互

間的引力﹗
到時候﹐就會引
發一場很可怕的
災難﹗",,0,0,
,59,68c8,,BALLOT,BALLOT_4,done,,"這就糟了﹐得拿
回方程式才行﹗",,0,0,
,59,68e6,,48,70,done,,"南方的衛星雷達
站﹐聚集了許多

的星獸⚬
要將程式送到裂
縫處﹐那裡是最
好的發射站台﹗

巴洛特真是個見
義勇為的好人﹗

一定要將方式程
搶回來喲﹗",,0,0,
,59,696c,,BALLOT,BALLOT_5,done,,"這個個性﹐跟某
個人還真像⋯⋯
南方的衛星雷達
站嗎﹖
我了解了﹗",,0,0,
,59,69a3,,48,70,done,,"南方的衛星雷達
站﹐聚集了許多

的星獸⚬
要將程式送到裂
縫處﹐那裡是最
好的發射站台﹗

巴洛特真是個見
義勇為的好人﹗

一定要將方式程
搶回來喲﹗",,0,0,
,59,6a29,,3F,75,done,,"愚蠢的人類﹐闖
進這裡﹐是因為

你的勇氣﹖
還是無知呢﹖

偉大的神將化為
可以焚毀一切的
紅蓮﹐降臨到這
個世界⚬

呵呵呵～
不過﹐我想你沒
有辦法親眼目睹
了﹗",,0,0,
,59,6ab6,,3F,75,done,,"嗚⋯⋯
力量還沒有完全
復甦嗎﹖
我會記住你的⚬

灼熱的紅蓮﹐就
要降臨了﹗
哈哈哈哈～",,0,0,
,59,6b00,,BALLOT,BALLOT_5,done,,"得到了
程式磁片⚬",,0,0,
,59,6b13,,BALLOT,BALLOT_5,done,,"灼熱的紅蓮⋯⋯

星獸似乎正期待
著某件事的發生

在我的時代也是
如此⋯⋯

到底是什麼呢﹖
那種不安的感覺
﹐愈來愈濃了⋯",,0,0,
,59,6b82,,48,70,done,,"沒錯﹗這就是我
的方程式﹗

巴洛特﹐真是非
常的感謝你﹗

還有不曉得為什
麼﹐只要一見到
雷德﹐就有一種
很熟悉的感覺﹗",,0,0,
,59,6bef,,48,70,done,,"唉～裂縫的持續
擴大﹐使得更強

力的星獸能從裂
縫鑽出⚬

不能再這麼下去
了⚬

另外的七位伙伴
一定久等了吧﹗

總部的『那個』
應該完工了吧﹗

要趕緊和他們會
合才行﹗

巴洛特﹐我一定
不會忘記你的﹗

我會想辦法﹐讓
所有的人都不要
忘記你的﹗",,0,0,
,59,6cc3,,RANDT,06,done,,"曾祖父完成他的
時空程式了嗎﹖

果然我們一族﹐
都流有著優秀的
血統⚬",,0,0,
,59,6d05,,LANTE,43,done,,"完成了﹗

時光．實驗２號
總算可以回去了
﹗",,0,0,
,59,6d2c,,LANTE,06,done,,"怎麼了﹖
怎麼露出那種不
相信的表情～
放心～

再怎麼樣的話﹐
巴洛特都不會孤
獨的唷﹗

你真應該感謝我
的體貼～",,0,0,
,59,6d90,,LANTE,06,done,,"不要再懷疑了﹗
趕快上來吧﹗",,0,0,
,59,6daa,,0F,0F,done,,"嗶達嗶～達達～
嗶～",,0,0,
,59,6dc0,,20,30,done,,"時光～前進～
目標～１２０年
設定．終了﹗",,0,0,
script_sacredtree_village_21,59,76d1,,BALLOT,BALLOT_5,done,,"有道力場擋住了
道路﹗",,0,0,
,59,76e9,,RANDT,06,done,,"這種程度的黑洞
力場﹐真是小兒
科﹗
時空怪～
看你的了﹗",,0,0,
,59,771a,,0F,0F,done,,畢達～畢達畢～,,0,0,
script_sacredtree_village_25_1,59,48ea,,BLANK,13,done,,"這裡是神木村⚬

真是糟糕～
從神木的附近開
始﹐已經慢慢的
沙漠化了⚬

到底是怎麼回事
呢﹖",,0,0,
,59,493b,,BLANK,15,done,,"你見過雷德了嗎
他們家世代都是
研究時間的科學
家喲﹗

他祖先也是八大
科學家之一喲﹗",,0,0,
,59,4986,,BLANK,14,done,,"供給神木養份的
奇蹟之泉乾涸了

神木吸收不到養
份﹐開始吸取周
圍的水份⚬

所以開始的沙漠
化⋯⋯
怎麼辦﹖

再這麼下去﹐連
村子都要變成沙
漠了﹗",,0,0,
,59,49ff,,BLANK,17,done,,"看到那尊雕像了
嗎﹖

在大約一百二十
年﹐有八名偉大
的科學家拯救了
地球的危機⚬

聽說雕像中的那
位少年﹐幫了很
大的忙呢﹗

哦﹗﹗你長得跟
雕像真像﹗
真是巧啊﹗",,0,0,
,59,4a92,,BLANK,16,done,,"每天晚上﹐我只
要抬起頭﹐看到
天空的裂縫時﹐
就會有種恐佈的
感覺⚬",,0,0,
,59,4ad5,,BLANK,19,done,,"神木的葉子慢慢
的枯掉了﹗

再這麼下去﹐神
木就要死掉了﹗
這就是神的遣責
嗎﹖
噢～神啊～
請原諒我們的罪
⋯⋯",,0,0,
,59,4b37,,BLANK,1C,done,,"昨天跟普兒去冒
險﹐結果遇到⋯

嗚～遇到可怕的
東西⋯⋯
我們都逃出來了
但是普兒卻生病
了﹗

嗚～嗚嗚～
好可怕～",,0,0,
script_sacredtree_village_25_2,59,544f,,BLANK,1C,done,,"神木裡面﹖
我和普兒昨天到

神木裡面去冒險
結果﹐在裡面碰

到了可怕的大螞
蟻﹗

人家一時就腳軟
了﹐普兒為了把
我推出神木﹐被
螞蟻咬傷了﹗
嗚～嗚～",,0,0,
,59,54d3,,BALLOT,BALLOT_5,done,,"神木裡面﹖
神木外表平滑﹐
除了乾枯之外﹐
並沒有進入的洞
口啊﹖",,0,0,
,59,5511,,BLANK,1C,done,,"這個給你﹗
我和普兒﹐就是
用這個繩勾﹐爬
到樹上的⚬

神木的入口就在
樹上⚬

我再也不敢到神
木那裡玩了﹗",,0,0,
,59,5571,,BALLOT,BALLOT_5,done,,得到了繩勾﹗,,0,0,
,59,5580,,BLANK,1C,done,,"神木的入口就在
樹上⚬

我再也不敢到神
木那裡玩了﹗",,0,0,
script_sacredtree_village_25_3,59,711f,,BLANK,13,done,,這裡是神木村⚬,,0,0,
,59,7131,,BLANK,15,done,,"你見過雷德了嗎
他們家世代都是
研究時間的科學
家喲﹗

他祖先也是八大
科學家之一喲﹗",,0,0,
,59,717c,,BLANK,14,done,,"神木又回復正常
了﹗
村子也解除了沙
漠化的危機﹗
真是太棒了﹗",,0,0,
,59,71b4,,BLANK,17,done,,"看到那尊雕像了
嗎﹖

在大約一百二十
前年﹐有八名偉
大的科學家拯救
了地球的危機⚬

聽說雕像中的那
位少年﹐幫了很
大的忙呢﹗
哦﹗﹗
你長得跟雕像真
像﹗
真是巧啊﹗",,0,0,
,59,724a,,BLANK,16,done,,"每天晚上﹐我只
要抬起頭﹐看到
天空的裂縫時﹐
就會有種恐佈的
感覺⚬",,0,0,
,59,728d,,BLANK,19,done,,"你們知道嗎﹖

那座雕像﹐就是
很久前﹐一個叫

做卡爾的科學家
建造的⚬

他可是八大科學
家之一喲﹐同時

也是雷德的祖先
聽說這名少年﹐

幫了他很大的忙
呢﹗

為了紀念這名少
年﹐所以蓋了這
座雕像⚬",,0,0,
,59,733c,,BLANK,1C,done,,"嗚～嗚嗚～
普兒終於好了﹗
嗚嗚～
我再也不敢調皮
了﹗",,0,0,
script_sacredtree_village_27_1,5a,58a8,,BLANK,13,done,,這裡是神木村⚬,,0,0,
,5a,58ba,,BLANK,15,done,,"天空出現了好大
的裂縫﹗

世界也出現了好
多的星獸⚬

那些星獸愈來愈
兇猛﹐加上天災
異變～

世界就快要滅亡
了嗎﹖",,0,0,
,5a,5923,,BLANK,14,done,,"什麼﹖雕像﹖
這裡哪有什麼雕
像⚬
年輕人的記性真
不好⚬",,0,0,
,5a,595a,,BLANK,17,done,,"卡爾說﹐星系的
裂縫導致了地球
的危機⚬

所以從世界各地
聚集了八名頂尖

的科學家﹐一起
共同解決時空裂
縫的問題⚬

卡爾也是其中的
一位﹐神木村有

了他﹐真是光榮",,0,0,
,5a,59ee,,BLANK,16,done,,"昨天我們家仔仔
吃壞肚子了﹐我

就讓他吃了一點
奇蹟之水⚬

果然就好了﹗",,0,0,
,5a,5a2f,,BLANK,19,done,,"最近的月亮﹐變
得好藍好藍﹗
藍的好可怕﹗
這⋯到底是怎麼
回事﹖",,0,0,
,5a,5a6b,,BLANK,25,done,,"帕達的父母﹐在
一次空難事件中

﹐全部都去逝了
帕達的家境本來
就不好了﹐這下
子又⋯⋯
唉～",,0,0,
script_sacredtree_village_27_2,5a,6087,,BLANK,14,done,,"嚇了一大跳﹗
卡爾的家﹐剛才
發生了大爆炸﹐
接著就跑出了好
多的星獸﹗
真是可怕﹗",,0,0,
,5a,60d2,,BLANK,16,done,,"卡爾的家就這麼
磅～的一聲﹐被
炸掉了﹗

不過幸好卡爾平
安無事﹐真是上
帝保佑﹗",,0,0,
script_sacredtree_village_28_1,59,6de8,,RANDT,06,done,,"呼～終於成功了
真是歷史性的一
刻﹗
等我一下﹗",,0,0,
,59,6e14,,LANTE,06,done,,"這就是動力晶片
已經取回了奇蹟
之水﹐時光．實
驗一號的任務﹐
也已經完成了﹗",,0,0,
,59,6e54,,BALLOT,BALLOT_5,done,,得到晶片６﹗,,0,0,
,59,6e63,,RANDT,06,done,,"聽說巴洛特要尋
找的﹐是古代的

偉大發明﹗
這種事情﹐怎麼
少得了我呢﹖

有了我的幫助﹐
巴洛特一定又會

覺得﹐我是這麼
的熱心吧﹗

快點讓神木回復
正常吧﹗",,0,0,
,59,6eed,,BALLOT,BALLOT_5,done,,"雷德＆時空怪加
入隊伍⚬",,0,0,
,59,6f05,,SYSTEM,VAST_FAME,done,,"將雷德置於隊伍
排頭﹐如遇到擋
路之黑洞力場⚬

時空怪將發揮其
件用﹐吞噬黑洞
力場⚬",,0,0,
script_sacredtree_village_28_3,5a,68fd,,RANDT,06,done,,"曾祖父完成他的
時空程式了嗎﹖

果然我們一族﹐
都流有著優秀的
血統⚬",,0,0,
,5a,693f,,LANTE,43,done,,"完成了﹗

時光．實驗２號
總算可以回去了
﹗",,0,0,
,5a,6966,,LANTE,06,done,,"怎麼了﹖
怎麼露出那種不
相信的表情～
放心～

再怎麼樣的話﹐
巴洛特都不會孤
獨的唷﹗

你真應該感謝我
的體貼～",,0,0,
,5a,69ca,,LANTE,06,done,,"不要再懷疑了﹗
趕快上來吧﹗",,0,0,
,5a,69e4,,0F,0F,done,,"嗶達嗶～達達～
嗶～",,0,0,
,5a,69fa,,20,30,done,,"時光～前進～
目標～１２０年
設定．終了﹗",,0,0,
,5a,6a22,,RANDT,06,done,,"呼～終於成功了
真是歷史性的一
刻﹗
等我一下﹗",,0,0,
,5a,6a4e,,LANTE,06,done,,"這就是動力晶片
已經取回了奇蹟
之水﹐時光．實
驗一號的任務﹐
也已經完成了﹗",,0,0,
,5a,6a8e,,BALLOT,BALLOT_5,done,,得到晶片６﹗,,0,0,
,5a,6a9d,,RANDT,06,done,,"聽說巴洛特要尋
找的﹐是古代的

偉大發明﹗
這種事情﹐怎麼
少得了我呢﹖

有了我的幫助﹐
巴洛特一定又會

覺得﹐我是這麼
的熱心吧﹗

快點讓神木回復
正常吧﹗",,0,0,
,5a,6b27,,BALLOT,BALLOT_5,done,,"雷德＆時空怪加
入隊伍⚬",,0,0,
,5a,6b3f,,SYSTEM,VAST_FAME,done,,"將雷德置於隊伍
排頭﹐如遇到擋
路之黑洞力場⚬

時空怪將發揮其
件用﹐吞噬黑洞
力場⚬",,0,0,
,5a,6b8b,,BLANK,16,done,,"啊﹗泉水又滿了
真是謝謝你們﹗
普兒有救了﹗",,0,0,
,5a,6bb3,,STAR_BEAST,6A,done,,"喀～喀～
阻礙者⋯⋯殺﹗",,0,0,
,5a,6bcc,,BALLOT,BALLOT_5,done,,"看來星獸的狙擊
目標是我﹗",,0,0,
,5a,6be7,,LANTE,06,done,,"可能是因為﹐你
破壞了他們抽取
能源的計劃⚬

為了怕你再有其
他的破壞行動﹐

而痛下殺手的吧
﹗",,0,0,
,5a,6c3d,,BALLOT,BALLOT_5,done,,"星獸們抽取能源
﹐到底是什麼目
的﹖",,0,0,
,5a,6c5e,,LANTE,06,done,,"這我就不清楚了
不過﹐據我的追
蹤﹐發現原本有
三股強大的能源
正籍由南方的衛
星雷達站﹐被發
送到太空⚬

我想這也就是星
獸的目的了⚬

巴洛特一定認為
﹐我也有個清晰
的頭腦吧﹗",,0,0,
,5a,6cf7,,BALLOT,BALLOT_5,done,,"南方的衛星雷達
站﹖

星獸所謂『計劃
』﹐到底是什麼

為了消除心中的
不安﹐我一定要
解開這個謎﹗",,0,0,
,5a,6d4d,,BLANK,13,done,,這裡是神木村⚬,,0,0,
,5a,6d5f,,BLANK,15,done,,"你見過雷德了嗎
他們家世代都是
研究時間的科學
家喲﹗

他祖先也是八大
科學家之一喲﹗",,0,0,
,5a,6daa,,BLANK,14,done,,"神木又回復正常
了﹗
村子也解除了沙
漠化的危機﹗
真是太棒了﹗",,0,0,
,5a,6de2,,BLANK,17,done,,"看到那尊雕像了
嗎﹖

在大約一百二十
前年﹐有八名偉
大的科學家拯救
了地球的危機⚬

聽說雕像中的那
位少年﹐幫了很
大的忙呢﹗
哦﹗﹗
你長得跟雕像真
像﹗
真是巧啊﹗",,0,0,
,5a,6e78,,BLANK,16,done,,"每天晚上﹐我只
要抬起頭﹐看到
天空的裂縫時﹐
就會有種恐佈的
感覺⚬",,0,0,
,5a,6ebb,,BLANK,19,done,,"你們知道嗎﹖

那座雕像﹐就是
很久前﹐一個叫

做卡爾的科學家
建造的⚬

他可是八大科學
家之一喲﹐同時

也是雷德的祖先
聽說這名少年﹐

幫了他很大的忙
呢﹗

為了紀念這名少
年﹐所以蓋了這
座雕像⚬",,0,0,
,5a,6f6a,,BLANK,1C,done,,"嗚～嗚嗚～
普兒終於好了﹗
嗚嗚～
我再也不敢調皮
了﹗",,0,0,
,5a,6f9a,,BLANK,18,done,,"奇蹟之泉除了供
應神木養份外﹐

同時還是很有效
的解毒劑⚬",,0,0,
,5a,6fcc,,BLANK,24,done,,"真是神奇﹗神木
復原後的組織細

胞～
變得更強軔了⚬

一點都看不出﹐
曾經枯萎的跡像",,0,0,
,5a,7017,,BLANK,1F,done,,"嗚嗚嗚～～
我的心～
也已經枯萎了﹗
嗚嗚嗚～",,0,0,
,5a,703d,,BLANK,1A,done,,"神木裡的螞蟻不
見了﹖

太好了～
嘻嘻～
再約畢羅到那裡
去冒險吧﹗",,0,0,
,5a,707c,,BLANK,21,done,,"公公拿了奇蹟之
水給普兒喝了之

後﹐普兒就完全
好了﹗
真是老天爺的保
佑﹗",,0,0,
,5a,70bf,,BLANK,16,done,,"真是謝謝你們﹐
年輕人～",,0,0,
,5a,70d7,,BLANK,16,done,,"爸爸去逝之前﹐
曾一度說著他的

遺憾～雕像上的
那名少年﹐曾經
幫他一個大忙⚬

使他沒有造成更
大的錯誤⚬

啊﹗你長得和雕
像上的少年﹐真
是一模一樣⚬

或許是命運的安
排呀﹗
這個東西﹐是爸
爸一直想給那名
少年的⚬

現在就交給你了
爸爸～

你現在一定很高
興吧﹗",,0,0,
,5a,71c1,,BALLOT,BALLOT_1,done,,得到了ｘｘｘ﹗,,0,0,
,5a,71d0,,BLANK,16,done,,"爸爸～
你現在一定很高
興吧﹗",,0,0,
,5a,71ec,,BLANK,19,done,,"奇怪﹖
衛星電視為什麼
收不到訊號了﹖
真是氣人﹗
南邊的衛星雷達
站到底在做什麼
﹖

最近老是這樣﹗",,0,0,
,5a,7245,,BLANK,23,done,,"真是忙呀﹗
有了事業之後的
男人﹐真是忙碌
咦～你在看什麼
那幅照片裡的是
我們公司的創辦
人、也是我的祖
父～帕達⚬",,0,0,
script_sacredtree_village_3a_1,59,4b9e,,BLANK,18,done,,"奇蹟之泉除了供
應神木養份外﹐

同時還是很有效
的解毒劑⚬

但是現在乾涸﹐
神木也快要枯萎
了⋯⋯

附近因為神木的
緣故﹐都慢慢的
沙漠化⚬",,0,0,
script_sacredtree_village_3a_2,59,736c,,BLANK,18,done,,"奇蹟之泉除了供
應神木養份外﹐

同時還是很有效
的解毒劑⚬",,0,0,
script_sacredtree_village_3b_1,59,4c14,,BLANK,1F,done,,"老公一天到晚研
究植物﹐都不關
心我⚬

唉～如果我也變
成了植物﹐老公
會不會多關心我
一點呢﹖",,0,0,
,59,4c6c,,BLANK,1F,done,,"老公～
我有外遇了﹗",,0,0,
,59,4c82,,BLANK,24,done,,"哦～是這樣的啊
依神木的切片組
織來看的話﹐應
該是⋯⋯",,0,0,
,59,4cb7,,BLANK,1F,done,,嗚嗚～嗚嗚⋯,,0,0,
,59,4cc5,,BLANK,24,done,,"真是神奇﹗神木
就像是人類一樣

神木的內部發生
了不尋常的變化
﹐而漸漸枯萎⚬

為了對抗這種情
形﹐神木大量吸
收附近的養份、
水份⚬

所以才吸乾了奇
蹟之泉﹐並將附
近沙漠化了﹗",,0,0,
,59,4d63,,BLANK,1F,done,,"嗚嗚嗚～～
我早就沙漠化了
⋯⋯",,0,0,
script_sacredtree_village_3b_2,59,739e,,BLANK,24,done,,"真是神奇﹗神木
復原後的組織細

胞～
變得更強軔了⚬

一點都看不出﹐
曾經枯萎的跡像",,0,0,
,59,73e9,,BLANK,1F,done,,"嗚嗚嗚～～
我的心～
也已經枯萎了﹗
嗚嗚嗚～",,0,0,
script_sacredtree_village_3c_1,59,4d80,,BLANK,1A,done,,"嗚～嗚～
好⋯好熱⋯好痛
嗚嗚～嗚～
好可怕⋯",,0,0,
,59,4dab,,BLANK,21,done,,"普兒昨天不曉得
到哪兒玩了⋯
一回來後﹐整個
人就⋯⋯

醫生說是中毒了
怎麼會這樣﹖",,0,0,
script_sacredtree_village_3c_2,59,5339,,BLANK,1A,done,,"好痛⋯好熱⋯⋯
神木裡面⋯⋯
好可怕⋯

畢羅⋯⋯
趕快逃⋯⋯呀﹗

大⋯大螞蟻⋯
畢羅⋯趕快逃⋯",,0,0,
,59,538c,,BALLOT,BALLOT_5,done,,"神木裡面﹖
莫非她到過神木
裡面﹖
神木裡面發生了
什麼事嗎﹖

畢羅﹖
一起去的伙伴嗎

或許找到畢羅後
就可以知道當時
的情形了⚬",,0,0,
,59,53fb,,BLANK,1A,done,,"好痛⋯好熱⋯⋯
神木裡面⋯⋯
好可怕⋯

畢羅⋯⋯
趕快逃⋯⋯呀﹗

大⋯大螞蟻⋯

畢羅⋯趕快逃⋯",,0,0,
script_sacredtree_village_3c_3,59,740f,,BLANK,1A,done,,"神木裡的螞蟻不
見了﹖

太好了～
嘻嘻～
再約畢羅到那裡
去冒險吧﹗",,0,0,
,59,744e,,BLANK,21,done,,"公公拿了奇蹟之
水給普兒喝了之

後﹐普兒就完全
好了﹗
真是老天爺的保
佑﹗",,0,0,
,59,7491,,BLANK,16,done,,"真是謝謝你們﹐
年輕人～",,0,0,
script_sacredtree_village_3d_1,59,4df2,,BLANK,16,getchoice String_1cc5,,"唉～想聽聽我這
個老人憂鬱的勸
告嗎﹖",,0,0,
,59,4e17,,BLANK,16,done,,"唉～人生充滿了
遺憾⋯⋯",,0,0,
,59,4e2d,,BLANK,16,done,,"你真是個善良的
小孩⚬

在我還小的時候
爸爸曾說﹐他曾
經做過小偷⋯
有一次﹐他受人
之託﹐偷了一位
窮人家的傳家懷
錶⚬

結果﹐那位窮人
家一無所有後﹐

就傷心的上吊了
⋯⋯

事隔五十年～
爸爸去逝之前﹐
還一直責怪自己
年輕人呀～

千萬不要做出遺
憾的事情呀⋯",,0,0,
,59,4f14,,BLANK,19,done,,"奇怪﹖
衛星電視為什麼
收不到訊號了﹖
真是氣人﹗

南邊的衛星雷達
站到底在做什麼
最近老是這樣﹗",,0,0,
script_sacredtree_village_3d_2,59,74a9,,BLANK,16,done,,"爸爸去逝之前﹐
曾一度說著他的

遺憾～雕像上的
那名少年﹐曾經
幫他一個大忙⚬

使他沒有造成更
大的錯誤⚬

啊﹗你長得和雕
像上的少年﹐真
是一模一樣⚬

或許是命運的安
排呀﹗
這個東西﹐是爸
爸一直想給那名
少年的⚬

現在就交給你了
爸爸～

你現在一定很高
興吧﹗",,0,0,
,59,7593,,BALLOT,BALLOT_1,done,,"得到了～
神奇果實",,0,0,
,59,75a5,,BLANK,16,done,,"爸爸～
你現在一定很高
興吧﹗",,0,0,
,59,75c1,,BLANK,19,done,,"奇怪﹖
衛星電視為什麼
收不到訊號了﹖
真是氣人﹗
南邊的衛星雷達
站到底在做什麼
﹖

最近老是這樣﹗",,0,0,
script_sacredtree_village_3e,59,761a,,BLANK,23,done,,"真是忙呀﹗
有了事業之後的
男人﹐真是忙碌
咦～你在看什麼
那幅照片裡的是
我們公司的創辦
人、也是我的祖
父～帕達⚬",,0,0,
,59,7685,,BALLOT,BALLOT_5,done,,"糟糕～
要怎麼突破門口
的守衛﹖",,0,0,
,59,76a3,,LANTE,LANTE_0,done,,"擋路的傢伙
真是麻煩～

看我的～",,0,0,
,59,76c2,,2A,17,done,,ｚＺｚ～Ｚｚ～,,0,0,
script_sacredtree_village_3f,59,4f6a,,RANDT,06,done,,"地震這麼頻繁﹐

讓我無法專心地
製造『那個』﹗

真是傷腦筋～",,0,0,
,59,4fa1,,RANDT,06,done,,"製造～製造～

你是誰﹖
走開別擋著我﹗",,0,0,
,59,4fc7,,RANDT,06,done,,"哎呀～
得加緊製造．製
造．製造﹗

完成了這個的話
﹐呵呵～
那就不得了了﹗",,0,0,
,59,5009,,RANDT,06,done,,"你說什麼﹖
動力晶片﹖
你就是賽亞的兒
子﹐巴洛特嗎﹖

巴洛特的事﹐已
經在科學界傳開
了呢⚬

我也相當的有興
趣喲﹗
但是⋯動力晶片
現在還不能給你
在我的了不起的
發明完成前⋯",,0,0,
,59,50a5,,BALLOT,BALLOT_5,done,,了不起的發明﹖,,0,0,
,59,50b7,,RANDT,06,done,,沒．有．錯﹗,,0,0,
,59,50c7,,RANDT,06,done,,"根據我的偵測﹐
在距地球
１９３２光年
的弗烈茲星系﹐
出現了裂縫﹐
目前還持續擴大
中⚬

而南方的衛星雷
達站﹐正持續的
發射能量到裂縫
處⚬

動機真是可疑⚬",,0,0,
,59,5155,,RANDT,06,done,,"不過沒有時間探
討那麼多了﹗

我現在擔心的是
﹐神木的乾枯問
題在神木枯萎之
前﹐神木村早就
變成了沙漠﹗

我了不起的發明
﹐能使奇蹟泉水
再度回復⚬

但在那之前﹐要
先解決神木枯萎
的原因﹗
巴洛特呀﹐就麻
煩你了﹗",,0,0,
,59,520e,,RANDT,06,done,,"神木一定發生了
什麼變故﹐才會
漸漸的枯萎⚬

如果沒有找出問
題話﹐有再多的

奇蹟之泉都沒有
用⚬

巴洛特﹐就拜託
你了﹗",,0,0,
script_sacredtree_village_4521,5a,4521,,BLANK,13,done,,"這裡是神木村⚬

真是糟糕～
從神木的附近開
始﹐已經慢慢的
沙漠化了⚬

到底是怎麼回事
呢﹖",,0,0,
,5a,4572,,BLANK,15,done,,"你見過雷德了嗎
他們家世代都是
研究時間的科學
家喲﹗

他祖先也是八大
科學家之一喲﹗",,0,0,
,5a,45bd,,BLANK,14,done,,"供給神木養份的
奇蹟之泉乾涸了

神木吸收不到養
份﹐開始吸取周
圍的水份⚬

所以開始的沙漠
化⋯⋯
怎麼辦﹖

再這麼下去﹐連
村子都要變成沙
漠了﹗",,0,0,
,5a,4636,,BLANK,17,done,,"看到那尊雕像了
嗎﹖

在大約一百二十
年﹐有八名偉大
的科學家拯救了
地球的危機⚬

聽說雕像中的那
位少年﹐幫了很
大的忙呢﹗

哦﹗﹗你長得跟
雕像真像﹗
真是巧啊﹗",,0,0,
,5a,46c9,,BLANK,16,done,,"每天晚上﹐我只
要抬起頭﹐看到
天空的裂縫時﹐
就會有種恐佈的
感覺⚬",,0,0,
,5a,470c,,BLANK,19,done,,"神木的葉子慢慢
的枯掉了﹗

再這麼下去﹐神
木就要死掉了﹗
這就是神的遣責
嗎﹖
噢～神啊～
請原諒我們的罪
⋯⋯",,0,0,
,5a,476e,,BLANK,1C,done,,"昨天跟普兒去冒
險﹐結果遇到⋯

嗚～遇到可怕的
東西⋯⋯
我們都逃出來了
但是普兒卻生病
了﹗

嗚～嗚嗚～
好可怕～",,0,0,
,5a,47d5,,BLANK,18,done,,"奇蹟之泉除了供
應神木養份外﹐

同時還是很有效
的解毒劑⚬

但是現在乾涸﹐
神木也快要枯萎
了⋯⋯

附近因為神木的
緣故﹐都慢慢的
沙漠化⚬",,0,0,
,5a,484b,,BLANK,1F,done,,"老公一天到晚研
究植物﹐都不關
心我⚬

唉～如果我也變
成了植物﹐老公
會不會多關心我
一點呢﹖",,0,0,
,5a,48a3,,BLANK,1F,done,,"老公～
我有外遇了﹗",,0,0,
,5a,48b9,,BLANK,24,done,,"哦～是這樣的啊
依神木的切片組
織來看的話﹐應
該是⋯⋯",,0,0,
,5a,48ee,,BLANK,1F,done,,嗚嗚～嗚嗚⋯,,0,0,
,5a,48fc,,BLANK,24,done,,"真是神奇﹗神木
就像是人類一樣

神木的內部發生
了不尋常的變化
﹐而漸漸枯萎⚬

為了對抗這種情
形﹐神木大量吸
收附近的養份、
水份⚬

所以才吸乾了奇
蹟之泉﹐並將附
近沙漠化了﹗",,0,0,
,5a,499a,,BLANK,1F,done,,"嗚嗚嗚～～
我早就沙漠化了
⋯⋯",,0,0,
,5a,49b7,,BLANK,1A,done,,"嗚～嗚～
好⋯好熱⋯好痛
嗚嗚～嗚～
好可怕⋯",,0,0,
,5a,49e2,,BLANK,21,done,,"普兒昨天不曉得
到哪兒玩了⋯
一回來後﹐整個
人就⋯⋯

醫生說是中毒了
怎麼會這樣﹖",,0,0,
,5a,4a29,,BLANK,16,getchoice String_1cc5,,"唉～想聽聽我這
個老人憂鬱的勸
告嗎﹖",,0,0,
,5a,4a4e,,BLANK,16,done,,"唉～人生充滿了
遺憾⋯⋯",,0,0,
,5a,4a64,,BLANK,16,done,,"你真是個善良的
小孩⚬

在我還小的時候
爸爸曾說﹐他曾
經做過小偷⋯
有一次﹐他受人
之託﹐偷了一位
窮人家的傳家懷
錶⚬

結果﹐那位窮人
家一無所有後﹐

就傷心的上吊了
⋯⋯

事隔五十年～
爸爸去逝之前﹐
還一直責怪自己
年輕人呀～

千萬不要做出遺
憾的事情呀⋯",,0,0,
,5a,4b4b,,BLANK,19,done,,"奇怪﹖
衛星電視為什麼
收不到訊號了﹖
真是氣人﹗

南邊的衛星雷達
站到底在做什麼
最近老是這樣﹗",,0,0,
,5a,4ba1,,RANDT,06,done,,"地震這麼頻繁﹐

讓我無法專心地
製造『那個』﹗

真是傷腦筋～",,0,0,
,5a,4bd8,,RANDT,06,done,,"製造～製造～

你是誰﹖
走開別擋著我﹗",,0,0,
,5a,4bfe,,RANDT,06,done,,"哎呀～
得加緊製造．製
造．製造﹗

完成了這個的話
﹐呵呵～
那就不得了了﹗",,0,0,
,5a,4c40,,RANDT,06,done,,"你說什麼﹖
動力晶片﹖
你就是賽亞的兒
子﹐巴洛特嗎﹖

巴洛特的事﹐已
經在科學界傳開
了呢⚬

我也相當的有興
趣喲﹗
但是⋯動力晶片
現在還不能給你
在我的了不起的
發明完成前⋯",,0,0,
,5a,4cdc,,BALLOT,BALLOT_5,done,,了不起的發明﹖,,0,0,
,5a,4cee,,RANDT,06,done,,沒．有．錯﹗,,0,0,
,5a,4cfe,,RANDT,06,done,,"根據我的偵測﹐
在距地球
１９３２光年
的弗烈茲星系﹐
出現了裂縫﹐
目前還持續擴大
中⚬

而南方的衛星雷
達站﹐正持續的
發射能量到裂縫
處⚬

動機真是可疑⚬",,0,0,
,5a,4d8c,,RANDT,06,done,,"不過沒有時間探
討那麼多了﹗

我現在擔心的是
﹐神木的乾枯問
題在神木枯萎之
前﹐神木村早就
變成了沙漠﹗

我了不起的發明
﹐能使奇蹟泉水
再度回復⚬

但在那之前﹐要
先解決神木枯萎
的原因﹗
巴洛特呀﹐就麻
煩你了﹗",,0,0,
,5a,4e45,,RANDT,06,done,,"神木一定發生了
什麼變故﹐才會
漸漸的枯萎⚬

如果沒有找出問
題話﹐有再多的

奇蹟之泉都沒有
用⚬

巴洛特﹐就拜託
你了﹗",,0,0,
,5a,4eb0,,BLANK,16,done,,"怎麼辦﹖
普兒被不知名的
怪物咬傷﹐中毒
了﹗

但是奇蹟之泉卻
乾涸了﹗
要怎麼辦﹖",,0,0,
,5a,4efa,,BLANK,16,done,,"怎麼辦﹖
普兒被不知名的
怪物咬傷﹐中毒
了﹗

但是奇蹟之泉卻
乾涸了﹗

要怎麼辦﹖
她一直唸著⋯
大樹裡面⋯
大樹裡面⋯
到底什麼意思﹖",,0,0,
,5a,4f70,,BLANK,1A,done,,"好痛⋯好熱⋯⋯
神木裡面⋯⋯
好可怕⋯

畢羅⋯⋯
趕快逃⋯⋯呀﹗

大⋯大螞蟻⋯
畢羅⋯趕快逃⋯",,0,0,
,5a,4fc3,,BALLOT,BALLOT_5,done,,"神木裡面﹖
莫非她到過神木
裡面﹖
神木裡面發生了
什麼事嗎﹖

畢羅﹖
一起去的伙伴嗎

或許找到畢羅後
就可以知道當時
的情形了⚬",,0,0,
,5a,5032,,BLANK,1A,done,,"好痛⋯好熱⋯⋯
神木裡面⋯⋯
好可怕⋯

畢羅⋯⋯
趕快逃⋯⋯呀﹗

大⋯大螞蟻⋯

畢羅⋯趕快逃⋯",,0,0,
,5a,5086,,BLANK,1C,done,,"神木裡面﹖
我和普兒昨天到

神木裡面去冒險
結果﹐在裡面碰

到了可怕的大螞
蟻﹗

人家一時就腳軟
了﹐普兒為了把
我推出神木﹐被
螞蟻咬傷了﹗
嗚～嗚～",,0,0,
,5a,510a,,BALLOT,BALLOT_5,done,,"神木裡面﹖
神木外表平滑﹐
除了乾枯之外﹐
並沒有進入的洞
口啊﹖",,0,0,
,5a,5148,,BLANK,1C,done,,"這個給你﹗
我和普兒﹐就是
用這個繩勾﹐爬
到樹上的⚬

神木的入口就在
樹上⚬

我再也不敢到神
木那裡玩了﹗",,0,0,
,5a,51a8,,BALLOT,BALLOT_5,done,,得到了繩勾﹗,,0,0,
,5a,51b7,,BLANK,1C,done,,"神木的入口就在
樹上⚬

我再也不敢到神
木那裡玩了﹗",,0,0,
,5a,51e8,,47,6F,done,,"人類⋯
又來了嗎﹖

發現者⋯⋯死﹗",,0,0,
,5a,5208,,BALLOT,BALLOT_5,done,,"看樣子﹐星獸正
在抽取神木的能
量⚬神木也才因此而
枯萎⚬

到底星獸抽取能
量的目的何在呢",,0,0,
,5a,525c,,40,69,done,,"什麼﹗﹗
連自然能源都停
止抽取了﹖

是那個叫做巴洛
特的傢伙嗎﹖

氣死我了﹗",,0,0,
,5a,529f,,40,69,done,,給我殺﹗﹗﹗,,0,0,
,5a,52ac,,RANDT,46,done,,"完成了﹗
真是了不起呀﹗
時光．實試１號
完成了﹗",,0,0,
,5a,52d8,,LANTE,45,done,,"什麼﹖
星獸從神木的內
部抽取能量﹖
難怪會造成神木
的枯萎﹗

為什麼要抽取神
木的能源呢﹖",,0,0,
,5a,532b,,LANTE,06,done,,"不過目前最要緊
的﹐就是回復奇
蹟之泉了﹗",,0,0,
,5a,5350,,BALLOT,BALLOT_5,done,,"這就是能產生泉
水的機器嗎﹖",,0,0,
,5a,5369,,LANTE,06,done,,"錯﹗就相對論來
說﹐無中生有是
不可能的﹗

既然『現在』沒
有泉水了﹐我們

就到『過去』拿

對﹗
就是如此﹐真是
只有我才想得出
來⚬",,0,0,
,5a,53d7,,LANTE,46,done,,"我這就到過去取
來奇蹟泉水﹗",,0,0,
,5a,53f2,,LANTE,43,done,,"一個人做這種事
的話﹐真是沒有
安全感啊﹗

巴洛特啊﹐讓我
們一起來見證這
偉大的發明吧﹗",,0,0,
,5a,5447,,BALLOT,BALLOT_5,done,,"啊﹗
是⋯⋯是的⚬",,0,0,
,5a,5459,,LANTE,06,done,,"出發了﹗
時光．實驗１號
到十年前的神木
村﹗",,0,0,
,5a,5483,,20,30,done,,"回溯⋯⋯７年～
⋯⋯８年～⋯",,0,0,
,5a,549f,,LANTE,06,done,,"見到這種歷史性
的革新發明﹐真

是叫人心曠神宜
～",,0,0,
,5a,54d0,,20,30,done,,"回溯⋯１０年～
⋯⋯１３年～⋯",,0,0,
,5a,54ed,,LANTE,46,done,,"慢慢慢著﹗
不是１０年嗎﹖",,0,0,
,5a,5506,,BALLOT,BALLOT_5,done,,⋯⋯⋯,,0,0,
,5a,550e,,20,30,done,,"回溯⋯３５年～
⋯⋯４３年～",,0,0,
,5a,552a,,LANTE,45,done,,"爛機器﹗
快給我停下來﹗",,0,0,
,5a,5541,,20,30,done,,"警告～警告﹗
系統過載～
過載～",,0,0,
,5a,555f,,LANTE,45,done,,"難道⋯⋯
我就要消失在這
個時空的夾縫中
了嗎﹖

還好～
我就說嘛～
一個人太沒有安
全感了﹗

巴洛特﹐你不會
孤獨的﹗
真應該要感謝我
的體貼⚬",,0,0,
,5a,55da,,BALLOT,BALLOT_3,done,,"現在⋯
不是說這種話的
時候吧﹗
快想想辦法吧﹗",,0,0,
script_sacredtree_village_55_1,59,5279,,BLANK,16,done,,"怎麼辦﹖
普兒被不知名的
怪物咬傷﹐中毒
了﹗

但是奇蹟之泉卻
乾涸了﹗
要怎麼辦﹖",,0,0,
,59,52c3,,BLANK,16,done,,"怎麼辦﹖
普兒被不知名的
怪物咬傷﹐中毒
了﹗

但是奇蹟之泉卻
乾涸了﹗

要怎麼辦﹖
她一直唸著⋯
大樹裡面⋯
大樹裡面⋯
到底什麼意思﹖",,0,0,
script_sacredtree_village_55_2,59,6f51,,BLANK,16,done,,"啊﹗泉水又滿了
真是謝謝你們﹗
普兒有救了﹗",,0,0,
,59,6f79,,STAR_BEAST,6A,done,,"喀～喀～

能源⋯計劃⋯

阻礙者⋯⋯殺﹗",,0,0,
,59,6f9e,,BALLOT,BALLOT_5,done,,"看來星獸的狙擊
目標是我﹗",,0,0,
,59,6fb9,,LANTE,06,done,,"可能是因為﹐你
破壞了他們抽取
能源的計劃⚬

為了怕你再有其
他的破壞行動﹐

而痛下殺手的吧
﹗",,0,0,
,59,700f,,BALLOT,BALLOT_5,done,,"星獸們抽取能源
﹐到底是什麼目
的﹖",,0,0,
,59,7030,,LANTE,06,done,,"這我就不清楚了
不過﹐據我的追
蹤﹐發現原本有
三股強大的能源
正籍由南方的衛
星雷達站﹐被發
送到太空⚬

我想這也就是星
獸的目的了⚬

巴洛特一定認為
﹐我也有個清晰
的頭腦吧﹗",,0,0,
,59,70c9,,BALLOT,BALLOT_5,done,,"南方的衛星雷達
站﹖

星獸所謂『計劃
』﹐到底是什麼

為了消除心中的
不安﹐我一定要
解開這個謎﹗",,0,0,
script_sacredtree_village_56_1,5a,5ac1,,55,18,done,,"怎麼辦⋯
怎麼辦⋯
爸爸留下來的懷
錶⋯不見了﹖

我已經什麼都沒
有了﹐如今又遺

失了爸爸遺留的
懷錶⋯⋯

那是爸媽飛機失
事前﹐給帕達最
後的遺物⋯⋯
我什麼都沒有了
再活下去⋯
有什麼意義呢﹖",,0,0,
script_sacredtree_village_56_2,5a,634a,,55,18,done,,"我終於找到我的
懷錶了﹗
爸爸～媽媽﹗
我一定會振作的",,0,0,
script_sacredtree_village_57_1,5a,5b68,,54,20,done,,"咭咭咭咭～
到手了﹗

終於到手了﹗
你鬼鬼崇崇的看
什麼東西﹖
這些都是我珍貴
的收藏﹗",,0,0,
script_sacredtree_village_57_2,5a,6273,,54,20,done,,"什麼﹖那傢伙想
拿回懷錶﹖
做夢﹗
這可是我的收藏
﹗",,0,0,
,5a,62a5,,54,20,done,,"無論如何﹐都想
拿回懷錶嗎﹖

哼﹗看來那傢伙
沒有告訴你﹐惹
火我的下場﹗",,0,0,
,5a,62e8,,54,20,done,,"可⋯可惡﹗
不⋯不要再打了
我知道錯了⋯",,0,0,
,5a,6311,,BALLOT,BALLOT_5,done,,得到傳家懷錶﹗,,0,0,
,5a,6321,,54,20,done,,"可⋯可惡﹗
不⋯不要再打了
我知道錯了⋯",,0,0,
script_sacredtree_village_58,5a,5bb6,,56,1E,done,,"卡爾大哥～
你好棒喲﹗

嘻嘻～
姐姐在睡覺時﹐
常常這樣講喲﹗
姐姐好奇怪～

睡覺還會講話﹗
嘻嘻～",,0,0,
,5a,5c0c,,BLANK,21,done,,"卡爾最近為了什
麼方程式的﹐一

定把身體累壞了
要趕快燉一鍋超
級的補湯﹐給我
的小爾爾喝～",,0,0,
,5a,5c61,,BLANK,21,done,,"啊﹗你聽到了﹖
人家⋯

人家沒有說出什
麼奇怪的稱呼啦
真是討厭﹗
人家最討厭卡爾
大哥了﹗",,0,0,
script_sacredtree_village_59_1,5a,5cb0,,BLANK,1B,done,,"唉～還是⋯
拿回來⋯⋯
可是⋯⋯

昨天做了一件事
情﹐拿到了不少
的酬勞⚬

但是今天看到那
個人⋯⋯
我真的好後悔⋯",,0,0,
,5a,5d17,,BALLOT,BALLOT_5,done,,"這裡到底是哪裡
到底是哪裡的時
空﹖
天空⋯
為什麼也有道裂
縫﹖

月亮也泛著藍光
這裡到底是哪裡",,0,0,
script_sacredtree_village_59_2,5a,611e,,BLANK,1B,done,,"我受不了了﹐我
一定要講出來﹗

姆斯看上了帕達
的傳懷錶﹐要我
將它偷了出來⋯

但是一見到帕達
那種失落的表情

﹐就為我的行為
感到懊悔⚬

於是我把錢退還
給姆斯﹐但他還

是不肯歸還懷錶
我⋯我對不起帕
達⋯
我不曉得⋯

這懷錶對他的意
義如此的重大⋯",,0,0,
,5a,61fa,,BLANK,1B,done,,"這不是⋯帕達的
懷錶嗎﹖
真是謝謝你﹗

如此一來﹐帕達
一定可以重新再
振作起來的﹗",,0,0,
,5a,6241,,BLANK,1B,done,,"真是謝謝你﹗
如此一來﹐帕達
一定可以重新再
振作起來的﹗",,0,0,
script_sacredtree_village_past_28_2,5a,5d6f,,LANTE,06,done,,"巴洛特﹐你醒了
呀﹗

哈哈哈～
在那種危機下﹐

我們還能平安的
活下來⚬

真是要感謝我那
體貼的安全設計",,0,0,
,5a,5dcc,,BALLOT,BALLOT_5,done,,"這裡到底是哪裡
﹗",,0,0,
,5a,5de0,,LANTE,06,done,,"這才是了不起的
地方﹗

你知道嗎﹖
我們居然來到了
１２０年前的神
木村﹗

而且更了不起的
是﹐就我在腦中
搜尋的結果﹐發
現到～

卡爾就是我的曾
祖父喲﹗",,0,0,
,5a,5e65,,BALLOT,BALLOT_4,done,,"真⋯真是驚人﹗

為什麼１２０年
前﹐星系也同樣
的出現裂縫呢﹖

世界也同樣的出
現星獸﹖",,0,0,
,5a,5eb7,,LANTE,06,done,,"嗯～我也是這麼
想的⚬

記得八大科學家
拯救地球的事情
嗎﹖

或許﹐想的就是
這件事﹗",,0,0,
,5a,5f03,,BALLOT,BALLOT_3,done,,"這麼說來﹐爸爸
一直尋找的﹐也

就是修補星系裂
縫的方法了﹖",,0,0,
,5a,5f39,,LANTE,06,done,,"真是糟糕﹗
我的時光．實驗
一號﹐變得亂七
八糟了﹗

奇蹟之水就在那
邊﹐真是如我所
料﹐這裡的神木
還是正常的﹗

等我一修好﹐我
們就馬上回去⚬",,0,0,
,5a,5fb9,,LANTE,06,done,,"真是糟糕﹗
我的時光．實驗
一號﹐變得亂七
八糟了﹗

奇蹟之水就在那
邊﹐真是如我所
料﹐這裡的神木
還是正常的﹗

等我一修好﹐我
們就馬上回去⚬",,0,0,
,5a,6039,,0F,0F,done,,"嗶達嗶～達達～
嗶～",,0,0,
,5a,604f,,BALLOT,BALLOT_5,done,,得到奇蹟之水﹗,,0,0,
,5a,605f,,BALLOT,BALLOT_4,done,,"爆炸聲是從神木
村傳來的﹗

發生了什麼事﹖",,0,0,
script_sacredtree_village_past_5b_1,5a,5608,,BALLOT,BALLOT_5,done,,"這裡是哪裡﹖
平安降落了嗎﹖",,0,0,
,5a,5623,,BALLOT,BALLOT_5,done,,"這裡是哪裡﹖
得詳細的問清楚",,0,0,
,5a,563f,,BLANK,70,done,,"哎呀﹗醒了嗎﹖

嗯～在神木前發
現了你們二個人

另外那個人叫做
雷德嗎﹖
雖然比起我的發
明﹐還略為那麼
遜色了一點⚬

但還是個很了不
起的發明喲﹗",,0,0,
,5a,56c3,,BALLOT,BALLOT_5,done,,"真是謝謝你⚬
這種語氣聽來真
是熟悉⋯",,0,0,
,5a,56e8,,BLANK,70,done,,"不用客氣⚬
我是時空科學家
卡爾⚬",,0,0,
,5a,570a,,48,70,done,,"星系產生了破洞
﹐地球就要出現

危機⚬
我們八名頂尖的
科學家為了挽救
這個危機﹐齊聚
在一起⋯

唉～所有的步驟
都完成了﹐就只

剩我的修補時空
方程式尚未解出

不過從雷德的時
光機裡﹐給了我
一個靈感喲﹗

你的朋友正在神
木那裡⚬

不要再吵我了﹐
這種源源不斷的

靈感﹐我要好好
的把握﹗",,0,0,
,5a,5806,,48,70,done,,"先是這樣⋯
再切入點時混入
那個⋯哎呀﹗
吵死人了﹗

你的朋友正在神
木那裡⚬

不要再吵我了﹐
這種源源不斷的

靈感﹐我要好好
的把握﹗

為了修補星系的
裂縫﹐得儘快完
成方程式才行⚬",,0,0,
script_sacredtree_village_past_5b_2,5a,637c,,48,70,done,,"完蛋了﹗
修補時空裂縫的
方程式﹐終於完
成了﹗

但是﹐就在剛才
一群星獸闖了進

來﹐搶走了方程
式﹗

還將我的設備﹐
全部搗毀⚬",,0,0,
,5a,63ee,,48,70,done,,"方程式就像是雙
面刃一樣﹐除了

可以修補裂縫之
外～
如果以逆向執行
的話﹐就可以⋯
就可以⋯

唉～這就是我能
力的可怕之處⋯",,0,0,
,5a,645e,,BALLOT,BALLOT_5,done,,就可以怎麼樣﹖,,0,0,
,5a,646e,,48,70,done,,"如果逆向執行的
話﹐就可以將星
系的裂縫擴大﹗

以現在的狀況﹐
如果裂縫如果再

擴大的話﹐將會
影響到星體相互

間的引力﹗
到時候﹐就會引
發一場很可怕的
災難﹗",,0,0,
,5a,6502,,BALLOT,BALLOT_4,done,,"這就糟了﹐得拿
回方程式才行﹗",,0,0,
,5a,6520,,48,70,done,,"南方的衛星雷達
站﹐聚集了許多

的星獸⚬
要將程式送到裂
縫處﹐那裡是最
好的發射站台﹗

巴洛特真是個見
義勇為的好人﹗

一定要將方式程
搶回來喲﹗",,0,0,
,5a,65a6,,BALLOT,BALLOT_5,done,,"這個個性﹐跟某
個人還真像⋯⋯
南方的衛星雷達
站嗎﹖
我了解了﹗",,0,0,
,5a,65dd,,48,70,done,,"南方的衛星雷達
站﹐聚集了許多

的星獸⚬
要將程式送到裂
縫處﹐那裡是最
好的發射站台﹗

巴洛特真是個見
義勇為的好人﹗

一定要將方式程
搶回來喲﹗",,0,0,
script_sacredtree_village_past_5b_3,5a,67bc,,48,70,done,,"沒錯﹗這就是我
的方程式﹗

巴洛特﹐真是非
常的感謝你﹗

還有不曉得為什
麼﹐只要一見到
雷德﹐就有一種
很熟悉的感覺﹗",,0,0,
,5a,6829,,48,70,done,,"唉～裂縫的持續
擴大﹐使得更強

力的星獸能從裂
縫鑽出⚬

不能再這麼下去
了⚬

另外的七位伙伴
一定久等了吧﹗

總部的『那個』
應該完工了吧﹗

要趕緊和他們會
合才行﹗

巴洛特﹐我一定
不會忘記你的﹗

我會想辦法﹐讓
所有的人都不要
忘記你的﹗",,0,0,
script_shanda_farm_1,12,5b82,,BLANK,17,done,,"這裡是牧羊的農
莊小鎮～
山達農莊⚬","Welcome to Mountreach Farm, the town of shepherds.",0,0,
,12,5ba7,,BLANK,20,done,,"興奮～哈哈哈～
興奮～哈哈哈～

天氣真好～
興～興奮～","Woohoo! Hahaha!

Heeheehee! Hohoho!

Weather's great!

Eeheeheehee!",0,0,
,12,5bd5,,BLANK,12,done,,"真是可怕⋯前陣
子的流星雨﹐擊
中西邊的咖啡林
裡的咖啡樹⚬

因此變成了咖啡
星怪﹗咖啡怪有
時會飄來一陣咖
啡的香氣～

聞到的人都會變
得異常的興奮⚬","How terrible... Meteors from the shower from some time ago hit a coffee tree in the Coffee Forest, which turned into a coffee Star Beast!

That monster sometimes emits a burst of coffee scent...

Those who smell it become incredibly excited.",0,0,
,12,5c51,,BLANK,1D,done,,"聽說加爾企業啊
哈哈⋯就是那個
哈哈哈⋯嗚～
一想到就～嗚～
好．興．奮﹗","I heard that Gale Cohoho... Ahaha... Thahahat's... Whee!

The thought ohohohof... Whoo!

I'm! On! FIRE!",0,0,
,12,5c92,,BLANK,21,done,,"每次只要一聞到
咖啡的味道﹐我
就會趕把鼻子捏
起來﹐有一次還
差點就殺死自己
了⋯
加爾企業的董事
長重金尋找他失
散的孫子⚬

我一定要找到
才行﹗","Every time I smelled coffee, I would pinch my nose, and almost suffocated once because of that...

Gale Corp's chairman is offering a lot of money to anyone who can find his long-lost grandson. 

I must find him!",0,0,
,12,5d14,,BLANK,19,done,,"嗚哦哦哦﹗
這⋯這是什麼﹖

一股力量從我這
八十歲的腳底﹐

蔓延到我這八十
歲的身體﹗﹗
嗚哦哦哦哦哦﹗
我是～女超人嗎
﹖","Oooooh! 

What... what is this? 

A power, coursing through my 80 year-old body, from my feet to my head! 

WOOOOOH! 

Am I... a superwoman?",0,0,
,12,5d7a,,BLANK,1A,done,,"嗚～嗚～大家都
變得好奇怪哦﹗

嗚嗚～人家不要
啦﹗","Waaah! Everyone's acting so weird!

I'm scared! Waaah!",0,0,
script_shanda_farm_12_1,12,5dab,,BLANK,23,done,,"咖啡林的咖啡怪
真是可怕﹗一聞
到牠的氣味﹐人
都會變得非常的
興奮﹗我得要將
門窗關緊才行﹗","The coffee monster lurking in Coffee Forest is real scary! 

I heard that people who smell its scent go completely mad! 

I should close all the doors and windows...",0,0,
,12,5dff,,BLANK,25,done,,"聽說馬克被瘋狂
的羊群撞成重傷
﹐而他的妹妹～
妮娜為了照顧他
﹐把所有值錢的
東西都賣了﹗

他們的老闆還因
為不要照顧病人
﹐而把他們解雇
了﹗真是可憐⋯","I heard that Mark was seriously injured by crazy sheep and his sister, Nina, sold all of her valuables to take care of him!

Their old boss also fired them for not taking care of the sick... How terrible!

",0,0,
script_shanda_farm_12_2,12,673b,,BLANK,23,done,,"其實⋯從很早以
前﹐我就發現～

妮娜是個大美女
哦﹗
只要她再花點心
打扮一下的話﹐
就不得了﹗","In fact... I found out some time ago that Nina's a real beauty!

Would she give what she wears a bit more thought, she'd truly be gorgeous!",0,0,
script_shanda_farm_13,12,5e82,,24,22,done,,"開什麼玩笑﹗馬
克被瘋狂的羊撞
傷了﹐才不是我
的錯﹗只能怪他
不小心﹗妮娜還
因為這樣﹐一直
都沒來工作﹗

我對他們實在是
太好了﹗他們才
會這麼放肆﹗從
現在開始﹐他們
二個都不用來工
作了﹗","You're kidding me! 

It's not my fault that Mark got attacked by crazy sheep, it's his fault for being careless!

And Nina stopped coming to work because of that! And when I was so good to them! 

These ungrateful little brats! Fine, from now on, they won't have to come to work... ever!",0,0,
,12,5f2e,,BLANK,21,done,,"真是麻煩⋯
看樣子﹐馬克
傷得非常的重﹗

要是沒有
天使之葉的話﹐
恐怕是
救不活了﹗

為了減少不必要
的麻煩﹐
解雇他們是非常
正確的選擇⚬","What a pain... It looks like Mark is very badly hurt! Without an Angel Leaf, I'm afraid there's no saving him! 

We don't want any unnecessary trouble, so firing them was the right choice.",0,0,
script_shanda_farm_14_1,12,5fa8,,BLANK,1E,done,,"鳴哇～嗚～媽媽
變得好可怕啊﹗",Sniff... Waaah... Mom has become so scary!,0,0,
,12,5fc7,,BLANK,1F,done,,"呵呵呵～啊﹗﹗
這個切菜聲⋯⋯

怎麼會叫人這麼
興奮﹗興奮興奮
興奮興奮﹗切骨
聲﹖要是聽到切
骨聲的話﹐會更
興奮吧﹖

老公～切骨聲﹗","Ohohohoho!

The sweet sound of chopping greens...

Why is everyone so excited? Wheehee!

Chop chop chop chop chopping bones...

The sweet sound of chopping bones...?

Wouldn't the sound of chopping bones be more exciting?

Daaarliiing~ Chopping bones!",0,0,
,12,6032,,BLANK,18,done,,"老⋯老⋯老婆﹖
妳拿著菜刀做什
麼﹖不⋯不要過
來﹗﹗","D... Dear? 

What are you doing with the kitchen knife? 

No... S-stay away!",0,0,
,12,6064,,BLANK,18,done,,"老婆從街上回來
後﹐彷彿就變了
一個人﹗

一定是聞到了咖
啡怪的氣味⚬

這該怎麼辦才好
﹖","When my wife came back from going outside, she was like a completely different person!

She must have caught a whiff of the coffee monster's scent.

What am I supposed to do?",0,0,
script_shanda_farm_14_2,12,6796,,BLANK,1E,done,,"媽媽又變成原來
的媽媽了﹗
真是太好了⚬",Mom is back to her old self! I'm so relieved.,0,0,
,12,67b8,,BLANK,1F,done,,"發生了什麼事情
嗎﹖

為什麼老公跟小
孩都那麼看我﹖

真是奇怪﹗
啊﹗為什麼到處
都有被刀剁過的
痕跡﹗","What happened? 

Why are my husband and child looking at me like that? How weird!

Ah! Why are there knife nicks everywhere?",0,0,
,12,6812,,BLANK,18,done,,"就是你打敗了咖
啡怪的嗎﹖

真是非常的感謝
你﹗
不然的話﹐我可
能就慘死在菜刀
底下了⋯⋯","Are you the one who defeated the coffee monster? Thank you so much! 

Otherwise, I might've ended up chopped into tiny cubes...

",0,0,
,12,6864,,BLANK,18,done,,謝謝你﹗,"Thank you!

",0,0,
script_shanda_farm_15_1,12,60b5,,BLANK,16,done,,"山達農莊原來是
盛產咖啡豆及天

使之葉的小鎮⚬
天使之葉﹖

呵呵～不論是多
重的傷﹐只要有
天使之葉的話﹐
都不是問題唷﹗

但自從咖啡林被
咖啡怪佔據後﹐
這些全部都沒有
人敢去採收了⋯","Mountreach Farm is a small town that produces coffee beans and Angel Leaves!

What's an Angel Leaf?

Heh heh! No matter how serious an injury is, you can heal it with an Angel Leaf!

But since a coffee monster appeared in Coffee Forest, no one has dared to go harvest them...",0,0,
script_shanda_farm_15_2,12,686f,,BLANK,16,done,,"現在是咖啡的盛
產季節﹐得趕緊

採收才行﹗","It's coffee season, we have to hurry and harvest it!

",0,0,
script_shanda_farm_2,12,6550,,BLANK,20,done,,"咖啡林的咖啡怪
消失了﹖

這真是個好消息
﹗
為了表示慶祝﹐
我決定煮一杯超
濃的咖啡～

好好的興奮個夠
﹗","The coffee monster in Coffee Forest is gone? 

That's great news! 

To celebrate, I'll make myself a super-strong cup of coffee... I need more excitement!",0,0,
,12,65ab,,BLANK,12,done,,"真是可怕⋯
前陣子的流星雨
﹐擊中西邊的咖

啡林裡的咖啡樹
⚬

因此變成了咖啡
星怪﹗
咖啡怪有時會飄
來一陣咖啡的香
氣～

聞到的人都會變
得異常的興奮⚬","How terrible... Meteors from the shower from some time ago hit a coffee tree in the Coffee Forest, which turned into a coffee Star Beast!

That monster sometimes emits a burst of coffee scent...

Those who smell it become incredibly excited.",0,0,
,12,6629,,BLANK,1D,done,,"好像做了一個興
奮的夢～
可是又好像是真
的⋯⋯","It feels like I was having a super-exciting dream...

But it might not have been one, after all...",0,0,
,12,6655,,BLANK,19,done,,"剛剛做了一個夢
～

夢到我這八十歲
的老人﹐竟然是
個～女．超．人
．唷﹗

真是令人不好意
思⋯⋯

不過這真是個累
人的夢⚬
這八十歲的身體
﹐累得像要散了
一樣﹗","I just had a dream... Little 80 year-old me was a superwoman!

How embarrassing that was... 

But it was a really exhausting dream. My poor 80 year-old body feels like its going to crumble right here and now!",0,0,
,12,66e4,,BLANK,1A,done,,"馬克哥哥平常都
會說故事給我們
聽唷﹗

他是全世界最棒
的人﹗
媽媽都說他有一
種很特殊的氣質
唷﹗","Mark often tells us stories!

He's the best person in the whooole world!

Mom always says that he has a very unique personality!",0,0,
script_shop,12,7f05,,19,22,line,,"需要什麼服務嗎
﹖",Do you need something?,0,0,
script_sky_city_1,4f,4de3,,BLANK,16,done,,"這裡是天之都⚬
那棟最高的建築
物﹐就是有名的
邦林科技大樓⚬","Welcome to Sky City.

You see this tall building over there?

That's the head office of the famous Bang Lin Entreprises.",0,0,
,4f,4e1c,,BLANK,16,done,,"邦林科技要甄選
『復古風項鍊』
的女性代言人⚬

所以舉辦了一場
選秀會⚬

每個女孩為了要
選購華麗的衣服
都拚得你死我活
呢⚬","Bang Lin is currently looking for a female spokesperson to promote their 'Retro Necklace', so they're holding a talent show.

All girls are ready to tear each-other apart to buy the most gorgeous clothes.",0,0,
,4f,4e8b,,BLANK,16,done,,鼻血止不住⋯,My nose won't stop bleeding...,0,0,
,4f,4e9b,,BLANK,14,done,,"真是糟糕﹗
少爺又偷偷從課
堂中溜走了﹗

要到哪裡找呢﹖


真是個調皮的傢
伙﹗","Oh no!

The young master sneaked out of the classroom again!

Where could he have gone to this time?

What a naughty kid!",0,0,
,4f,4ee0,,BLANK,12,done,,"邦林企業總裁的
爺爺﹐也是拯救
地球的八大科學
家之一喲⚬

把科技的精神企
業化﹐是邦林企
業的口號⚬","The grandfather of Bang Lin's current president is also one of the 8 scientists who saved the Earth.

Putting the spirit of science at the entreprise's service is Bang Lin's motto.",0,0,
,4f,4f38,,BLANK,13,done,,"哎呀～
不要丟髒我的新
衣服唷﹗

你看～漂亮嗎﹖
這可是我要參加
選秀會的衣服唷
﹗","Hey!

Don't you dare put dirt on my new clothes!

See how pretty they are?

That's my dress for the talent show!",0,0,
,4f,4f81,,21,31,done,,"噁～噁～喵～
噁～﹗",Mmrraaaow!,0,0,
,4f,4f98,,BLANK,15,done,,"怎麼辦⋯
人家買不到衣服","What to do...

I can't buy any clothes...",0,0,
,4f,4fb0,,BLANK,1D,done,,"好慢哦～
前面的怎麼這麼
慢啦﹗

再慢一點的話﹐
就買不到新衣服
了⋯","Come onnn!

Why is the front of the line moving so slowly!?

If it goes any slower, I won't be able to buy new clothes...",0,0,
,4f,4fec,,BLANK,1A,done,,"邦林科技選秀會
的獎品﹐很漂亮
喲﹗

復古風造型的項
鍊⚬

尤其是鑲在裡面
的古代晶片﹐更
是價值連城唷﹗","The prize for Bang Lin Entreprise's talent show is very beautiful!

It's a retro-styled necklace.

And the ancient chip embedded in it is the most valuable part of it all!",0,0,
,4f,5048,,BLANK,1C,done,,"爸爸說﹐在邦林
企業裡工作﹐才
能算是真正的男
人⚬

我以後長大也要
在裡面工作⚬","Dad said that if you work at Bang Lin, you'll be considered as a real man of talent.

I want to work there when I grow up!",0,0,
script_sky_city_2,4f,6b41,,BLANK,13,done,,"哎呀～
選秀會就要開始
了～
真是緊張﹗","Oh dear!

The talent show is about to start... I'm so nervous!",0,0,
,4f,6b67,,BLANK,13,done,,"恭喜你～
妮娜小姐～","Congratulations, Miss Nina!

",0,0,
,4f,6b7c,,21,31,done,,"噁～噁～喵～
噁～﹗","Meow maoooow!

",0,0,
,4f,6b93,,BLANK,15,done,,"怎麼辦⋯
選秀會就要舉行
了﹐人家還沒有
新衣服～
人家不比了啦﹗","What to do...

The talent show starts soon, and I still don't have new clothes...

I can't participate!

",0,0,
,4f,6bcf,,BLANK,1D,done,,"嗚～可惡的麗子～
都是她﹐害我買
不到新衣服﹗","Waah... Lizzy's so mean!

Because of her, I can't buy any new clothes!

",0,0,
script_sky_city_3,4f,798c,,21,31,done,,"嘔～呃～喵～呃
哽⋯哽住了﹗","Erk... Urk.. Meork...

I'm ch-choking!",0,0,
,4f,79aa,,CLAUDE,CLAUDE_1,done,,怎麼回事﹖,What happened?,0,0,
,4f,79b7,,21,31,done,,"喵～啊﹗
終於吐出來了﹗

就是這個石頭﹐
卡在喉嚨裡好久
了﹗","Mawwah!

Finally managed to spit it out!

It's this stone, it got stuck in my throat for a while!",0,0,
,4f,79ef,,CLAUDE,CLAUDE_0,done,,得到珍珠項鍊⚬,Got Pearl Necklace.,0,0,
,4f,7a00,,21,31,done,,"喵﹗﹗
真是舒服喵～","Meow!

I feel so good, meow.",0,0,
script_stardream_airship_16,66,4d45,,BLANK,12,done,,"引擎室被不明的
異物侵入﹗

如果沒有在引擎
被毀掉之前找到

的話﹐
那就糟糕了⚬",,0,0,
,66,4d8e,,BLANK,25,getchoice String_1cc5,,"這裡是專用醫務
室⚬

總裁有暈機的情
形﹐所以才有這
裡的存在⚬

需要服務嗎﹖",,0,0,
script_stardream_airship_18,66,4dd7,,STAR_BEAST,6A,done,,"巴⋯巴洛特⋯⋯
殺﹗﹗",,0,0,
,66,4dee,,BALLOT,BALLOT_4,done,,"沒想到星獸居然
追到了這裡﹗",,0,0,
,66,4e0b,,STAR_BEAST,6A,done,,殺⋯殺﹗,,0,0,
,66,4e17,,BLANK,12,done,,"真是危險～
幸好平安降落了

前面就是星夢城
了⚬

請少爺萬事小心
⚬",,0,0,
script_stardream_airship_65_2,66,4ca2,,BALLOT,BALLOT_5,done,,怎麼回事﹖,,0,0,
,66,4caf,,BLANK,12,done,,"主引擎室內有異
物侵入﹗
主引擎運轉不正
常﹐切換至副引
擎﹗",,0,0,
,66,4ce9,,BLANK,12,done,,"切換成功﹐但副
引擎似乎也受損
了﹗",,0,0,
,66,4d09,,BALLOT,BALLOT_5,done,,"是侵入的異物所
造成的嗎﹖
我去看看好了﹗",,0,0,
,66,4d2c,,BLANK,12,done,,"那就麻煩巴洛特
少爺了﹗",,0,0,
script_stardream_city_07_1,66,4ef4,,BLANK,14,done,,"這裡是星夢城⚬
很久以前﹐星夢

城是個飛行的都
市⚬

但降落在這塊冰
山島後﹐就沒有
再起飛過了⚬",,0,0,
,66,4f51,,BLANK,17,done,,"卡迪拉是個知名
的星空彩繪家⚬
對於星象的了解
﹐沒有人比他更
厲?了⚬

但上個月的一個
夜?﹐他們全家

在永涷園描繪星
時﹐卻不幸遇上

了兇猛的星獸⋯
夫妻倆個都死了

﹐只有小孩幸運
的逃過一劫⋯
真是不幸啊～",,0,0,
,66,500c,,57,1C,done,,"米特的爸爸媽媽
被星獸殺死了⚬

米特從此就變得
像個活死人一樣

好幾次跟他說話
他都沒有反應⋯
什麼時候﹐我們
才可以向以前一
樣的玩耍﹖",,0,0,
,66,5083,,58,1A,done,,"這隻布蘭特熊娃
娃是米特給我的

唷﹗
是我的寶貝唷﹗",,0,0,
,66,50b5,,BLANK,16,done,,"米特是個好小孩
自?他爸媽死了
之後﹐就變成像
植物人一樣⚬

對事情完全沒有
反應⚬

現在還在星夢醫
院接受觀察治療

唉～好好的一個
小孩﹐怎麼會變
成這樣⋯",,0,0,
,66,513e,,BLANK,13,done,,"你們有沒有看到
晚上的月亮﹐又
變得更藍了﹗
新聞報導說﹐那

是星系裂縫的引
力﹐造成月亮軌

道偏移的結果⚬
因為如此﹐潮汐

都變得不正常了
﹗",,0,0,
,66,51bc,,BLANK,15,done,,"城外有間預售屋
破破爛爛的﹐

居然還要
賣３０００萬
真?個破壞行情
的價錢⚬

不過最近老是看
到一男一女在那
裡活動⚬

一付鬼鬼崇崇的
樣子⚬",,0,0,
,66,523a,,BLANK,19,done,,"冰山島這幾個月
以來﹐漸漸的在
崩解⚬

如果再不想出辦
法的話﹐星夢城
就要沈掉了﹗",,0,0,
,66,5287,,BLANK,16,done,,"唉呀﹗
天象異變﹐
連潮汐都變得
不正常了﹗

因為潮汐異常﹐
使得星夢城下的

冰山島漸漸的
崩解了﹗

再這麼下去的話
﹐星夢城會與冰

山島一起沈到冰
冷的海裡的⚬",,0,0,
script_stardream_city_07_4,66,776e,,57,1C,done,,"米特﹖
真??你﹗
你醒過來了﹖
這真是太好了﹗",,0,0,
,66,7796,,BLANK,16,done,,"怎麼辦﹗
冰山島就要崩解
了?難道星夢城
也要跟著沉到海
底了嗎﹖",,0,0,
script_stardream_city_0f,66,55ff,,BLANK,21,done,,"媞雅最近常來店
門口看妮妮娃娃

往往可以呆呆的
看上一整天～

嘻嘻嘻～小女孩
都是這樣的⚬",,0,0,
script_stardream_city_1e_1,66,5313,,59,1D,done,,"米特的媽媽的廚
藝﹐真不是蓋的

尤其是她做的清
燉雪兔肉﹐真是
美味極了⚬

唉～卡迪拉夫婦
倆都不幸過世了
真叫人傷心～",,0,0,
,66,537a,,BLANK,1A,done,,"媽媽～人家不要
再吃雪兔肉了啦

米特的媽媽﹐做
的比較好吃﹗",,0,0,
,66,53b1,,59,1D,done,,"所以媽媽正在努
力呀﹗",,0,0,
,66,53c8,,BLANK,1A,done,,"可是人家已經吃
了一個月的兔子
肉了﹗
同學都笑人家是
兔子女孩啦﹗",,0,0,
script_stardream_city_1e_2,66,6f3e,,59,1D,done,,"要喚回米特的回
憶嗎﹖

這個就一定要清
燉雪兔肉才行了

我這就準備材料
我一會要做出有

謝麗娜味道的清
燉雪兔肉的﹗",,0,0,
,66,6fa2,,59,1D,done,,"燉呀燉～
不要急～
要以小火慢燉～
待會再來拿吧﹗

看我施展料理的
魔法﹐可愛的雪
兔﹐要變得美味
喲﹗",,0,0,
,66,6ffe,,59,1D,done,,"大．成．功﹗
我終於做出謝麗
娜味道的清燉兔
肉了﹗

這味道一定會喚
醒米特的﹗",,0,0,
,66,7044,,BALLOT,BALLOT_5,done,,得到清燉兔肉﹗,,0,0,
,66,7055,,59,1D,done,,"大．成．功﹗
我終於做出謝麗
娜味道的清燉兔
肉了﹗

這味道一定會喚
醒米特的﹗",,0,0,
script_stardream_city_20,66,54d3,,BLANK,16,done,,"怎麼辦﹖冰山島
就快要崩解了﹐

要怎麼辦才好⋯
卡迪拉又過世了

怎麼辦～
怎?辦才好﹗",,0,0,
script_stardream_doll_trade,66,709b,,58,1A,done,,"這隻布蘭特熊娃
娃是米特給我的
唷﹗

是我的寶貝唷﹗
人家才不要給你",,0,0,
,66,70db,,19,1B,done,,"這⋯這不是雪熊
之爪嗎﹖

我們來做個交易
好不好﹖

我用這個妮妮娃
娃跟你換﹗

有?雪熊爪後﹐
看他們還敢不敢
說我的收藏品﹐
都是一些小女孩
的玩具﹗",,0,0,
,66,715f,,BALLOT,BALLOT_5,done,,得到妮妮娃娃﹗,,0,0,
,66,716f,,BLANK,1B,done,,"嘻嘻嘻～
我?快點叫朋友
來看﹐我這充滿
男人氣魄的收藏
品﹗",,0,0,
,66,71a4,,58,1A,done,,"這不是妮妮嗎﹖
好～漂～亮﹗

人家好想要哦﹗
什麼﹖

這個要給我嗎﹖
真??????
真的嗎﹖
好．高．興﹗

這個熊娃娃給你
人家不要了﹗",,0,0,
,66,7213,,BALLOT,BALLOT_5,done,,得到布蘭特熊﹗,,0,0,
,66,7225,,58,1A,done,,"嘻嘻～

人家有妮妮娃娃
了﹗
好～漂～亮﹗
這是人家的寶貝
喲﹗",,0,0,
script_stardream_florist_10_1,66,551e,,BLANK,25,done,,"想要買花嗎﹖

這裡的花都是最
新鮮的唷⚬

如果不曉得該送
什麼花的話﹐可
以來問我唷﹗",,0,0,
,66,5571,,BLANK,23,done,,"本店的花﹐都是
屬於寒帶品種⚬

每一朵都是栽培
者的苦心⚬",,0,0,
,66,55a9,,BLANK,1B,done,,"唉～朋友都說﹐
我賣的都是小孩
的玩具⚬
沒有男子漢的氣
慨⚬

真想要個可以代
表男子漢的東西",,0,0,
script_stardream_florist_10_2,66,5f6c,,BLANK,25,done,,"米特常來花店裡
買花﹗

他最喜歡紫羅蘭
了﹗",,0,0,
,66,5f95,,BLANK,23,done,,"紫羅蘭﹖
嗯～我記得那是
米特最喜歡的花
既然對米特有幫
助的話﹐那就拿
去吧﹗",,0,0,
,66,5fde,,BALLOT,BALLOT_5,done,,得到了紫羅蘭﹗,,0,0,
,66,5fef,,BLANK,23,done,,"本店的花﹐都是
屬於寒帶品種⚬

每一朵都是栽培
者的苦心⚬",,0,0,
script_stardream_healing_center,66,405d,,14,25,getchoice String_1cc5,,"需要妮可治療嗎
﹖",,0,0,
,66,4075,,1A,25,getchoice String_1cc5,,"這裡是星獸膠囊
存放銀行⚬

需要艾娜的服務
嗎﹖",,0,0,
script_stardream_hospital_11,66,5739,,BLANK,13,done,,"這裡是星夢醫院
本院的一樓是一
般診所﹐二樓是
病房⚬",,0,0,
script_stardream_hospital_12_1,66,576f,,BLANK,15,done,,"真忙真忙～
每天有忙不完的
事情～
忙死了﹗",,0,0,
,66,579b,,BLANK,1D,done,,"米特正在接受全
身檢查⚬

如果要會客的話
待會兒再來⚬",,0,0,
script_stardream_hospital_12_2,66,5ce9,,BLANK,1D,done,,"米特為了逃避悲
傷的情緒﹐把自
己封閉了起來⚬

對任何事都沒有
反應⚬

唉～真是個可憐
的孩子⚬",,0,0,
script_stardream_hospital_13,66,57d0,,BLANK,12,done,,"痛⋯痛死了⋯⋯
護士小姐～
我的腳痛死了﹗",,0,0,
,66,57fa,,BLANK,14,done,,"怎麼都沒有人﹖
痛死了﹗
我的手痛死了﹗",,0,0,
,66,5821,,BLANK,17,done,,"剛才做了一個夢
夢到死去的爺爺
站在橋的那一端
接著我就醒過來
了﹗",,0,0,
script_stardream_hospital_14,66,585c,,BLANK,16,done,,"嗯⋯⋯是的⋯
嘻嘻～哪有呀～

嗯～我知道～
很好呀～是的～

他也很好呀﹗
女兒呀﹐你媽叫
我問侯你呢﹗",,0,0,
,66,58b8,,BLANK,1F,done,,"爸～
那是你的幻覺⚬

媽媽早就死了⚬",,0,0,
,66,58db,,BLANK,16,done,,"哪有﹖
你媽明明就在妳
旁邊啊﹗",,0,0,
,66,58f8,,BLANK,1F,done,,哇哇哇哇﹗,,0,0,
,66,5903,,BLANK,1F,done,,"爸爸最近老是和
他的幻覺說話⚬

被他嚇到神經衰
弱了⋯",,0,0,
script_stardream_hospital_15_1,66,5d40,,BLANK,13,done,,"都過一個月了﹐
米特還是沒有
好轉的跡像⚬

米特把自己封閉
起來﹐逃避現實
的打擊⋯",,0,0,
,66,5d8c,,BALLOT,BALLOT_5,done,,"要怎麼樣才能喚
醒米特呢﹖",,0,0,
,66,5da8,,BLANK,13,done,,"以目前看來﹐米
特完全失去了求
生的意願⚬

除非能勾起讓米
特想起過去的回

憶﹐刺激他的思
緒⚬讓他再度有
了???意願⚬

如此一來﹐就有
醒過來的可能⚬",,0,0,
,66,5e2c,,BALLOT,BALLOT_5,done,,"尋找米特的回憶
所有能勾起他回
憶的東西都可以
嗎?
我了解了⚬",,0,0,
,66,5e62,,BLANK,13,done,,"以目前看來﹐米
特完全失去了求
生的意願⚬

除非能勾起讓米
特想起過去的回
憶﹐刺激他的思
緒⚬

讓他再度有了救
生?意願⚬

如此一來﹐就有
醒過來的可能⚬",,0,0,
,66,5ee7,,MITT,07,done,,⋯⋯⋯,,0,0,
,66,5eef,,4B,30,done,,"求生指數⋯⋯
⋯??０％",,0,0,
script_stardream_hospital_15_2,66,725f,,MITT,07,done,,⋯⋯⋯,,0,0,
,66,7267,,MITT,48,done,,"呃⋯嗚嗚⋯
不要⋯",,0,0,
,66,727b,,MITT,07,done,,"逃⋯快逃⋯我⋯
我?快逃⋯﹗",,0,0,
,66,7297,,MITT,48,done,,"爸爸⋯媽媽⋯⋯
不要丟下⋯
我一個人⋯⋯",,0,0,
,66,72bb,,MITT,07,done,,呃⋯⋯花⋯⋯,,0,0,
,66,72c9,,MITT,07,done,,老⋯師⋯筆⋯⋯,,0,0,
,66,72d7,,MITT,07,done,,"呀⋯⋯音樂⋯⋯
禮物⋯﹖",,0,0,
,66,72ef,,MITT,07,done,,"媽媽⋯⋯
媽媽⋯的味道⋯
媽⋯⋯",,0,0,
,66,730d,,MITT,49,done,,"啊⋯﹗﹗﹗
兇⋯兇手⋯⋯
不要⋯⋯
不要過來⋯",,0,0,
,66,7336,,BALLOT,BALLOT_5,getchoice String_1cc5,,"要試著喚醒米特
嗎?",,0,0,
,66,734c,,BALLOT,BALLOT_5,done,,"先讓米特多休息
一會吧⚬",,0,0,
,66,7366,,BALLOT,BALLOT_5,done,,"米特～醒醒呀﹗
不要絕望﹐許多
人都是這麼的支
持米特⚬

加油呀～
醒???﹗",,0,0,
,66,73ab,,MITT,07,done,,⋯⋯⋯⋯,,0,0,
,66,73b4,,BALLOT,BALLOT_5,done,,還是不行嗎﹖,,0,0,
,66,73c3,,BALLOT,BALLOT_5,done,,"米特～醒醒呀﹗
不要絕望﹐許多
人都是這麼的支
持米特⚬

加油呀～
醒???﹗",,0,0,
,66,7408,,MITT,07,done,,"呃⋯⋯爸⋯媽⋯
逃⋯快逃⋯
危?﹗﹗﹗",,0,0,
,66,742c,,BLANK,13,done,,"啊﹗
米特醒過來了﹗
真?太好了﹗",,0,0,
,66,744b,,MITT,07,done,,"我好像做了一個
很悲傷的夢⚬

夢中的爸爸媽媽
叫我要勇敢的活
下去⚬

當個不輸給爸爸
的星空彩繪家⋯",,0,0,
,66,74a2,,BLANK,13,done,,"米特﹐這位少年
叫做巴洛特﹐你

這次能夠醒過來
都該感謝他唷﹗",,0,0,
,66,74dc,,MITT,07,done,,"真是謝謝你﹗
巴洛特⚬",,0,0,
,66,74f2,,5A,18,done,,"少爺⋯
這真是太好了﹗",,0,0,
,66,7509,,MITT,07,done,,"是的⋯
我回來了⚬",,0,0,
,66,751c,,MITT,07,done,,"巴洛特﹐你剛才
指的是動力晶片
嗎﹖

聽爸爸說過﹐這
是古代太空船的
核⚬

這動力晶片﹐希
望能對你有所幫
助⚬",,0,0,
,66,7580,,BALLOT,BALLOT_5,done,,得到了晶片７﹗,,0,0,
,66,758f,,BLANK,23,done,,"不好了～
米特﹗
冰山島就要崩解
了?

如果不趕快啟
動飛空引擎的話
星夢城就要隨著
冰山島沉到海底
了﹗
卡拉迪已經不在
了﹐就只能靠你
了﹗",,0,0,
,66,760f,,MITT,4A,done,,"冰山島要崩解﹖
這下糟了﹗

但是飛空引擎內
的星球軌跡﹐是
爸爸所描繪的⚬

只有我一個人的
話⋯⋯",,0,0,
,66,7668,,BALLOT,BALLOT_5,done,,"只要我能幫得上
忙的話﹐一定全
力以赴⚬",,0,0,
,66,7691,,RANDT,07,done,,"謝謝你﹐巴洛特
飛空引擎必須二
個人﹐才能啟動
引擎的運轉⚬

我們趕緊前往機
械室吧﹗",,0,0,
,66,76e3,,BLANK,23,done,,"米特﹐最後的希
望全看你的了﹗",,0,0,
,66,7700,,BALLOT,BALLOT_5,done,,"米特＆彩繪精加
入??﹗",,0,0,
,66,7718,,SYSTEM,VAST_FAME,done,,"如果將米特置於
隊伍前﹐
按Ａ鍵

米特將隨機繪畫

而造成某種效果
但每次休息只能
繪製５次⚬",,0,0,
script_stardream_hospital_15_3,66,7bca,,4B,30,done,,"求生指數⋯⋯
⋯??０％",,0,0,
,66,7be0,,4B,30,done,,"求生指數⋯⋯
⋯??１０％",,0,0,
,66,7bf7,,4B,30,done,,"求生指數⋯⋯
⋯??２０％",,0,0,
,66,7c0e,,4B,30,done,,"求生指數⋯⋯
⋯??３０％",,0,0,
,66,7c25,,4B,30,done,,"求生指數⋯⋯
⋯??４０％",,0,0,
,66,7c3c,,4B,30,done,,"求生指數⋯⋯
⋯??５０％",,0,0,
,66,7c53,,4B,30,done,,"求生指數⋯⋯
⋯??６０％",,0,0,
,66,7c6a,,4B,30,done,,"求生指數⋯⋯
⋯??７０％",,0,0,
,66,7c81,,4B,30,done,,"求生指數⋯⋯
⋯??８０％",,0,0,
,66,7c98,,4B,30,done,,"求生指數⋯⋯
⋯??９０％",,0,0,
,66,7caf,,4B,30,done,,"求生指數⋯⋯
⋯??１００％",,0,0,
script_stardream_machine_room_07_5,66,7b6c,,BLANK,23,done,,"快走開～

這機械室⚬
不是讓你們玩的
地方﹗",,0,0,
,66,7b99,,BLANK,23,done,,"我最討厭笛聲了
走開～
我不想聽～",,0,0,
,66,7bbc,,BALLOT,BALLOT_5,done,,槌．槌．槌,,0,0,
script_stardream_machine_room_0b,66,7971,,STAR_BEAST,6A,done,,"吼～吼～
吼??﹗",,0,0,
,66,7981,,BALLOT,BALLOT_5,done,,太陽之石歸位﹗,,0,0,
,66,7990,,MITT,07,done,,"終於～完成了﹗
軌跡描繪完成﹗

接著只要把月之
石?位﹐就完成
了?",,0,0,
,66,79cc,,MITT,4A,done,,是誰﹖,,0,0,
,66,79d6,,3F,75,done,,呵呵呵呵～,,0,0,
,66,79e1,,BALLOT,BALLOT_5,done,,"不曉得米特那裡
的情況如何了﹗
過去瞧瞧吧﹗",,0,0,
script_stardream_machine_room_0d_1,66,792e,,MITT,07,done,,"爸爸﹐相信我可
以做到的﹗

巴洛特﹐你快到
另外一邊﹐將太
陽???位吧﹗",,0,0,
script_stardream_machine_room_0d_2,66,7a0c,,BALLOT,BALLOT_4,done,,"怎麼回事﹖
米特﹗﹗",,0,0,
,66,7a20,,MITT,07,done,,"我怎麼了﹖
太累了嗎﹖
不行﹐得儘快將
月之石歸位才行",,0,0,
,66,7a50,,LAKI,LAKI,done,,"哦～呵呵呵呵～
這是怎麼回事﹖",,0,0,
,66,7a6d,,KULU,KULU,done,,在下也不清楚⋯,,0,0,
,66,7a7e,,LAKI,LAKI,done,,"誰⋯
誰來救救我呀﹗",,0,0,
,66,7a94,,MITT,07,done,,"照這麼看來﹐星
系裂縫持續的擴
大﹐一旦到達某
個程度後﹐月亮
脫出了運行的軌
跡⋯就會⋯就會
朝著地球直襲而
來﹗",,0,0,
,66,7af9,,MITT,07,done,,"巴洛特﹐一百二
十年前﹐八大科
學家也同樣解決
過這種危機⚬

我想﹐這其中的
祕密就在那艘古

代的太空船裡⚬
讓我們一起努力
吧﹗",,0,0,
script_stardream_machine_room_26_3,66,77d4,,BLANK,24,done,,"米特﹐看到你沒
事了﹐總算放下

心裡的那塊大石
頭了⚬",,0,0,
,66,7806,,MITT,07,done,,"這裡就是星夢城
的機械室⚬

飛空引擎的設計
原理﹐是採用太
陽及月亮的引力
作用⚬

達?飛行的目的
由爸爸親自描繪
太陽及月亮的運
行軌跡⚬

但從星系裂縫造
成後﹐月亮逐漸
偏移軌道﹐引力
不再制衡⚬

巴洛特﹐你走另
外一邊﹐將太陽
之?重新歸位⚬

我到另一邊﹐重
繪月亮軌跡⚬

同時啟動二邊的
引力﹐飛空引擎
才能運轉⚬",,0,0,
,66,7920,,BALLOT,BALLOT_5,done,,嗯﹗我知道了⚬,,0,0,
script_stardream_school_24,66,564a,,BLANK,22,done,,"冰山島漸漸的在
崩解﹐為了避免

危險﹐所以停課
一陣子⚬

沒有小朋友的學
校真冷清呀⚬",,0,0,
script_stardream_school_25,66,5696,,BLANK,1E,done,,"奇怪﹖
學校怎麼都沒有
人呢﹖
大家都翹課了﹗",,0,0,
script_stardream_school_26_1,66,56c0,,BLANK,24,done,,"我是本校的美術
老師⚬
米特是我所教過
最有天份的
小孩子⚬

如果加以栽培的
話﹐一定會有不
得了的表現⚬

唉～可惜呀～
真是可惜⋯",,0,0,
script_stardream_school_26_2,66,6027,,BLANK,24,done,,"米特是我最得意
的學生⚬

真希望能做點什
麼對他有幫助的
事情⋯⋯",,0,0,
,66,6063,,BLANK,24,done,,"這是米特最喜歡
的彩繪筆﹗

他一直向我要﹐
但是我都不給⋯

這?彩繪筆跟了
我３０年了﹐
希望能對米特的
病情有所幫助⚬",,0,0,
,66,60cd,,BALLOT,BALLOT_5,done,,得到了彩繪筆﹗,,0,0,
,66,60dd,,BLANK,24,done,,"米特是我最得意
的學生⚬

真希望他的病能
快點好起來⚬",,0,0,
script_stardream_secret_base,66,6de6,,57,1C,done,,"米特的祕密基地
這⋯⋯這是我和
米特的祕密﹐
你怎麼會知道﹖

好吧﹐為了米特
我只好違背約定

這個星槌給你﹐
拿著星槌﹐在城
裡東北角的石頭
上敲三下﹐就會
出現地道⚬

千萬不可以讓其
他人知道﹗",,0,0,
,66,6e8b,,BALLOT,BALLOT_5,done,,得到了星槌﹗,,0,0,
,66,6e9a,,57,1C,done,,"拿著星槌﹐在城
裡東北角的石頭

上敲三下﹐就會
出現地道⚬

我們的寶貝﹐
都藏在寶箱中﹗

千萬不可以讓其
他人知道﹗",,0,0,
,66,6f06,,STAR_BEAST,6A,done,,"嗚哇～嗚哇～哇
吼﹗",,0,0,
,66,6f1b,,BALLOT,BALLOT_5,done,,得到米特日記﹗,,0,0,
,66,6f2c,,BALLOT,BALLOT_5,done,,得到全家福照﹗,,0,0,
script_stardream_shop,66,40a4,,19,22,done,,"需要什麼服務嗎
﹖",,0,0,
script_tech_city2_blackout_54aa,0e,54aa,,BALLOT,BALLOT_4,done,,"奇怪﹖

這裡怎麼會這麼
昏暗﹖

怎麼回事﹖","Huh?

Why is it so dark here?

What happened?",0,0,
,0e,54ce,,BLANK,1F,done,,"唉呀～
怎麼會停電了呢
﹖

電一停的話﹐
什麼事情都做不
了﹗

就連電燈都不亮
了﹗","How did this happen?

The power has gone out and now nothing can be done!

Not even the lights are coming on!",0,0,
,0e,5518,,BLANK,1B,done,,"就在不久前﹐
突然就停電了﹗

到底是怎麼回事
﹖

發電塔故障了嗎
﹖","The power suddenly went out!

What's going on? Is there a problem at the power plant?",0,0,
,0e,5555,,BLANK,16,done,,"哎唷唷～
痛死了﹗

黑潻潻的看不清
楚～
這把老骨頭都快
要撞散了⚬","Ow, it hurts so much...

I can hardly see in the dark, and my bones are old and brittle...",0,0,
,0e,5592,,BLANK,19,done,,"前陣子來了二個
自稱閃電隊的人
要和我們比賽高
速賽車﹐
賭金是三千萬⚬

這對製造高速賽
車的科技城來說
是項污辱﹗

為了慎重起見﹐
我們派出了本城
最引以自豪的
機械科學家～
雷歐⚬

真不敢相信﹐
居然輸了﹗

哎呀～
要怎麼籌出三千
萬﹗","A couple of days ago, two people calling themselves Team Volt raced against us, and we lost ¥30 million that day!

I can't believe it! We specialise in high-speed cars here and we even sent Dr. Leo, our best scientist!

How could we have lost?

We don't even have that amount of money!

",0,0,
,0e,5666,,BLANK,17,done,,"這裡是全世界最
大的製作高速賽
車的城市⚬

前陣子和二個外
地人比賽﹐
居然輸了﹗

還虧我們派出了
最強的機械科學
家～雷歐應戰﹗

就這樣﹐
科技城輸了三千
萬﹗","This city has the largest racing car manufacturing line in the world.

However, we lost to two foreigners a while ago!

Even though we sent Dr. Leo to the challenge, we still lost 30 million!",0,0,
,0e,56f4,,BLANK,1C,done,,"衝呀﹗

我的高速賽車～
長腳龜一號﹗

只要那些壞人再
來的話﹐
我就用這個打敗
他們﹗","Take a look! My high-speed racing car! Tourtega Mk.I! If those scoundrels come again, I'll beat them with this!",0,0,
,0e,5740,,BLANK,21,done,,"嗚～嗚～
好黑哦﹗

人家好怕啊﹗


嗚～～嗚～",It's so dark! I'm scared! Waah...,0,0,
,0e,576d,,BLANK,1F,done,,"很久很久之前～

雷歐的曾祖父﹐
和其他七名科學
家﹐
曾經拯救過地球
⚬

所以城裡的人都
尊敬他⚬

但這次的賽車比
賽﹐
雷歐卻輸得很誇
張﹗

我們會不會太高
估他了﹖","A long time ago, Leo's great-

grandfather and seven other scientists saved the Earth, so everyone in this city respects him.

But in this race, Leo lost by a huge margin!

Are we over-

estimating him?",0,0,
,0e,5806,,BLANK,16,done,,"這裡是科技城的
廢鐵集中場⚬

別看這些破破爛
爛的東西﹐
這些全是我的寶
貝﹗","This is our scrapyard. They may look like pieces of junk, but to me, they're treasure!",0,0,
,0e,584c,,BLANK,19,done,,"雷歐博士已經上
了年紀﹐
又沒有小孩子⚬

所以製造了一隻
叫巴克的機器人

是我的錯覺嗎﹖

每次一看到巴克
﹐
就覺得他很憂鬱
⋯⋯","Dr. Leo is aging, yet he has no children.

So, he built a robot named Buck.

Is it just me, or is it that every time I see Buck, I get the feeling that he is somewhat depressed...",0,0,
,0e,58bd,,BLANK,16,done,,"科技城是座室內
都市﹐
照明的設備都需
要電力來驅動⚬

可是﹐
為了要防止類似
這種形情發生﹐
電力塔內設有特
殊防範措施啊﹗

真是奇怪⋯","Tech City is an enclosed town, and all our lights are electric lights.

But there are special precautions in the power station to prevent situations like this from happening!

How odd...",0,0,
,0e,592f,,BLANK,12,done,,"雷歐代表科技城
和閃電隊賽車﹐
輸了三千萬﹗

為了籌這三千萬
﹐
真是急死人了﹗

早知道就不應該
派雷歐上場的⋯","Leo lost ¥30 million racing against Team Volt on behalf of Tech City!

Now I have no idea where to get the ¥30 million from!

I should have known better than to send Dr. Leo out in the field...",1,0,
,0e,5992,,BLANK,1D,done,,"哼﹗

小毛用他的長腳
龜一號欺負人家

人家才不要﹗﹗

爸爸～
好不好啦～
爸爸～

幫人家改裝這台
粉紅豬三號啦﹗","Hmph! Hairy's been bullying people with Tourtega Mk.I!

Dad, please help me modify Pippo Mk.III to stop him!",0,0,
,0e,59f6,,BLANK,13,done,,"要大家湊這三千
萬﹐
真是開玩笑﹗

把這個藏起來～

荳荳﹗
那個也是﹗

呀﹗﹗
你看到了什麼嗎
﹖

我什麼都沒有做
唷﹗","What a joke!

They're asking everyone to chip in to cover the ¥30 million they lost!

Hide this!

That one too! Yeah!

Did you see anything? There's nothing here, buddy!",0,0,
,0e,5a5a,,BLANK,1B,done,,"真是傷腦筋﹐
莫名的停電⚬
看不到星獸的後
續新聞報導了⚬

話說回來了﹐
博特到電塔修理
了那麼久﹐
怎麼還沒有回來
呢﹖","This inexplicable power outage has been a real pain!

I can't see the follow-up news reports on the Star Beast incidents.

By the way, why hasn't Burt come back from his trip to the power plant to fix the outage?",1,0,
,0e,5ac1,,1D,1A,done,,"媽媽﹖

荳荳這台光速美
少女初號機﹐
要不要藏起來﹖

荳荳的光速美少
女初號機﹐
價值９４５６億
喲﹗","Mom? Do you want to hide Dot's machine too?

It goes at the speed of light! It's probably worth ¥9456 billion!",0,0,
,0e,5b18,,BLANK,13,done,,不．用﹗,There's no need!,0,0,
,0e,5b22,,1D,1A,done,,"荳．荳．要．藏
．起．來．啦﹗",I'll hide it anyway!,0,0,
,0e,5b43,,BLANK,16,done,,"城裡停電了﹐
我兒子～博特到
發電塔修去了﹗

去了好久﹐
都沒有回來﹗

真是擔心啊⋯⋯","The power's gone out, and my son, Burt, went to the power plant to fix it!

He's been gone for quite a while and I'm worried about him...",0,0,
script_tech_city2_blackout_5b91,0e,5b91,,19,22,done,,"真是麻煩﹗

沒有電了﹐
電子收銀台沒辦
法使用⋯

你要什麼嗎﹖
不要趁黑偷東西
喲﹗","What a hassle!



There is no electricity, the electronic cash register can't be used...



What do you want? Don't steal in the dark!",0,0,
,0e,5bdd,,14,25,getchoice String_1cc5,,"需要妮可治療嗎
﹖",Do you need my treatment?,0,0,
,0e,5bf5,,1A,25,getchoice String_1cc5,,"這裡是星獸膠囊
存放銀行⚬

需要艾娜的服務
嗎﹖",This is the Star Beast Storage Bank. Do you need my help?,0,0,
script_tech_city2_drleo_5c24,0e,5c24,,1B,4C,done,,"怎麼辦～

怎麼辦～

流星雨打斷了回
多魯市的道路﹗

身為加爾企業採
購部經理的我﹐
必需要趕回去開
個重要會議﹗

雷歐博士～
你要想想辦法啊
﹗","What to do? What to do?

The meteor shower wrecked the road back to Dorington!

As the manager of the procurement department of GaleCorp, I cannot be late for my important meeting!

Dr. Leo, you have to do something!",0,0,
,0e,5c9e,,DR_LEO,DR_LEO,done,,"唉～
都是我的錯～

讓科技城輸了三
千萬﹐
還賠上了高速賽
車之都的名譽⋯","Alas, thanks to me, Tech City has not only lost 30 million yen, but it's also lost its reputation as the capital of high-speed racing.",0,0,
,0e,5ce0,,BALLOT,BALLOT_0,done,,"雷歐博士﹐
你就是伊隼人所
說的﹐
天才機械發明家
～雷歐博士嗎﹖

可不可以請您看
看這張設計圖﹗","Dr. Leo, are you the genius mechanical inventor that Hayato was talking about?

Could you take a look at this blueprint?",0,0,
,0e,5d33,,DR_LEO,DR_LEO,done,,"設計圖⋯
放著吧～

我代表著科技城
﹐
和閃電隊比賽迷
你賽車﹗

居然輸了⋯

我不甘心⋯

我的黃金鳳凰號
竟然⋯

我還有什麼面子
待在這裡⋯⋯","A blueprint? Forget it!

My own Golden Phoenix couldn't beat the Volts in a race...

I'm too ashamed to be called a genius!",0,0,
,0e,5dae,,DR_LEO,DR_LEO,done,,"你是指設計圖嗎
﹖

我不是說過﹐

就這樣放著嗎﹖

唉～
我不是機械天才
⋯⋯

而這樣的亮度﹐
無法看到圖裡畫
的究竟是什麼⋯

唉～
之所以會輸﹐
也不完全是我的
錯⋯⋯","What is it?

Didn't I tell you to forget about asking me to read the blueprint?

I'm hardly worthy to be called a mechanical genius... and in the darkness, it's impossible to read the diagram anyway.

...If it wasn't for that, I might not have lost...",0,0,
,0e,5e40,,BLANK,LAKI,done,,"哦～呵呵呵﹗

哦哦哦～
呵呵呵呵﹗",Ohohohoho!! Ooohohoho!!!,0,0,
,0e,5e5d,,BLANK,KULU,done,,"怎麼樣﹖
賴帳的傢伙﹖","What's up, my friend? Got the moolah yet?",0,0,
,0e,5e73,,DR_LEO,DR_LEO,done,,"他們又來了﹗

我沒有面子再見
其他村人了﹗

你幫我去外面的
『廣場』看看

好嗎﹖","Here they come again!

I'm too ashamed to see the other citizens!

Can you go to the square outside and see what's happening?",0,0,
,0e,5ebb,,BLANK,KULU,done,,"比賽的承諾～
三千萬﹗

在下這就來取了
﹗","The promised prize money...

My 30 million yen! I'm coming to get it!",0,0,
,0e,5ee0,,1D,1A,done,,"爸爸﹖
他們是誰啊﹖",Dad? Who are they?,0,0,
,0e,5ef5,,BLANK,LAKI,done,,"哦～呵呵呵～

我聽到了﹗

你在問我們是誰
嗎﹖","Ohoho! I heard that!

Did you ask who we were?",0,0,
,0e,5f1f,,BLANK,LAKI,done,,"既然你們問起了
～
那我就仁慈的告
訴你們吧﹗","Since you've asked so nicely, we'll tell you, out of the kindness of our hearts!",0,0,
,0e,5f4b,,BLANK,KULU,done,,"來自銀河系裡的
正義使者﹗","Messengers of justice, from the Milky Way!",0,0,
,0e,5f67,,BLANK,LAKI,done,,"穿梭於黑夜的
浪漫勇士﹗","Dashing heroes, in both night and day!",0,0,
,0e,5f7e,,BLANK,KULU,done,,"貫徹愛．正義．
勇氣的真理﹗","With truth, justice, courage and love!",0,0,
,0e,5f99,,LAKI,LAKI,done,,拉琪﹗,Laki!,0,0,
,0e,5fa2,,KULU,KULU,done,,庫魯﹗,Kulu!,0,0,
,0e,5fab,,LAKI,LAKI,done,,"閃．電．隊～
～誕生﹗﹗",Witness the birth of the Volts!,0,0,
,0e,5fc0,,KULU,KULU,done,,"還不打算交出三
千萬嗎﹖

現在只是停一下
小電作為懲戒﹗

再不交出來﹐
在下只好將發電
塔爆破﹗","Still not handing over the cash?

We've only temporarily shut down the power as a warning!

If you don't hand it over, we'll be forced to blow up the power plant!",0,0,
,0e,6015,,LAKI,LAKI,done,,"哦～呵呵呵～

就是這個鈕﹗
只要輕輕按一下
唷～
發電塔就會～
『磅』唷﹗","Look at this remote control!

Just one push, and the building will go boom, yo!",0,0,
,0e,6055,,BLANK,1B,done,,"千萬不要這麼做
﹗",No! You can't do this!,0,0,
,0e,6068,,BUCK,BUCK,done,,"你們．贏．才怪
﹗

雷歐博士．出了
．問題﹗

你們．才怪．贏
﹗",ＴＨＥＲＥ＇Ｓ ＮＯ ＷＡＹ ＹＯＵ ＣＯＵＬＤ ＨＡＶＥ ＷＯＮ！ ＤＲ． ＬＥＯ ＨＡＤ ＩＳＳＵＥＳ ＰＲＯＣＵＲＩＮＧ Ａ ＰＡＲＴ． Ｉ＇Ｍ ＳＵＲＥ ＹＯＵ ＣＨＥＡＴＥＤ！,0,0,
,0e,60a4,,KULU,KULU,done,,"在下認得你﹗

你不就是那個手
下敗將～
雷歐的機器人嗎
﹖","Wait, I know you!

You're the robot made by that guy we beat!

Dr. Leo, wasn't it?",0,0,
,0e,60d9,,BUCK,BUCK,done,,"胡說﹗

再比．雷歐博士
．一定贏﹗","ＩＭＰＯＳＳＩＢＬＥ！

ＤＲ． ＬＥＯ ＷＯＵＬＤ ＳＵＲＥＬＹ ＷＩＮ Ａ ＲＥＭＡＴＣＨ！",0,0,
,0e,60f7,,LAKI,LAKI,done,,"哦哦～呵呵呵﹗

沒有那個的話﹐
再比幾次都是一
樣的﹗

算了～

再給你一次機會
好了﹗

三天後再比賽一
場⚬

如果輸的話﹐
就要乾脆的交出
三千萬⚬

哦哦哦哦哦～
～呵呵呵呵﹗","Ohohohoho! Without that thing, he'll never beat us, regardless of how many times he tries!

How about this: We'll give you another chance!

In 3 days, we'll have another race.

If you lose, you'll have to cough up the 30 million bucks. Ohohoho!!",0,0,
,0e,6188,,BLANK,1B,done,,"雷歐又要和閃電
隊比賽一次了﹗

唉～
看上次那種慘狀
﹗

我們還是想辦法
籌出三千萬好了","Huh? Dr. Leo's racing Team Volt again?!

Considering what happened last time, I think it'd be easier for us to just find a way to raise the 30 million ourselves...",0,0,
,0e,61da,,BUCK,BUCK,done,,"再比賽．雷歐博
士．贏．一定﹗",ＤＲ． ＬＥＯ ＷＩＬＬ ＷＩＮ ＴＨＥ ＲＥＭＡＴＣＨ！,0,0,
,0e,61f6,,0A,0A,done,,恰比～恰比比～,Chirp! Chirirp!,0,0,
,0e,6205,,DR_LEO,DR_LEO,done,,"再比賽一次嗎﹖
實在沒有太大的
把握⋯

因為在不久前﹐
高速賽車零件中
﹐
最高級的彩虹水
晶﹐
莫名奇妙的停產
了﹗沒有那使用那個
當作核心的話﹐
是贏不了的⚬","You want me to race against Team Volt again?

I'm not sure I stand a chance as it is...

Not too long ago, one of the most important car parts, the Rainbow Crystal, was inexplicably discontinued.

Without a Rainbow Crystal for my engine core, I stand no chance of winning.",1,0,
,0e,6292,,BUCK,BUCK,done,,"巴克．拿．
彩虹水晶﹗",ＢＵＣＫ ＷＩＬＬ ＧＯ ＴＯ ＲＥＴＲＩＥＶＥ ＴＨＥ ＲＡＩＮＢＯＷ ＣＲＹＳＴＡＬ！,0,0,
,0e,62aa,,BALLOT,BALLOT_4,done,,"為什麼彩虹水晶
會停產﹖",Why were the crystals discontinued?,0,0,
,0e,62c5,,DR_LEO,DR_LEO,done,,"我也不清楚⋯

水晶村就這樣莫
名停產彩虹水晶",I don't know... Crystal Town just stopped producing them one day for no reason.,0,0,
,0e,62ef,,BALLOT,BALLOT_0,done,,"這其中一定有問
題﹗

我一定要弄清楚
﹗",This can't be right.. I'll head over there and check it out!,0,0,
,0e,6314,,BUCK,BUCK,done,,巴克．一起去﹗,ＢＵＣＫ ＷＩＬＬ ＧＯ ＷＩＴＨ ＢＡＬＬＯＴ！,0,0,
script_tech_city2_drleo_6967,0e,6967,,DR_LEO,DR_LEO,done,,"這不是彩虹水晶
嗎﹖

真是太好了﹗

等等～
這就把黃金鳳凰
號的核心換掉⚬","Isn't this a rainbow crystal? That's great!

Now I can make a new core for the Golden Phoenix!",0,0,
,0e,69a6,,DR_LEO,DR_LEO,done,,⋯⋯⋯,...,0,0,
,0e,69ae,,DR_LEO,DR_LEO,done,,⋯⋯⋯,...,0,0,
,0e,69b6,,DR_LEO,DR_LEO,done,,"完成了﹗

真．黃金鳳凰號
﹗

有了這個﹐
就一定可以打敗
閃電隊了﹗","It's done!

The True Golden Phoenix!

With this, I can definitely defeat the Volts!",0,0,
,0e,69ef,,BALLOT,BALLOT_0,done,,"嗯﹐一定可以的
⚬",Sure you can...,0,0,
,0e,6a00,,DR_LEO,DR_LEO,done,,"⋯⋯⋯

有了上次輸了的
陰影⋯
我還是不敢⋯⋯

你就拿我的～
真．黃金鳳凰號
和閃電隊比賽吧

⋯⋯","...

The shadow of my former loss still haunts me.

I don't dare to try again, so will you take the True Golden Phoenix and go in my stead to battle Team Volt?",0,0,
,0e,6a52,,BALLOT,BALLOT_1,done,,得到鳳凰號﹗,Got the Phoenix!,0,0,
,0e,6a61,,DR_LEO,DR_LEO,done,,"⋯⋯⋯

有了上次輸了的
陰影⋯
我還是不敢⋯⋯

你就拿我的～
真．黃金鳳凰號
和閃電隊比賽吧

⋯⋯","...

The shadow of my former loss still haunts me.

I don't dare to try again, so will you take the True Golden Phoenix and go in my stead to battle Team Volt?",0,0,
,0e,6ab3,,LAKI,LAKI,done,,"哦～呵呵呵～

你們終於來了⚬",Haha! So you finally came!,0,0,
,0e,6acf,,KULU,KULU,done,,"在下還以為﹐
你們夾著尾巴逃
走了﹗

即使沒有勝算﹐
還是要比嗎﹖","We thought you'd turned tail and fled!

Do you still want to battle us, knowing you don't stand a chance?",0,0,
,0e,6b0b,,LAKI,LAKI,done,,"哦哦哦哦～
呵呵呵呵﹗

三千萬就要到手
了﹗

夢想就要實現了
﹗","Ehehehehehe!

I can almost feel the crisp 30 million yen in my hands!

It's a dream come true!",0,0,
,0e,6b3f,,KULU,KULU,done,,"還是不甘心敗在
在下的手中嗎﹖

反正再幾次都一
樣⚬","Still not content to quit and save the effort?

This won't change anything, you know!",0,0,
,0e,6b6f,,LAKI,LAKI,done,,"哦～呵呵呵～

我就展現高貴的
耐心﹐
再給你們一次機
會吧﹗","Ehehehe~ I'm not usually this patient, but just this once, I'll give you another chance!",0,0,
,0e,6ba5,,KULU,KULU,done,,"在下⋯輸了﹖

不⋯不可能﹗",We... We lost?! Impossible!,0,0,
,0e,6bbd,,BLANK,1B,done,,"萬歲﹗

雷歐的鳳凰號果
然贏了﹗

我早就說過﹐
雷歐才是最厲害
的發明家﹗","Hooray! Those dastardly Volts have lost!

I knew it all along: Dr Leo is the best inventor in the world!",0,0,
,0e,6c02,,BALLOT,BALLOT_0,done,,"哈哈哈～

那三千萬的賭金
﹐
就這麼算了吧﹗",Hahaha! You won't have to worry about that 30 million yen anymore!,0,0,
,0e,6c29,,BUCK,BUCK,done,,"⋯巴克．不能．
笑⋯⋯

巴克⋯⋯想⋯⋯
笑⋯⋯","ＢＵＣＫ ＣＡＮＮＯＴ ＬＡＵＧＨ．．．

ＢＵＣＫ ＷＡＮＴＳ ＴＯ ＬＡＵＧＨ．．．",0,0,
,0e,6c51,,LAKI,LAKI,done,,"慢⋯慢⋯慢⋯
慢著著著著﹗﹗

我還有最後的終
極祕密武器﹗

就是這個按鈕﹗","H.. HOLD IT!

I still have one last trick up my sleeve!

Remember this remote?",0,0,
,0e,6c92,,KULU,KULU,done,,"在下真是佩服拉
琪的智慧⚬

只要輕輕這麼一
按～

一按哦﹗","Laki, you genius!

Just one little press, and...!",0,0,
,0e,6cc8,,LAKI,LAKI,done,,"沒．有．錯﹗

哦～呵呵呵呵～

就會『磅』的一
下唷﹗

不管如何﹐
你們還是準備
三千萬吧﹗","That's right!

Your precious power plant goes boom!

You'd better hand over that 30 million anyway!",0,0,
,0e,6d1a,,BLANK,19,done,,"雷歐博士終於打
敗了閃電隊﹗

我們之前都錯怪
他了⚬","Dr Leo finally defeated the Volts!

We shouldn't have doubted him.",0,0,
,0e,6d47,,BLANK,17,done,,"這裡是全世界最
大的製作高速賽
車的城市⚬",This city has the largest racing car manufacturing line in the world.,0,0,
,0e,6d70,,BLANK,1F,done,,"很久很久之前﹐
雷歐的曾祖父和
其他七名科學家
曾經拯救過地球
⚬

所以城裡的人都
尊敬他⚬","A long time ago, Leo's great-

grandfather and seven other scientists saved the Earth, so everyone in this city respects him.",0,0,
,0e,6dc7,,BLANK,12,done,,"雷歐博士果然是
世界第一的機械
發明家⚬",Dr Leo is certainly the best inventor in the world.,0,0,
,0e,6dec,,BLANK,13,done,,"糟糕⋯

我的水藍鑽石項
鍊﹐
藏到哪裡去了﹖",Darn it... Where did my diamond necklace go?,0,0,
,0e,6e16,,1D,1A,done,,"荳荳這台光速美
少女初號機﹐
找到一個藍色石
頭⚬

光速美少女初號
機～～
使用價值９４５
６億的粉碎鑽頭

粉碎藍色石頭﹗","Dot's lightspeed machine found a diamond, and it used its drill (worth ¥9456 billion) to crush it to pieces!",0,0,
,0e,6e80,,BLANK,13,done,,"慢⋯慢．著﹗
哇﹗﹗﹗﹗﹗","W... Wait, what?! 

Aaah!",0,0,
,0e,6e99,,DR_LEO,DR_LEO,done,,"哈哈哈～

果然打敗了閃電
隊﹗

但是發電塔還是
被佔領了﹗
一定要想辦法解
放發電塔才行⚬

巴洛特﹐
就麻煩你到發電
塔﹐
去察看停電的原
因吧﹗","Hahaha, so you beat the Volts! Well done!

The power's still out, though..

Ballot, could I ask another favour of you?

Can you go to the power plant and investigate why?",0,0,
,0e,6f19,,21,31,done,,"喵嗚～嗚⚬

ｚＺ～ｚＺ～",Miao... Zzzz...,0,0,
,0e,6f32,,BALLOT,BALLOT_3,done,,"不行﹗

整個入口都被貓
怪擋住了﹗

得回去向博士報
告才行﹗","Oh no! The entrance's been blocked by this monstrous cat!

I'd better go report back to the professor.",0,0,
,0e,6f6b,,DR_LEO,DR_LEO,done,,"什麼﹖貓怪﹖

該怎麼辦才好⋯",What? A monster cat? What shall we do..?,0,0,
,0e,6f86,,DR_LEO,DR_LEO,done,,"有了﹗

使用老鼠來吸引
牠的注意力﹗

但是沒有電力﹐
該怎麼製作呢⋯","I've got it! We can use a robot rat to distract him!

But how can we make those while the power is out..?",0,0,
,0e,6fc3,,DR_LEO,DR_LEO,done,,"真叫人生氣﹗

在不得已的情況
下﹐
只好使用發條的
製品了⚬

雖然那會非～常
的丟臉⋯⋯

你等一下～
我找一下零件⋯","How frustrating!

As a last resort, I'll have to make it spring-powered.

Even though it would be embarrasing for me to make clockwork rats..

Give me a bit, and I'll find the parts I need..",0,0,
,0e,7026,,DR_LEO,DR_LEO,done,,"糟糕～

我一直認為﹐
製做發條的機械
製品﹐
是可恥的行為⚬

所以把它們全丟
了﹗

巴洛特﹐抱歉了
⚬
得找到發條才行
﹗","Darn it! I used to think that making clockworks was below me, so I threw all those parts out.

Sorry, Ballot, but I need some springs!",0,0,
,0e,7090,,BALLOT,BALLOT_0,done,,我知道了﹗,I've got it!,0,0,
,0e,709b,,DR_LEO,DR_LEO,done,,"要做成機械老鼠
﹐
得找到發條才行
⚬","To make the robot rat, we need a spring.",0,0,
,0e,70c0,,BLANK,16,done,,"發條﹖

雷歐博士要的嗎
﹖

沒想到他也會要
這種東西⋯

發條放在⋯在⋯

在⋯⋯

在哪裡﹖

哦～今天的天氣
真是好呀﹗
只是烏雲多了點
⚬","Springs?

I never thought Dr. Leo would need such a thing...

Where did I put it...?

Ah, today's weather sure is nice, but dark clouds are gathering...",0,0,
,0e,7136,,BLANK,16,done,,"對了﹗
就是發條嘛﹗

我忘了放哪裡了
⋯⋯

就在這些寶貝堆
裡﹐
自已找吧﹗","Ah, right! The spring!

I forgot where I put it, so feel free to search in these piles of treasure!",0,0,
,0e,717b,,BLANK,16,done,,"發條﹖

我忘了放哪裡了
⋯⋯

就在這些寶貝堆
裡﹐自已找吧﹗","The spring? I forgot where I put it, so feel free to search in these piles of treasure!",0,0,
,0e,71b4,,BALLOT,BALLOT_1,done,,得到了發條﹗,Got the Spring!,0,0,
,0e,71c3,,DR_LEO,DR_LEO,done,,"沒有錯﹗

這就是我想要的
發條⋯

實在是很丟臉⋯

唉～
蒙著臉做就不會
這麼覺得吧﹗

等我一下下～","That's right!

This is the spring I wanted...

How em- barrassing.. I'll just have to bite the bullet and do it.",0,0,
,0e,7217,,DR_LEO,DR_LEO,done,,"這就是發條老鼠
⚬沒想到蒙著臉﹐
還是覺得一樣的
丟臉～

喂～巴洛特﹗
千萬不可以說出
去唷⚬","Here's the clockwork rat.

I still feel ashamed of resorting to such simple tech...

Ballot! You'd better not tell anyone I made it!",0,0,
,0e,726f,,BALLOT,BALLOT_1,done,,"得到了發條老鼠
﹗",Got the Clockwork Rat!,0,0,
,0e,7283,,DR_LEO,DR_LEO,done,,"有了發條老鼠﹐
應該就可以引開
發電塔的貓怪了
吧⚬

哎呀～

想到就覺得丟臉
⋯⋯","With the clockwork rat, you should be able to distract that monster cat. Ah, I feel embarrassed just thinking about it...",0,0,
,0e,72ce,,21,31,done,,"喵嗚～喵～

嗚嗚～",Miao~ Miao~,0,0,
,0e,72e2,,BALLOT,BALLOT_0,done,,"乖貓咪～

快點走開唷～","Good kitty! Just hurry up, and leave..",0,0,
,0e,72fa,,BALLOT,BALLOT_4,done,,"啊﹗

發條的動力用完
了⋯",Ah! The spring's unwound!,0,0,
,0e,7316,,21,31,done,,"嗚～喵吼喵吼吼
﹗

（可惡﹗）
（上當了）","Miao~ Miao!!!

(Damn it! I've been tricked!)",0,0,
,0e,733f,,23,17,done,,嗚哦嗚～嗚～,Waaah...,0,0,
,0e,734f,,BALLOT,BALLOT_0,done,,大叔﹖怎麼了﹖,Eh? What's happened to you?,0,0,
,0e,735f,,23,17,done,,"真是感謝⚬

科技城停電後﹐
我就趕來詢視情
況⚬

沒想到被閃電隊
給綁了起來﹗

真是感謝你﹗","Oh, thank you! After the outage in Tech City, I rushed over to investigate the cause.

I didn't expect that I would be tied up by Team Volt!

Thank you for rescuing me!",0,0,
,0e,73b0,,LAKI,LAKI,done,,"哦～呵呵呵﹗

有了三千萬﹐
我們的夢想就⋯","Eheheheh~!

With these 30 million yen, our dream can finally...",0,0,
,0e,73d4,,KULU,KULU,done,,"跟在下想的﹐
一點都沒錯⚬

這樣一來⋯⋯",Just so! Now we can....,0,0,
,0e,73f9,,LAKI,LAKI,done,,"你你⋯你⋯你
⋯你怎麼來的﹖","Y-y-yo-you?!

How did you get here?!",0,0,
,0e,740e,,KULU,KULU,done,,"可惡﹗

你是來破壞在下
的夢想的嗎﹖

就讓你們來點愛
的教育吧﹗",You- Are you here to ruin our dreams again? I think it's time to teach you a lesson!,0,0,
,0e,744b,,LAKI,LAKI,done,,"可可⋯可
⋯可惡﹗

你⋯你你⋯們給
我⋯記⋯記住﹗",Y-you! You'd better remember this!,0,0,
,0e,7478,,KULU,KULU,done,,"這次在下就放了
你﹗
要記住在下的恩
惠﹗

在下是代表了～
愛、正義、勇氣
的閃電隊﹗","We'll let you go this time!

You'd better remember this mercy!

Truth, justice and courage: Team Volt, out!",0,0,
,0e,74c4,,BALLOT,BALLOT_0,done,,真是⋯⋯⋯,These guys...,0,0,
,0e,74cf,,BALLOT,BALLOT_0,done,,這個開關是⋯⋯,If I flip this...,0,0,
,0e,74de,,BLANK,1F,done,,"啊﹗
電力又回復了﹖

第一次覺得﹐
光明是這麼的幸
福⚬","Ah! The power is back?

I've never been this glad to see the light.",0,0,
,0e,7511,,BLANK,1B,done,,"原來電力塔早就
被閃電隊佔領了

這次能回復電力
﹐
真是感謝你及雷
歐⚬","Apparently the power went out because of Team Volt.

Thank you, Ballot, for bringing it back!",0,0,
,0e,7550,,BLANK,16,done,,"好⋯好刺眼⋯⋯

眼晴好不容易習
慣了黑暗﹐
對於這麼亮的燈
光﹐
真有點吃不消⋯","It-It's blinding...

My eyes had just gotten used to the dark, and suddenly the blinding lights came back on...",0,0,
,0e,7597,,BLANK,19,done,,"果然需要雷歐出
馬﹐
才能打敗閃電隊
⚬

雷歐博士是最棒
的機械發明家⚬","In the end, Team Volt was only defeated with Dr. Leo's assistance.

He certainly is the best inventor in the world.",0,0,
,0e,75d8,,BLANK,17,done,,"你聽過加爾企業
嗎﹖

那可是二大知名
企業之一啊﹗

加爾企業及邦林
企業﹐
都是數一數二的
大企業喲⚬","Have you heard of Gale Enterprises?

It's one of the biggest companies in the world, second only to Bang Lin!",0,0,
,0e,762c,,BLANK,21,done,,"嗚～嗚～

電燈又亮了﹐
人家又要上學了
﹗

嗚～～嗚～","Waaah!

The lights are back on, so we have to go to school!

Waaah!",0,0,
,0e,765d,,BLANK,16,done,,"這裡是科技城的
廢鐵集中場⚬

別看這些破破爛
爛的東西﹐
這些全是我的寶
貝﹗","This is the scrapyard of Tech City. They may look like pieces of junk, but to me, they're treasure!",0,0,
,0e,76a3,,BLANK,12,done,,"前陣子的流星雨
﹐
打壞了通往多魯
市的道路⚬

這該怎麼辦呢﹖","That meteor shower earlier wrecked most of the roads from here to Dorington!

What shall I do?",0,0,
,0e,76dc,,BLANK,16,done,,"就是你救了博特
嗎﹖

實在是非常的感
謝﹗

這個就送給你了
﹐
真是相當的感謝
⚬","You were the one who saved Burt?

Thank you! Please take this as a token of my gratitude!",0,0,
,0e,7723,,BLANK,16,done,,"真是相當的感謝
⚬",I can't stress how grateful I am!,0,0,
,0e,7736,,23,17,done,,非常的感謝您⚬,Thank you very much for the rescue.,0,0,
,0e,7746,,19,22,done,,"電力又回復了﹐
一大堆帳要補登
記⋯

忙死了⋯⋯

需要什麼服務嗎
﹖","The electricity is back, so I have a pile of documents to work on..

I'm very busy, so is there anything you need?",0,0,
,0e,7781,,1B,4C,done,,"博士終於做好了
反重力裝置了﹗

身為加爾企業採
購部經理的我﹐
終於可以回去參
加重要的會議了","Dr. Leo finally finished his anti-gravity device! As the manager of the procurement department of GaleCorp, I can finally return for my important meeting!",0,0,
,0e,77d3,,DR_LEO,DR_LEO,done,,"啊啊啊啊啊﹗﹗

巴洛特啊﹗
你來的剛剛好﹗

了不起的大發現
﹗","AAAAAAAHHH!!

Ballot! You're right on time!

There's been a major breakthrough!",0,0,
,0e,7809,,BALLOT,BALLOT_0,done,,了不起的發現﹖,A major breakthrough?,0,0,
,0e,781b,,DR_LEO,DR_LEO,done,,"我看了你的設計
圖﹐
這可是不得了的
東西喲﹗

這可是一台超越
想像的太空船﹗
太．空．船．哦
﹗

你為什麼會有這
張設計圖﹖","I took a look at those blueprints you gave me, and they're truly wonderful!

These blueprints are for a giant spaceship!

Where could you have gotten these?",0,0,
,0e,788a,,BALLOT,BALLOT_2,done,,"這是爸爸唯一留
下的東西⋯⋯

我一直在想﹐
如照著爸爸的
目標走﹐

一定可以相遇的
⚬","This is the only thing my father left behind..

I hoped that by following in his footsteps, I'd figure out where he went.",0,0,
,0e,78d6,,DR_LEO,DR_LEO,done,,"是這樣啊﹗

⋯⋯⋯⋯這是什
麼﹖

設計圖的『核』
﹐
怎麼有八個空白
的部份﹖

⋯⋯⋯

慢著⋯或許⋯⋯","Oh, I see...

Wait, what's this?

In the blueprints for the Core, there are 8 missing pieces...

Unless...",0,0,
,0e,792c,,DR_LEO,DR_LEO,done,,"就是這個﹗
『動力晶片』﹗
這是核心的
一部份﹗

就我所知﹐
這晶片共有八
個﹐
分別由八個科學
家保管⚬

喂喂～巴洛特﹗

你不是想找到你
爸爸嗎﹖
我們就來做個分
工：

我負責完成圖上
的太空船機體⚬

你就負責尋找﹐
剩下的七個動力
晶片﹐

好嗎﹖","I've got it!

These sections correspond to the power circuits, which are the most important piece of the core!

As far as I can gather, those chips should be in the possession of 8 scientists, and I have one of them.

Ballot!

You want to find your father, don't you? How about we make a deal?

I'll finish the hull of the spaceship, while you go and hunt down the other 7 chips so that we can make this thing fly.

How about that?",0,0,
,0e,7a00,,BALLOT,BALLOT_4,done,,"動力晶片﹖

爸爸一定也想解
開這個謎團⚬

好的﹗

雷歐博士～
我答應你⚬","Power circuits?

Dad must have been trying to solve the mystery of these little things.

Alright!

Dr. Leo, it's a deal!",0,0,
,0e,7a3f,,1B,4C,done,,"這個晶片﹖

我好像在董事長
那裡﹐
看過類似的東西
⚬

但董事長發生了
一件令人難過的
事情⋯

一言難盡⋯⋯

巴洛特要是來到
加爾企業﹐
我再幫你引見董
事長⚬

各位﹐再見了⚬","These circuits?

I think I remember the chairman having something like that once, but something unfortunate happened since then...

It's kind of hard to explain...

Ballot, if you come over to GaleCorp, I'll help you make an appointment with the chairman.

I've got to go now, see you!",0,0,
,0e,7ad8,,DR_LEO,DR_LEO,done,,"你不是想找到你
爸爸嗎﹖
我們就來做個分
工：

我負責完成圖上
的太空船機體⚬

你就負責尋找﹐
剩下的七個動力
晶片⚬","You want to find your father, don't you?

I'll finish the hull of the spaceship, so go and hunt down the other 7 chips so that we can make this thing fly.",0,0,
,0e,7b3a,,DR_LEO,DR_LEO,done,,"巴洛特～
慢著慢著﹗

先不要急著走⚬

這個給你﹗

這是晶片追蹤器
及傳送ＰＤＡ⚬

有了它﹐就可以
知道﹐
剩餘晶片的所在
位置了﹗

ＰＤＡ則是方便
你～
將得到的晶片﹐
傳輸給我⚬","Ballot, hold on! Don't leave in such a hurry.

This is for you!

It's a tracker to help you find the circuits, along with a PDA.

With this, you can find out where all the chips are!

The PDA will be convenient as well: you can use it to send the diagrams you find to me.",0,0,
,0e,7bcb,,BALLOT,BALLOT_1,done,,得到了追蹤器﹗,Got the Chip Tracker!,0,0,
,0e,7bda,,BALLOT,BALLOT_1,done,,得到了ＰＤＡ﹗,Got the PDA!,0,0,
,0e,7be9,,DR_LEO,DR_LEO,done,,"巴克～

你也跟著巴洛特
吧﹗

多個人﹐也好彼
此照應⚬","Buck, why don't you go with Ballot?

With more people in the party, it'll be safer for him to travel.",0,0,
,0e,7c1d,,BUCK,BUCK,done,,"博士．巴克．
巴克⋯",ＤＯＣＴＯＲ．．．． ＢＵＣＫ．．． ＢＵＣＫ．．．,0,0,
,0e,7c32,,DR_LEO,DR_LEO,done,,"我知道你在想什
麼﹗

等你回來～

我一定想辦法將
你變得像個人類
好嗎﹖","I know what you're thinking!

Once you return safely, I'll figure out something to make you more humanlike!

How about that?",0,0,
,0e,7c75,,BUCK,BUCK,done,,博士．真的﹖,ＤＯＣＴＯＲ．．． ＲＥＡＬＬＹ？,0,0,
,0e,7c82,,DR_LEO,DR_LEO,done,,"就這樣改一改⋯

就是這裡⋯

⋯⋯⋯

ＯＫ﹗
改造完畢﹗

巴克的新式機械
鳥﹐
將可搭載巴克﹐
飛過小型的凹地
﹗","Just tweak this, and solder that...

OK! The modifications are complete!

Buck, this brand new robot bird is for you!

I've named it Beattro, and it can carry you across small gaps in the road!",0,0,
,0e,7ce9,,BALLOT,BALLOT_1,done,,"巴克＆機械鳥
加入隊伍﹗",Buck and Beattro joined the party!,0,0,
,0e,7d01,,SYSTEM,VAST_FAME,done,,"星獸．機械鳥加
入隊伍⚬

如果將巴克置於
隊伍前頭﹐
可籍由機械鳥的
力量﹐
飛越地圖的小型
凹洞⚬","Star Beast Beattro joined the party. If Buck is leading the party, he can use Beattro's power to cross small holes in the ground.",0,0,
,0e,7d5d,,DR_LEO,DR_LEO,done,,"去吧～

到加爾企業﹐
尋找剩下的七個
動力晶片吧⚬","Go on! You can start at GaleCorp, and find the other 7 circuits from there.",0,0,
,0e,7d8b,,DR_LEO,DR_LEO,done,,"去吧～

到加爾企業﹐
尋找剩下的七個
動力晶片吧⚬","Go on! You can start at GaleCorp, and find the other 7 circuits from there.",0,0,
,0e,7db9,,BALLOT,BALLOT_2,done,,"這個洞⋯
該怎麼通過呢﹖",This hole... How will we cross it?,0,0,
,0e,7dd1,,BUCK,BUCK,done,,"巴洛特．巴克．
換．在排頭⚬

機械鳥．飛．地
洞⚬",ＢＡＬＬＯＴ！ ＬＥＴ ＢＵＣＫ ＬＥＡＤ． ＢＥＡＴＴＲＯ ＣＡＮ ＦＬＹ ＯＶＥＲ ＨＯＬＥＳ．,0,0,
,0e,7dff,,BALLOT,BALLOT_0,done,,"不行～
我們去找伊隼人
問天才機械發明
家的事情⋯⋯",No! I better ask Hayato about the genius mechanical inventor first...,0,0,
,0e,7e33,,DR_LEO,DR_LEO,done,,"如果沒有水晶村
的彩虹水晶的話
一定贏不了的⚬","Without the Rainbow Crystal, I'll never win...",0,0,
,0e,7e60,,BALLOT,BALLOT_0,done,,來吧﹗,Come on!,0,0,
script_tech_city_1,0f,4c56,,BLANK,1F,done,,"啊﹗
電力又回復了﹖

第一次覺得﹐
光明是這麼的幸
福⚬","Ah! The power is back?

I've never been this glad to see the light.",0,0,
,0f,4c89,,BLANK,1B,done,,"原來電力塔早就
被閃電隊佔領了

這次能回復電力
﹐
真是感謝你及雷
歐⚬","Apparently the power went out because of Team Volt.

Thank you, Ballot, for bringing it back!",0,0,
,0f,4cc8,,BLANK,16,done,,"好⋯好刺眼⋯⋯

眼晴好不容易習
慣了黑暗﹐
對於這麼亮的燈
光﹐
真有點吃不消⋯","It-It's blinding...

My eyes had just gotten used to the dark, and suddenly the blinding lights came back on...",0,0,
,0f,4d0f,,BLANK,19,done,,"果然需要雷歐出
馬﹐
才能打敗閃電隊
⚬

雷歐博士是最棒
的機械發明家⚬","In the end, Team Volt was only defeated with Dr. Leo's assistance.

He certainly is the best inventor in the world.",0,0,
,0f,4d50,,BLANK,17,done,,"你聽過加爾企業
嗎﹖

那可是二大知名
企業之一啊﹗

加爾企業及邦林
企業﹐
都是數一數二的
大企業喲⚬","Have you heard of Gale Enterprises?

It's one of the biggest companies in the world, second only to Bang Lin!",0,0,
,0f,4da4,,BLANK,21,done,,"嗚～嗚～

電燈又亮了﹐
人家又要上學了
﹗

嗚～～嗚～","Waaah!

The lights are back on, so we have to go to school!

Waaah!",0,0,
,0f,4dd5,,BLANK,16,done,,"這裡是科技城的
廢鐵集中場⚬

別看這些破破爛
爛的東西﹐
這些全是我的寶
貝﹗","This is the scrapyard of Tech City. They may look like pieces of junk, but to me, they're treasure!",0,0,
,0f,4e1b,,BLANK,12,done,,"前陣子的流星雨
﹐
打壞了通往多魯
市的道路⚬

這該怎麼辦呢﹖","That meteor shower earlier wrecked most of the roads from here to Dorington!

What shall I do?",0,0,
,0f,4e54,,BLANK,16,done,,"就是你救了博特
嗎﹖

實在是非常的感
謝﹗

這個就送給你了
﹐
真是相當的感謝
⚬","You were the one who saved Burt?

Thank you! Please take this as a token of my gratitude!",0,0,
,0f,4e9b,,BLANK,16,done,,"真是相當的感謝
⚬",I can't stress how grateful I am!,0,0,
,0f,4eae,,23,17,done,,非常的感謝您⚬,Thank you very much for the rescue.,0,0,
script_tech_city_2,0f,55c3,,BLANK,1D,done,,"哼﹗

小毛用他的長腳
龜一號欺負人家

人家才不要﹗﹗

爸爸～
好不好啦～
爸爸～

幫人家改裝這台
粉紅豬三號啦﹗","Hmph! Hairy's been bullying people with Tourtega Mk.I!

Dad, please help me modify Pippo Mk.III to stop him!",0,0,
,0f,5627,,BLANK,1C,done,,"衝呀﹗

我的高速賽車～
長腳龜一號﹗

只要那些壞人再
來的話﹐
我就用這個打敗
他們﹗","Take a look! My high-speed racing car! Tourtega Mk.I! If those scoundrels come again, I'll beat them with this!",0,0,
,0f,5673,,BLANK,1F,done,,"很久很久之前﹐
雷歐的曾祖父和
其他七名科學家
曾經拯救過地球
⚬

所以城裡的人都
尊敬他⚬","A long time ago, Leo's great-

grandfather and seven other scientists saved the Earth, so everyone in this city respects him.",0,0,
,0f,56ca,,BLANK,19,done,,"雷歐博士已經上
了年紀﹐
又沒有小孩子⚬

所以製造了一隻
叫巴克的機器人

是我的錯覺嗎﹖

每次一看到巴克
﹐
就覺得他很憂鬱
⋯⋯","Dr. Leo is aging, yet he has no children.

So, he built a robot named Buck.

Is it just me, or is it that every time I see Buck, I get the feeling that he is somewhat depressed...",0,0,
,0f,573b,,BLANK,16,done,,"科技城是座室內
都市﹐
照明的設備都需
要電力來驅動⚬

可是﹐
為了要防止類似
這種形情發生﹐
電力塔內設有特
殊防範措施啊﹗

真是奇怪⋯","Tech City is an enclosed city, and all our lights are electric lights.

But there are special precautions in the power station to prevent situations like this from happening!

How odd...",0,0,
,0f,57ad,,BLANK,13,done,,"要大家湊這三千
萬﹐
真是開玩笑﹗

把這個藏起來～

荳荳﹗
那個也是﹗

呀﹗﹗
你看到了什麼嗎
﹖

我什麼都沒有做
唷﹗","What a joke!

They're asking everyone to chip in to cover the ¥30 million they lost!

Hide this!

That one too! Yeah!

Did you see anything? There's nothing here, buddy!",0,0,
,0f,5811,,BLANK,1B,done,,終於來電了﹗,"Hey, the power's back!",0,0,
,0f,5820,,1D,1A,done,,"媽媽﹖

荳荳這台光速美
少女初號機﹐
要不要藏起來﹖

荳荳的光速美少
女初號機﹐
價值９４５６億
喲﹗","Mom? Do you want to hide Dot's machine too?

It goes at the speed of light! It's probably worth ¥9456 billion!",0,0,
,0f,5877,,BLANK,13,done,,不．用﹗,There's no need!,0,0,
,0f,5881,,1D,1A,done,,"荳．荳．要．藏
．起．來．啦﹗",I'll hide it anyway!,0,0,
,0f,58a2,,BLANK,13,done,,"糟糕⋯

我的水藍鑽石項
鍊﹐
藏到哪裡去了﹖",Darn it... Where did my diamond necklace go?,0,0,
,0f,58cc,,1D,1A,done,,"荳荳這台光速美
少女初號機﹐
找到一個藍色石
頭⚬

光速美少女初號
機～～
使用價值９４５
６億的粉碎鑽頭

粉碎藍色石頭﹗","Dot's lightspeed machine found a diamond, and it used its drill (worth ¥9456 billion) to crush it to pieces!",0,0,
,0f,5936,,BLANK,13,done,,"慢⋯慢．著﹗
哇﹗﹗﹗﹗﹗","W... Wait, what?! 

Aaah!",0,0,
script_tech_healing_center,0f,4efb,,14,25,getchoice String_1cc5,,"需要妮可治療嗎
﹖",Do you need my treatment?,0,0,
,0f,4f13,,1A,25,getchoice String_1cc5,,"這裡是星獸膠囊
存放銀行⚬

需要艾娜的服務
嗎﹖",This is the Star Beast Storage Bank. Do you need my help?,0,0,
script_tech_shop,0f,4ebe,,19,22,done,,"電力又回復了﹐
一大堆帳要補登
記⋯

忙死了⋯⋯

需要什麼服務嗎
﹖","The electricity is back, so I have a pile of documents to work on..

I'm very busy, so is there anything you need?",0,0,
script_traveling_ship_18_1,58,5052,,43,50,done,,"哎呀～
老公他們昨晚出
去後﹐就沒再回
來了～

今晚回來一定會
大叫的說
『唉～累翻了』

我來準備一餐～
超．級．大．餐",,0,0,
,58,50bb,,44,4D,done,,吱吱～吱﹗,,0,0,
,58,50c8,,43,50,done,,"哇～啊啊啊啊﹗
救命啊～
救命啊～",,0,0,
,58,50e9,,43,50,done,,"救救救救命啊﹗
老老老老老鼠﹗

怎麼辦～
怎麼辦～
老公他們要回來
了﹐我的大餐還
沒有做好﹗",,0,0,
,58,5138,,43,50,done,,"你說什麼﹖
詭異的笛聲﹖

那種東西﹐才不
可怕呢﹗

我兒子的音樂也
很厲害﹐聽了手
腳都會無法控制
但是﹐只要戴上
了我的絕緣耳機
﹐就什麼都聽不
到了⚬",,0,0,
,58,51c4,,43,50,done,,"真是糟糕～
再不做飯的話﹐
就來不及了⚬

我那地理科學家
的老公就要回來
了﹗
我們談談好嗎﹖

你幫我到甲板下
捉老鼠﹐我安心
的做飯⚬
我老公及小孩就

可以幸福的回來
吃飯⚬

這樣是不是很完
美呢﹖

就用絕緣耳機當
做交換的條件﹗
就這麼說定了﹗",,0,0,
,58,5294,,43,50,done,,"真是糟糕～
再不做飯的話﹐
就來不及了⚬

我那地理科學家
老公就要回來了
我們談談好嗎﹖

你幫我到甲板下
捉老鼠﹐我安心
的做飯⚬
我老公及小孩就
可以幸福的回來
吃飯⚬

這樣是不是很完
美呢﹖

就用絕緣耳機當
做交換的條件﹗
就這麼說定了﹗",,0,0,
script_traveling_ship_18_2,58,54f9,,43,50,done,,"啊～真是可怕﹗
那些從船裡游出
去的老鼠﹐在比
底斯海域形成一
條噁心的線⋯⋯

不過還是要感謝
你﹗拿去～
這是我們約定的
東西⚬",,0,0,
,58,556e,,BALLOT,BALLOT_5,done,,得到絕緣耳機﹗,,0,0,
,58,557e,,43,50,done,,"不行了～
真的快來不及了
要在他們回來之
前﹐煮好晚餐才
行⚬

他們一定又會說
『蒂朵是全世界

最好的廚師』﹗
嘻嘻嘻～",,0,0,
,58,55ea,,43,50,done,,"不行了～
真的快來不及了
要在他們回來之
前﹐煮好晚餐才
行⚬

他們一定又會說
『蒂朵是全世界

最好的廚師』﹗
嘻嘻嘻～",,0,0,
,58,5656,,BALLOT,BALLOT_4,done,,"詭異的笛聲又來
了⋯⋯
意識又⋯開始模
糊了⋯⋯

得趕快將耳機戴
起來﹗",,0,0,
,58,5697,,BALLOT,BALLOT_5,done,,"戴起耳機後﹐果
然就聽不見任何
聲音了﹗",,0,0,
script_traveling_ship_19,58,535f,,44,4D,done,,吱吱吱吱﹗,,0,0,
,58,536a,,44,4D,done,,吱～吱吱﹗,,0,0,
,58,5377,,44,4D,done,,"吱﹗吱﹗吱﹗吱
﹗",,0,0,
,58,538c,,BALLOT,BALLOT_5,done,,"克勞德﹐牠們在
說什麼﹖",,0,0,
,58,53a5,,CLAUDE,CLAUDE_4,done,,"牠們說⋯⋯
笨蛋人類又來了",,0,0,
,58,53c0,,BALLOT,BALLOT_3,done,,"真是可惡﹗
看我的厲害﹗",,0,0,
,58,53d7,,BALLOT,BALLOT_3,done,,不要跑﹗,,0,0,
,58,53e1,,44,4D,done,,吱～吱吱～,,0,0,
,58,53ee,,44,4D,done,,吱﹗﹗﹗吱吱﹗,,0,0,
,58,53fd,,44,4D,done,,吱吱吱吱吱吱～,,0,0,
,58,540a,,BALLOT,BALLOT_5,done,,"克勞德﹐牠們又
在說什麼﹖",,0,0,
,58,5425,,CLAUDE,CLAUDE_4,done,,"牠們說⋯⋯
人類才不是笨蛋
是⋯⋯⋯白痴⋯",,0,0,
,58,544c,,BALLOT,BALLOT_3,done,,"真是可惡﹗
看我的厲害﹗",,0,0,
,58,5463,,BALLOT,BALLOT_3,done,,不要跑﹗,,0,0,
,58,546d,,44,4D,done,,吱吱﹗﹗,,0,0,
,58,5477,,44,4D,done,,吱吱～吱吱～,,0,0,
,58,5485,,44,4D,done,,吱⋯⋯,,0,0,
,58,548e,,BALLOT,BALLOT_5,done,,"克勞德﹐牠們又
說什麼﹖",,0,0,
,58,54a7,,CLAUDE,CLAUDE_0,done,,"他們說『算你們
狠﹐我要離家出
走了』﹗",,0,0,
,58,54cf,,BALLOT,BALLOT_5,done,,"真是驕傲的老鼠
不過希望牠們不
會再回來了⚬",,0,0,
script_traveling_ship_51,58,644a,,46,6E,done,,"藍特～
你回來啦﹗
出去旅行要特別
小心唷﹗",,0,0,
,58,6475,,43,50,done,,"藍特﹗
居然敢離家出走
也好﹗

不可以變成不良
少年唷﹗",,0,0,
,58,64a8,,43,50,getchoice String_1cc5,,"那是什麼聲音﹖
甲板下好像又有
老鼠了﹗

巴洛特﹐就算幫
我的忙好了﹗
幫我趕跑那些老
鼠好嗎﹖",,0,0,
,58,6503,,43,50,done,,"啊﹗藍特怎麼可
以跟那種自私的

朋友一起旅行呢
﹖",,0,0,
,58,6534,,43,50,done,,那就謝謝你了﹗,,0,0,
,58,6543,,43,50,done,,"甲板下好像又有
老鼠的聲音﹗

巴洛特﹐幫我
把牠們趕跑啦﹗",,0,0,
,58,657b,,43,50,done,,"真是感謝﹗
這個就給你了﹗
不曉得為什麼﹐
這裡的老鼠還真
多呀﹗",,0,0,
,58,65b7,,BALLOT,BALLOT_1,done,,得到了ｘｘｘ﹗,,0,0,
,58,65c6,,43,50,done,,"真是感謝﹗
這個就給你了﹗
老鼠的聲音聽來
少多了⋯⋯",,0,0,
,58,65f5,,BALLOT,BALLOT_1,done,,得到了ｘｘｘ﹗,,0,0,
,58,6604,,43,50,done,,"太感謝了﹗
這個就給你了﹗
甲板下﹐應該已
經沒有老鼠了吧",,0,0,
,58,6639,,BALLOT,BALLOT_1,done,,得到了ｘｘｘ﹗,,0,0,
,58,6648,,43,50,done,,"我最討厭老鼠了
﹗",,0,0,
signposts_1,c,40a7,,,,done,,往學校,↑School,0,0,
,c,40af,,,,done,,往天文台,→Observatory,0,0,
,c,40b8,,,,done,,貝爾村,Bell Town,0,0,
,c,40c0,,,,done,,天文台,Observatory,0,0,
,c,40c7,,,,done,,往廢鐵場,↑Scrapyard,0,0,
,c,40d1,,,,done,,往水晶村,↑Crystal Town,0,0,
,c,40db,,,,done,,科技城廣場,Tech City,0,0,
,c,40e6,,,,done,,發電廠,Power Plant,0,0,
,c,40ed,,,,done,,水晶村,Crystal Town,0,0,
,c,40f5,,,,done,,"礦坑
閒人勿進","Crystal Mines

NO ENTRY!",0,0,
,c,4103,,,,done,,↑貝爾村,↑Bell Town,0,0,
,c,410d,,,,done,,↑科技城,↑Tech City,0,0,
,c,4116,,,,done,,→多魯市,←Dorington,0,0,
,c,4120,,,,done,,↑水晶村,↑Crystal Town,0,0,
,c,412a,,,,done,,↓科技城,↓Tech City,0,0,
,c,4133,,,,done,,↓發電廠,↓Power Plant,0,0,
signposts_2,0c,4152,,,,done,,多魯市,Dorington,0,0,
,0c,415a,,,,done,,→鐘塔,←Clock Tower,0,0,
,0c,4162,,,,done,,↓山達農莊,↓Mountreach Farm,0,0,
,0c,416d,,,,done,,山達農莊,Mountreach Farm,0,0,
,0c,4176,,,,done,,→咖啡林,←Coffee Forest,0,0,
,0c,417f,,,,done,,↑多魯市,↑Dorington,0,0,
,0c,4189,,,,done,,↓山達農莊,↓Mountreach Farm,0,0,
,0c,4194,,,,done,,"↑咖啡林
→天之岩
↓山達農莊","↑Coffee Forest

←Sky Rock

↓Mountreach Farm",0,0,
,0c,41af,,,,done,,咖啡林,Coffee Forest,0,0,
,0c,41b6,,,,done,,天之岩,Sky Rock,0,0,
signposts_3,0c,41cb,,,,done,,↑機場,↑Airport,1,0,
,0c,41d3,,,,done,,天之都,Sky City,1,0,
,0c,41da,,,,done,,→綠色樹海,←Green Forest,1,0,
,0c,41e5,,,,done,,↑天之都,↑Sky City,1,0,
,0c,41ee,,,,done,,綠色樹海,Green Forest,1,0,
,0c,41f7,,,,done,,邦林企業,Bang Lin Enterprises,0,0,
signposts_4,0c,4216,,,,done,,神木村,,1,0,
,0c,421e,,,,done,,→奇蹟之泉,←Spring of Miracles,1,0,
,0c,4229,,,,done,,↓雷達站,↓Radar Station,1,0,
,0c,4233,,,,done,,←神木村,,1,0,
,0c,423d,,,,done,,"↑神木村
↓雷達站",,1,0,
,0c,4250,,,,done,,雷達站,Radar Station,1,0,
,0c,4258,,,,done,,人魚村,Mermaid Village,1,0,
,0c,4260,,,,done,,海巫之殿,Temple of the Sea Witch,1,0,
,0c,426a,,,,done,,生之谷,Valley of Life,1,0,
,0c,4272,,,,done,,"↑生之谷
 死之谷","↑ Valley of Life

 Valley of the Dead",1,0,
,0c,4283,,,,done,,"↓神木村
←地熱城",,1,0,
signposts_5,0c,42a5,,,,done,,星夢城,Star Dream City,1,0,
,0c,42ad,,,,done,,往學校,School,1,0,
,0c,42b5,,,,done,,↓海邊,↓Seaside,1,0,
,0c,42bd,,,,done,,→永凍園,←Frozen Garden,1,0,
,0c,42c7,,,,done,,星夢城醫院,Star Dream City Hospital,1,0,
,0c,42d3,,,,done,,永凍園,Frozen Garden,1,0,
,0c,42db,,,,done,,"怪獸凶猛
請小心﹗",Warning: Monsters Ahead,1,0,
signposts_6,0c,42f9,,,,done,,←金鋼山,→Golden Mountain,1,0,
,0c,4303,,,,done,,應力研究所,Stress Research Institute,1,0,
,0c,430e,,,,done,,→空中港口,←Airport,1,0,
,0c,431a,,,,done,,金鋼山,Golden Mountain,1,0,
,0c,4322,,,,done,,打鐵鋪,Iron Shop,1,0,
stat_names,2b,4a30,StatNames_Text,,,line,,攻擊防禦速度法力魔防,,0,0,
store_price_options,1e,6ece,,,,return,,５００元,¥500,0,0,
,1e,6ed5,,,,return,,１０００元,¥1000,0,0,
,1e,6edd,,,,return,,１５００元,¥1500,0,0,
,1e,6ee5,,,,return,,２０００元,¥2000,0,0,
,1e,6eed,,,,return,,２５００元,¥2500,0,0,
worldmap_names,62,411e,WorldMapNames,,,line,,貝爾鎮,,0,0,
,62,4124,WorldMapNames_4124,,,line,,科技城,,0,0,
,62,412a,WorldMapNames_412a,,,line,,水晶村,,0,0,
,62,4131,WorldMapNames_4131,,,line,,水晶礦坑,,0,0,
,62,4139,WorldMapNames_4139,,,line,,發電廠,,0,0,
,62,413f,WorldMapNames_413f,,,line,,多魯市,,0,0,
,62,4146,WorldMapNames_4146,,,line,,多魯市,,0,0,
,62,414d,WorldMapNames_414d,,,line,,山達農莊,,0,0,
,62,4155,WorldMapNames_4155,,,line,,咖啡林,,0,0,
,62,415b,WorldMapNames_415b,,,line,,天之岩,,0,0,
,62,4161,WorldMapNames_4161,,,line,,天之都,,0,0,
,62,4167,WorldMapNames_4167,,,line,,綠色樹海,,0,0,
,62,416f,WorldMapNames_416f,,,line,,鐘塔祕門出口,,0,0,
,62,417c,WorldMapNames_417c,,,line,,東漁市,,0,0,
,62,4183,WorldMapNames_4183,,,line,,地熱城,,0,0,
,62,4189,WorldMapNames_4189,,,line,,神木村,,0,0,
,62,4190,WorldMapNames_4190,,,line,,生之谷,,0,0,
,62,4197,WorldMapNames_4197,,,line,,死之谷,,0,0,
,62,419d,WorldMapNames_419d,,,line,,雷達站,,0,0,
,62,41a4,WorldMapNames_41a4,,,line,,星夢城,,0,0,
,62,41ab,WorldMapNames_41ab,,,line,,永凍園,,0,0,
,62,41b2,WorldMapNames_41b2,,,line,,預售屋,,0,0,
,62,41b9,WorldMapNames_41b9,,,line,,巴爾之都,,0,0,
,62,41c2,WorldMapNames_41c2,,,line,,金鋼山,,0,0,